kills,deaths,assists,cspm,earnedgpm,dpm,damageshare,vspm,goldat15,xpat15,csat15,golddiffat15,xpdiffat15,killsat15,assistsat15,deathsat15,year,position,is_lck
3,1,3,6.143168424676705,338.8049552065833,616.4715547731548,0.13885893717093242,1.8955549511294372,5763.0,6659.0,,101.01113067023087,-562.81245074118,0,4,1,2024,jng,0
4,1,5,6.653953522461837,457.1484786554699,445.22385050926266,0.17271924753931822,1.4936781795324547,5927.0,6549.0,,32.01364277373429,485.95944851475303,3,6,1,2024,mid,1
2,3,11,8.388827459251031,334.47596692595124,504.49988783125883,0.1567652063194977,1.3732389919633836,5601.0,6048.0,98.0,-284.5464399202424,116.3198302762842,0,3,0,2023,top,0
4,1,6,6.176365734618167,457.62113677604793,323.9722360036294,0.2544010758325744,1.4450197940429774,5161.0,6004.0,89.0,-295.9132158839948,-434.6916003677291,1,5,0,2024,mid,0
2,0,3,10.074619347857535,418.59981259651215,466.0399560738257,0.3399794735155697,0.9413578007159925,6330.0,6113.0,99.0,554.8006050369954,-482.3792115862741,0,3,1,2023,sup,1
3,2,6,8.572149744071568,236.49725904327155,615.528155383592,0.2932376170095629,1.678176280008882,5514.0,6108.0,,,-49.638437491737186,0,3,2,2023,bot,0
5,1,7,5.662982301579961,324.8710178775599,598.3807582392418,0.18919167523473296,1.5322827659248237,5114.0,5978.0,101.0,-118.62861929237118,-216.26693658940565,1,1,1,2022,mid,0
4,2,5,7.748176873775992,373.2789832791675,364.2494126524904,0.23039488540147052,1.456142945731432,6592.0,6197.0,133.0,166.66139956593068,467.368477322264,0,2,0,2023,mid,1
1,1,4,8.063344914258472,317.8158034584039,422.98255792796107,0.3265277259988132,1.2568694217478498,6059.0,5585.0,80.0,-130.41650135601031,,0,1,0,2022,bot,0
3,3,9,6.717036104843995,426.49079035134974,514.3382896460222,0.10069019812382278,1.5643168460125003,,5398.0,99.0,247.98654584981114,26.82953747846888,1,0,1,2024,top,1
4,2,5,7.434145212366232,446.85421025594195,570.2438592980882,0.23937234893810172,1.6248978497133393,5370.0,6648.0,99.0,-1186.1037921095253,-885.8898330464746,2,1,1,2023,top,0
2,3,5,7.282111001075289,375.5485417233933,552.0871804389142,0.25971915815822205,1.53842479074885,5409.0,5901.0,92.0,-256.31911587949094,-167.90151267283233,3,1,1,2024,bot,0
5,3,10,8.226634133695805,311.10548921300517,359.0321705267621,0.2304552261666289,1.7439128993805215,,6431.0,113.0,202.9480739668041,98.83074621039594,1,3,1,2022,top,0
1,3,8,9.366652133236917,304.3537386817207,627.8161958544684,0.2010701967738205,2.224216232368661,7198.0,6548.0,121.0,103.8095492458952,-267.81249952807445,1,4,2,2023,mid,0
3,1,4,7.899775278350528,341.5806971464399,545.100284410949,0.2234462472815136,1.6543670882002952,5534.0,5787.0,107.0,,-125.12378926302172,3,0,2,2024,sup,0
2,1,9,6.742211075364012,266.926993997315,566.1846119705535,0.02,1.7673493107271205,5679.0,5894.0,76.0,74.50983662463713,,1,7,1,2023,sup,0
5,3,3,7.2477164117863815,374.1100673506344,580.6371316703791,0.2717879898299744,2.099117138226543,5329.0,6095.0,94.0,310.0407014916757,-498.2498061746186,1,2,1,2024,sup,1
0,4,6,7.539152660444494,354.80694928437646,633.1307750965407,0.24039336583463378,1.8281165089985232,6740.0,6955.0,106.0,-849.4482717340046,-9.254508235125002,0,5,0,2023,bot,0
2,5,6,6.533313451533282,393.59314819560296,497.38335150396347,0.19919257898108625,0.5158120973645537,5031.0,6340.0,98.0,531.7200404292605,713.8661393523364,1,5,2,2022,jng,1
10,5,6,6.0228672114600865,363.32549045393273,406.4923695923584,0.1727837836494419,0.8058537125864838,5510.0,5899.0,86.0,303.3581327092497,-3.4425074469604837,0,5,1,2022,bot,0
3,7,3,7.469325522960491,398.51353357008844,437.6768693238485,0.12970019391763815,2.3025874352733666,5361.0,,82.0,356.4372441140385,253.75392177464778,3,1,0,2024,jng,0
5,1,6,7.288186847518461,400.58403748552973,633.3992438952387,0.07677508276263359,1.625440924719555,5786.0,5918.0,109.0,176.19102379002095,-33.52755945621135,1,3,0,2024,top,0
4,1,8,8.165826899956457,457.3025292784098,495.8385832440497,0.3223063106830665,0.5019056890666214,6237.0,5923.0,95.0,446.26629215094204,793.862281126688,4,3,2,2022,mid,1
2,2,11,8.004995685409263,358.6864312538042,591.6353043826088,0.21279241813971786,1.1080370403958257,6450.0,4792.0,100.0,-397.3165415657202,,1,2,0,2023,top,1
0,3,6,8.366329726949116,489.9089848491802,626.4109488970087,0.1493158245654675,1.2562811146392314,7049.0,5959.0,95.0,425.8311225615738,213.25828549641892,1,3,0,2022,jng,1
2,2,3,9.163618449612114,386.01781266072794,633.3642574977772,0.26541145872601146,1.2215361080155445,6210.0,5489.0,128.0,-169.41562006958821,-459.80421830615296,1,3,0,2024,jng,1
2,4,5,6.394905606993454,300.7187202654093,612.3120289395202,0.15557375492354678,0.9711310510105868,5905.0,5755.0,,337.0333947697785,-655.1548181185154,2,4,0,2024,mid,0
3,1,7,7.388522325393869,379.2987510874498,508.9863610603644,0.14562268116415006,1.3802903752145503,,5259.0,119.0,923.6921956868263,-276.1462380298018,1,2,0,2024,jng,1
2,2,7,6.791890252993277,423.8003436826434,529.6507593989869,0.3446770826867054,1.555894646467504,6618.0,6555.0,83.0,-154.30481382335995,-157.89943387859182,0,3,2,2023,sup,0
1,1,8,9.706193800715187,365.360552873249,587.6376427481159,0.26839732914677916,0.8635155518425591,6862.0,5504.0,106.0,648.2503142874732,271.4342303768093,2,1,2,2023,jng,1
0,3,10,7.276406934840109,427.403931678724,530.8542803845794,0.15012163988890828,1.8561907165471083,6071.0,6121.0,94.0,-173.56124078721263,-377.7393904348674,4,4,3,2023,bot,0
3,2,7,8.294655007800941,441.74999233294255,601.7814475286676,0.19636476708530531,0.5520698671971381,6122.0,5586.0,121.0,,,3,2,2,2022,mid,0
4,3,5,4.664196472381431,320.46059892455975,454.534571855828,0.4718600365871174,1.1730997054652172,4912.0,6035.0,115.0,,6.0509907129070015,2,1,2,2022,mid,0
6,3,3,10.124042451841051,443.4560385553377,487.0904124216775,0.2496958956071111,0.3,5640.0,6306.0,85.0,,-70.3848533180437,1,4,1,2022,jng,1
3,3,6,8.064113895311314,358.1918503036154,428.31112202468853,0.1669422467022188,1.218088535923708,5445.0,4391.0,114.0,-621.6372617017782,178.6105196923511,0,3,1,2023,top,0
1,2,8,7.461472300673462,368.92497235931904,384.667483872895,0.21554526931104018,1.2479617226899395,4922.0,5787.0,116.0,-201.8213765194498,-158.9826274647619,0,3,1,2024,bot,0
5,3,7,6.448722404573187,321.3919459949354,379.08830568782724,0.3115945793023341,1.3949336280522928,,5443.0,68.0,219.05002015010987,18.068115677085842,1,2,1,2023,top,1
0,3,6,9.77605894174345,459.6122174723461,275.1543017278261,0.19256143459723343,1.279940531690265,5981.0,6376.0,82.0,-392.6551585223567,-154.96732894069572,2,3,1,2022,mid,1
5,4,4,7.925670927364019,377.3747580747827,643.3502196932238,0.29732517197574304,1.5140735334472464,5284.0,6918.0,89.0,799.0679970920424,234.8396499671353,1,2,1,2024,mid,0
2,2,6,7.425714807612543,253.51235930464236,714.2540214987168,0.3971970022566678,1.0952388045924772,4933.0,6556.0,90.0,,-393.9117196049156,1,2,1,2024,top,0
2,2,3,6.860963244614162,302.53304231883004,386.7510000328009,0.17408220720173517,1.30308414969161,6324.0,6143.0,84.0,-41.100205634808994,-448.6481347182762,4,1,2,2022,jng,0
4,2,5,6.115649395000089,430.8573756798037,354.1057625542061,0.10177673813206631,0.6473854096914109,6319.0,6092.0,90.0,-642.9232367023543,527.9132116622783,2,0,2,2024,top,0
1,4,4,7.7595990025593595,240.28560877259844,646.6863799401901,0.11767150759580933,1.3733570940232294,5727.0,6579.0,94.0,990.1499932326103,220.44262880668168,0,7,2,2023,top,0
4,4,6,10.533124114749109,404.935239344763,498.2065307175053,0.14164695831692012,0.7723728830930509,6009.0,6116.0,89.0,402.2666688897254,-217.7261807227345,0,3,0,2022,jng,0
3,5,4,8.100370645167054,354.3827022886505,622.8242563615617,0.37947769160897316,1.433794691346457,5502.0,6583.0,108.0,123.10661187323035,318.9018958933887,3,1,0,2022,top,0
2,3,6,6.45017476290267,358.73336489653695,833.24377278049,0.20567508863283346,2.273550814514141,5091.0,6406.0,,701.4388069948374,-208.77725566144875,3,0,0,2023,bot,0
1,2,7,8.421871982464687,360.6897006140434,597.2816725230709,0.16373152600637436,1.2976065300160413,6147.0,5904.0,120.0,4.59913989170397,-4.4998973469753025,5,3,2,2023,mid,0
6,3,4,6.3201564951224265,435.0166747419813,564.8724156776358,0.1396191909379243,1.7342915265854868,6553.0,,146.0,-329.56456044448583,434.47271226204526,0,1,3,2022,sup,0
4,0,5,8.957388003323972,365.5489625653487,394.9745560361152,0.17311993196725972,1.2326170375603787,5482.0,6634.0,99.0,251.3174991858442,559.6749024372358,1,1,0,2023,bot,0
0,3,7,6.147894168780231,386.55668745667623,586.2490884718258,0.1987519499520755,0.769801348117424,6145.0,5024.0,85.0,,-557.883346253175,2,2,0,2023,jng,0
1,3,8,7.224819174044395,299.38103068124855,254.23564907564537,0.25751919158322645,1.4350046855428027,,,98.0,86.68517307893387,-48.68746684846247,3,3,2,2022,mid,0
5,1,6,8.260538874449205,409.62598029089855,695.9006190693527,0.160858864722144,1.178397427690723,6206.0,6724.0,91.0,312.63139410024394,284.01174872232065,1,2,1,2024,top,1
4,3,5,5.893407433944197,335.61852551998766,655.026870238749,0.2988019492577193,1.7526993842762038,5526.0,6245.0,102.0,-940.0629091817017,-115.42433914401254,2,5,1,2023,sup,0
6,6,9,6.190931854757972,296.0154145933108,699.9329140974673,0.11274187271116101,1.5383621844514852,5642.0,6148.0,124.0,-605.7140389777487,708.0050706081261,3,4,4,2024,jng,0
5,0,5,7.312230727001455,313.1596844959142,671.2554195948633,0.33561640709998036,0.8510140670445342,5909.0,5299.0,86.0,-414.1957356676894,62.96124431575139,1,1,1,2023,sup,0
3,1,5,7.825282954082625,417.2383221886111,189.20939708297283,0.22483954274054258,1.2047922820526669,4936.0,5689.0,58.0,-775.9468942830864,0.5848781362763447,2,1,1,2023,jng,0
3,3,7,7.768137752988316,398.9797321737152,565.4288248839885,0.2059226411012468,1.1574812900701967,5938.0,5767.0,,-289.2871404208129,-412.0723925742229,1,1,2,2024,mid,0
3,1,6,8.30879643502417,250.81755776150166,486.338214458539,0.16766825022014353,1.564271600932091,4720.0,6621.0,116.0,-54.792537196083,-209.49923400349982,3,3,2,2022,bot,0
5,3,4,6.308687146724839,295.1014557293531,761.2473152712062,0.24581213243050565,1.5038025088497462,5849.0,5758.0,98.0,-440.2638594851748,609.0389767611456,1,3,2,2022,sup,0
3,0,4,8.099072157388697,416.73418508662496,571.3862406658502,0.13579997234859653,1.9265916881790761,6044.0,5753.0,102.0,-344.8618893791273,-251.39199843502698,3,3,1,2022,sup,0
5,4,5,7.786627035795434,431.2616419280639,494.810308745589,0.2162553414805655,1.8974944129420597,6498.0,5648.0,114.0,220.3665601932319,4.872570690040575,2,2,1,2022,bot,1
3,0,7,7.169680099483377,385.9785627129354,509.9928934926094,0.14761258018677986,1.3083360214888822,6093.0,,127.0,459.9733203097577,,1,3,0,2024,mid,0
0,2,5,5.856407080374515,342.2861628813797,770.9499425600512,0.22193025964461766,1.1293850000191576,5342.0,6703.0,85.0,-29.080210627335852,-485.89967184731404,1,3,1,2023,jng,0
3,0,2,7.370987132271277,356.7573453756612,259.73664344631993,0.1595703849426578,1.092720151792558,6256.0,5618.0,93.0,514.5059157785638,-361.6983600804204,2,0,1,2022,jng,1
1,3,5,7.2127461913335456,317.7662175565713,486.5673472486689,0.1420310401789856,1.669431549894302,6310.0,6668.0,88.0,757.707754961102,450.2600525839691,7,3,2,2024,sup,1
1,3,8,7.988555648478893,397.43818884733525,645.4361302393671,0.15977818881245295,1.920203670357044,6715.0,7013.0,109.0,-43.912862302205504,-2.837060705188094,1,4,3,2023,mid,0
4,2,3,6.692766034363485,324.74909418255305,449.38607089354946,0.29994034994244345,0.7988201003204755,5677.0,6051.0,80.0,607.7623214808835,-449.3025601244619,2,4,1,2022,top,0
2,2,8,7.240854619118862,277.0544251675758,572.7830391819034,0.39341202092249716,2.310210855006757,5633.0,6421.0,97.0,435.555629295219,-381.69780189402144,8,2,1,2023,sup,0
5,6,6,8.649367223430126,318.89375576008456,746.4706637193337,0.26851380518548545,1.2311677368124516,5612.0,6878.0,90.0,-184.57941913974753,-82.02341460552717,1,6,1,2024,sup,0
4,1,6,7.260734471576909,320.3950043941814,674.320258649512,0.11930701182181544,1.4472625853400254,5457.0,6978.0,99.0,163.57979619607042,110.43851411963311,1,1,0,2024,jng,0
0,1,5,8.073135354631104,377.94554534900135,695.3937334166698,0.19705749522575255,1.355473699526182,5506.0,,100.0,-167.87207951975864,93.83511793590849,2,3,1,2023,bot,1
7,4,8,7.633955538819704,367.689505020384,556.6010373759107,0.23879411680585724,1.1216602599318293,6891.0,5875.0,105.0,,-52.48696075765396,1,4,1,2023,top,0
4,1,4,7.509843482733026,438.75542161265633,685.2159676350831,0.3456820721691685,1.3872262342578705,5615.0,6093.0,112.0,727.0225008532182,75.89281006897008,3,4,2,2023,top,1
0,6,9,8.713372315835013,407.89765681867306,388.2819846883297,0.28056565690433904,1.6833406800056063,5096.0,6077.0,105.0,467.7058537781483,423.9701892743533,1,1,3,2024,bot,1
2,3,5,8.982737001921036,402.42245758451,873.4762591538713,0.21620163454476546,2.312317472029606,6199.0,6619.0,66.0,-638.1749225477387,-379.239634501406,1,1,0,2023,jng,0
4,1,2,7.5369575286284105,381.63174151830526,764.1540572461665,0.1067523303430729,1.2945271136534637,5137.0,6618.0,109.0,-101.15571020989225,,4,4,3,2023,sup,0
0,3,5,9.353981536023342,430.7911109720234,591.089746948264,0.302863646903183,1.4062290240937656,,5947.0,91.0,460.7893099695248,138.5213993787499,1,0,0,2024,bot,1
4,4,4,6.410248012512757,353.79957613970385,384.794663330387,0.3456914457626061,0.9969017586739333,5817.0,,98.0,-622.9611485809379,582.1643337171216,0,0,0,2024,mid,0
4,1,8,8.841284050191005,340.8919836374914,667.7248746474764,0.32147715643144964,1.5982046337980744,5748.0,6296.0,80.0,-246.5495316389301,152.19298040986044,1,2,1,2022,sup,0
5,2,5,8.727541245457331,460.8659682021437,457.6973867931399,0.18305631190965926,1.3990899708561815,4843.0,6485.0,105.0,-184.53344402375745,101.53070154367256,1,4,1,2024,mid,1
2,4,5,8.519026521680628,301.9327800113502,501.53454181760657,0.3321145329452747,1.5074048417151653,4753.0,5898.0,104.0,-61.45621471192666,-12.140226276763187,2,2,1,2023,sup,0
4,7,3,7.440051403862263,469.3188661876661,693.4609222928428,0.3124711508776528,2.3006464111142706,5516.0,6277.0,115.0,212.19898947659772,819.6321853372898,2,3,1,2024,top,1
0,2,4,7.120779705392397,319.4798205020445,692.7199105985586,0.29376131151740936,1.3243071999361993,5895.0,5711.0,,107.2958509906604,41.122318799269095,1,1,0,2023,mid,0
3,4,5,8.016932480889439,357.7965994067199,631.5155658401372,0.1504525698543745,1.47271176021001,6383.0,5337.0,81.0,-1050.345240762513,,1,7,1,2022,mid,0
4,3,1,6.843101543149322,394.37195524682437,468.09875795791896,0.24651734284322968,1.6067441686037478,5634.0,7073.0,114.0,-555.0098720780438,217.7216099590467,0,0,1,2022,jng,0
1,0,5,8.134211107093822,418.89716901349567,520.5204471128628,0.2035444003878132,1.8166558992970547,4550.0,6095.0,86.0,-124.886480348649,,0,2,1,2023,bot,1
2,3,6,9.977151419164906,301.97728222512706,490.2711403314373,0.15123499826963832,1.2472713953215357,6272.0,,96.0,-162.9188431409661,273.20830874229046,1,7,2,2022,jng,1
1,6,7,8.09617621163976,323.0452909261336,627.2107121634012,0.24156911385826985,1.4169843342934816,5923.0,5842.0,108.0,257.2744299608573,-354.8490944313601,0,4,0,2023,sup,0
3,2,3,6.910338357879144,395.7577766168296,710.5372959944038,0.08230863966439517,1.8533601384727003,6119.0,5819.0,77.0,-145.136624335254,-323.6588827053619,0,3,2,2022,jng,0
3,2,4,8.993720602227109,377.683080353358,671.1721723500037,0.18639310972955822,1.7625438256727533,5849.0,5949.0,112.0,124.28652844342818,607.934646308184,0,4,1,2023,bot,1
2,2,6,8.32829491949391,300.614435377077,368.59510882468885,0.20595328377107455,0.49568350492531366,6189.0,5012.0,95.0,698.3991485038645,-293.7278516972141,0,3,0,2024,mid,0
4,3,6,6.814809084801485,320.2102980292544,507.62480416824036,0.33336197017592556,1.0738396008487379,5357.0,,128.0,-63.41191572860072,114.56593417922173,0,2,0,2023,mid,0
2,2,3,7.483749093102034,459.4830751778912,298.59433846027054,0.25731260626578467,1.4156215236788994,5637.0,6082.0,94.0,488.55690823602447,-287.0572794149987,2,4,1,2022,jng,1
6,5,1,7.266643406750152,413.6490590330748,393.73293542623423,0.08213177190851095,1.3370858306404878,5543.0,5909.0,89.0,-310.25884767527265,319.45487518986147,0,2,0,2022,jng,0
3,4,5,7.156192227895843,496.0284048894088,450.53311664268244,0.0822478141968554,1.8733233126318014,6337.0,6013.0,104.0,-411.1419190584285,309.0257743738614,2,1,0,2022,top,0
1,0,4,5.715836250889878,347.2882707065661,589.2864730272598,0.24302905451416298,1.5268964380216923,6561.0,5793.0,83.0,180.35702845176667,260.9679567971195,1,3,0,2022,jng,0
4,2,3,6.488923590813541,403.2905666358173,521.1545509847944,0.22157067701957792,1.381124394890519,5840.0,5695.0,110.0,-393.36499320393153,-250.97870607163773,2,3,2,2024,mid,0
3,5,5,6.707287394993224,210.729380437217,482.6197156567674,0.2541474933876809,1.508780325875235,5125.0,6529.0,103.0,-1739.7322553374472,114.7783733075727,2,3,0,2024,sup,0
3,4,3,9.280006418720276,288.52444181892304,684.4176031057061,0.2819893966573892,1.5088474902068116,5885.0,,107.0,75.08667939350039,497.1107006581532,0,3,0,2023,sup,0
1,3,5,5.114463361425399,299.4416600012395,497.2450169742818,0.14694484636203425,1.820778478232484,6072.0,5418.0,,-331.3281173065815,-266.05416309887767,0,3,1,2022,top,0
1,2,11,8.3707141269574,373.920833679015,372.59386344451536,0.16923711532741267,2.216798439418488,5227.0,6011.0,95.0,487.94000472653005,,1,2,2,2024,jng,1
2,4,5,8.126697280427077,381.58805632656004,555.2632208319947,0.2250459839499784,1.2484273160178792,7417.0,5654.0,100.0,,383.1855492881341,2,3,1,2024,sup,1
4,3,5,8.966676713724029,406.4550803578636,491.9215996206181,0.31060313986413735,1.6827098675328056,5125.0,6144.0,100.0,176.73406839489306,142.05562438799933,2,2,2,2022,bot,1
0,2,5,7.836366609862856,431.4280565480501,382.2145305999345,0.37518222843106064,1.486929616160523,5413.0,6434.0,88.0,120.45474388019778,-77.32476988421183,0,4,1,2024,mid,1
0,4,4,7.322771331499668,468.90386189688496,554.3311451943051,0.24789613352949294,1.5371711581873144,7051.0,5637.0,91.0,395.6815822705955,-130.00429003009634,3,3,1,2022,bot,1
1,3,6,10.197167571382263,333.3867169847678,707.8198133324422,0.09042575952678725,1.267301897611397,6011.0,5645.0,103.0,-583.684852405765,-335.6942219351352,0,3,4,2024,bot,0
2,7,11,9.294856106193542,426.40079956677334,522.4919492442474,0.18517588228483456,1.5633812927008655,5816.0,6117.0,102.0,-537.0003033480224,87.14903961371195,3,1,2,2023,mid,0
4,1,6,8.801388647164131,385.4445327825586,553.0752095851846,0.25765209428409397,1.2209540584794993,,5493.0,115.0,-478.0099863490149,-269.9984359549809,1,2,1,2023,sup,0
1,4,3,6.680346276789673,313.64890519604353,600.8910904475645,0.15202801070883215,1.5755977796500458,,5806.0,78.0,-333.7993261702841,-513.1387015322969,1,0,0,2023,bot,0
5,5,5,5.523590672653232,341.5517414043291,479.9161639319239,0.28183843770428774,1.2762070159653576,5816.0,5967.0,82.0,3.0880145122197433,-432.7069858476866,3,2,2,2024,bot,0
3,1,8,6.064763290333718,374.34224875089427,477.1724633719484,0.21236749000712263,2.137603741696595,,5486.0,89.0,-66.28365025385773,10.139813544840969,2,1,2,2022,top,0
1,2,9,6.742842868519874,377.22677939824956,333.20731299766385,0.3719568946772269,1.560266155629774,6389.0,7668.0,83.0,539.7571631170224,498.2525574357662,1,5,2,2024,mid,0
4,3,6,7.572915305505345,258.2458376729139,704.2819559777514,0.21334735326766094,1.750925096337748,6368.0,6884.0,111.0,-287.1810728259104,-25.182952317372237,1,4,1,2023,jng,0
6,4,2,7.5263098839147515,367.9921540170325,596.1842731649015,0.22983894884902356,1.200380868263157,5760.0,5983.0,104.0,203.75678522509747,392.14204265803767,0,3,0,2024,top,0
4,2,5,8.150903320432905,370.72077030244265,365.69041719356005,0.24451211406539128,1.0891064015745964,5005.0,5032.0,87.0,881.5051076593206,-77.33902142674233,2,1,0,2023,bot,0
4,5,3,8.128860823405933,306.54989662704014,671.8436683655959,0.2071581186941272,1.701720635808278,6736.0,6140.0,105.0,-262.4664212417631,891.2062335773919,2,2,1,2023,sup,0
0,1,9,6.538227405412968,289.9851429536137,617.9445630399281,0.307208751389902,1.6842572656005208,,6474.0,90.0,33.18672455668781,199.48960962219633,1,0,1,2024,bot,0
6,1,6,8.784591294707466,337.0181702955667,524.1326144474364,0.20471065181542641,1.6265957279446348,5750.0,5724.0,89.0,364.67319741493,-130.56053430408747,3,4,2,2022,sup,0
6,2,6,8.648365788946105,352.03116340522007,683.0011148019494,0.09081167206413332,1.4096595405192598,5543.0,6329.0,100.0,352.125948404159,732.3468503240039,1,2,1,2024,sup,0
6,3,11,6.258896490704399,346.78912496426176,497.3474853911014,0.17016371866652386,1.2042152387506206,5328.0,6279.0,114.0,177.39711086457146,3.484053113898213,3,2,2,2023,mid,0
4,2,4,7.480689055972344,313.9897711788209,488.6078323399661,0.24221387666776184,1.4047520190065719,5641.0,5558.0,107.0,-378.43033554961767,-74.9316708623891,1,5,5,2023,mid,0
3,4,6,8.04921578724956,312.1474406064954,431.1475895109228,0.16381764223430179,1.3707868418082039,5364.0,,121.0,428.81696960644916,607.1476673108313,4,1,0,2022,mid,0
3,5,2,8.462121395949143,283.2672749455224,406.6969896043062,0.3018868300012509,1.7141936062223604,6092.0,5807.0,86.0,237.74390421179427,27.924948215230216,2,4,1,2023,bot,1
4,3,12,7.415769211678033,355.2763733741308,453.15683536836616,0.21026142086819852,0.689469471363374,5484.0,6217.0,106.0,-242.33275630376977,-128.8445434023045,1,2,1,2022,bot,0
4,3,4,7.126847038657062,380.97628165563333,678.261222289141,0.20595234491911188,1.2341384955629313,5491.0,5759.0,100.0,-378.3050560540739,-56.83020099612523,1,4,1,2022,bot,0
1,1,6,8.665745209789028,385.59730176763725,234.73582963630622,0.12445531229519798,0.526554923915111,6370.0,5977.0,84.0,114.01476362408292,62.9698776463602,2,2,2,2023,mid,0
0,2,10,7.1059851394897695,455.39756490087564,449.02843919272294,0.08071337036521387,1.8270230263682583,4609.0,5323.0,84.0,-290.74606580495765,2.327441823507492,0,5,1,2022,jng,0
5,0,3,8.142709754791856,452.16040246495527,643.0247764360616,0.366874257877873,1.4772757590100545,6183.0,5170.0,94.0,453.41706397930034,-135.03027585009025,0,5,0,2024,top,1
1,0,7,5.883812850596492,505.4323028561704,518.1609052357502,0.2657563225418521,1.852222714916031,5617.0,4953.0,114.0,-118.88078837917811,-148.57289654674804,2,2,3,2024,top,1
3,2,5,8.411408444189554,347.25558497775705,311.45144308018735,0.29050737955051126,1.389222574512263,5965.0,6021.0,115.0,-1247.3722406729828,10.84116841932984,3,4,0,2024,bot,0
3,2,3,8.26789276847969,362.6032037369021,637.3697238880745,0.23570060075328714,1.2042485174728081,5221.0,5708.0,120.0,27.192428421989646,-36.253604136654225,1,6,2,2024,top,0
2,0,6,9.049787784364506,415.4041612205383,353.60682173726985,0.171804194484834,1.892699207254592,,4958.0,,-555.584618281902,512.0514488509417,2,1,2,2023,top,1
4,2,5,8.27997136164364,359.74705844843487,624.883141386844,0.23345740179005786,1.0912190955286856,5889.0,5477.0,94.0,153.540519619797,-353.8123239144883,3,2,1,2024,mid,1
0,2,8,8.088394157096047,341.0614338996822,420.3108532337167,0.33934813901210503,2.2484815279515957,6071.0,6130.0,110.0,-264.7189872293836,-406.75351788435,2,3,0,2024,bot,0
2,4,2,8.070229463857414,376.5335600151185,220.00331176570495,0.2415866122159181,2.123753958524466,6398.0,6085.0,104.0,-482.4106530887177,25.948462198464128,2,1,2,2024,jng,1
4,3,3,4.668121393940856,330.8343831508557,519.531574381196,0.30724928754092784,0.8576568787901558,5434.0,4981.0,120.0,748.4329355887318,109.71367056024545,1,5,1,2022,sup,0
4,3,4,7.870429577016914,381.12526118801554,407.4874278636172,0.329140020822158,1.5564319529336548,5359.0,6264.0,86.0,-487.5115077358465,249.69064704900978,1,1,0,2022,bot,1
4,2,6,7.20919193823862,344.77977827631264,664.6568117956298,0.2783709242266809,1.9361876066615067,6340.0,6177.0,,-564.989210117087,-201.57723569540806,3,2,1,2024,jng,0
3,0,12,7.642196299239813,379.98526744136046,384.57822910577715,0.4245445719135712,0.7580577679143521,5631.0,5460.0,109.0,836.0411891402936,577.3621726503267,2,2,1,2024,jng,0
2,1,7,7.44522429121673,421.0761122441129,314.18103797133244,0.12225935776043129,1.3129167390055636,5635.0,5764.0,115.0,-328.8732616323309,,0,0,1,2024,top,0
7,4,6,8.142281382327068,401.97951456544416,526.961154133441,0.2689761468145664,0.9764666417870329,5061.0,6031.0,110.0,-354.60455210947396,-173.60606982184493,0,2,1,2022,bot,0
4,2,6,8.009098445086076,474.2999254569455,581.851633595863,0.41627170475097297,1.7942488125754124,5999.0,5252.0,104.0,747.7473069986839,-657.8949308530981,0,5,1,2022,bot,1
1,2,10,8.907747289371777,382.39684574871046,450.626491891296,0.2658959012480644,1.3643974430863615,5730.0,5634.0,89.0,810.1892384440864,50.27973937750204,0,3,2,2022,jng,1
3,2,6,6.383730051620278,469.8440213577055,408.41644768825563,0.16133463934447367,1.587064068492481,5994.0,6967.0,95.0,-606.1109560795085,556.7893944430514,5,1,0,2023,sup,0
5,0,6,7.871480784710139,318.8011256441378,539.6612352598861,0.33637426386886815,1.1765190610987855,5679.0,6209.0,,395.7767217237479,-475.0224216074262,3,3,0,2023,mid,0
2,2,4,8.214077186084502,359.472870110609,522.9442997362642,0.2970135737614594,1.2914938886121152,5835.0,6264.0,122.0,105.27757042212234,547.6114472556936,2,7,2,2023,top,1
5,2,5,6.428935946037384,358.7576322684539,594.3333873017692,0.23404154096770355,1.0144943501234103,5671.0,,94.0,-1264.1694227034423,-547.0864469564254,2,0,1,2024,sup,0
5,1,4,7.767214305663768,390.948222003339,615.1760572625573,0.2191021963076344,1.3860887670427597,5568.0,5887.0,76.0,37.86679101784611,-116.76692193360834,1,3,3,2022,bot,0
1,0,5,8.53745143032389,336.9082097898863,652.3924834018127,0.24016054657505587,1.4697826483783754,6318.0,6050.0,95.0,-169.99848046535686,-254.64670776876775,1,1,5,2022,mid,0
1,3,6,8.677399927811152,434.27337269048627,572.3012916432992,0.38773780437686656,1.0694730680309392,5861.0,5724.0,100.0,-419.5699605986654,154.24677778009783,2,2,1,2023,jng,1
5,0,5,8.262425541478239,277.69793075435456,577.7920235174171,0.2782754273022788,1.0893362706655707,5531.0,5849.0,102.0,-373.338010483704,-166.07461604693418,3,1,0,2024,top,0
4,2,7,8.265101869027825,436.70890129837704,462.21536169654865,0.2638771084455372,1.5062318775355363,4404.0,5806.0,85.0,72.12509019539688,,2,0,1,2023,mid,1
2,4,3,8.107799481303177,440.8586093518929,396.410006084934,0.053184340818338366,1.5251533191721007,6681.0,5733.0,118.0,-195.1336858273415,227.55294990973232,3,3,2,2023,sup,0
0,4,11,6.812061739472222,357.7857262102554,582.6841688384683,0.3364019214203149,1.5166553808378405,5668.0,5684.0,102.0,-534.2585275702704,260.7022848083257,2,0,0,2022,bot,1
2,6,5,7.450521562557231,373.3659618079791,317.44591706120707,0.30832700767107235,1.5728377871021548,,5669.0,85.0,117.31431657940165,-124.06514834600131,0,0,1,2023,top,1
4,5,8,8.377025169156406,391.69019392236396,472.2929271914632,0.09703839478830657,1.3765607018413162,,5405.0,98.0,-349.3191278786709,610.6287259151543,3,2,0,2023,mid,1
3,2,4,6.316820142424391,295.6821757420229,549.7019507157482,0.2071746008917668,1.2515199060590076,4873.0,5790.0,,285.8736725183607,42.97916444267521,3,1,3,2024,bot,0
4,3,6,7.491279959714772,392.5206145388564,516.4222481761445,0.08213555565686378,1.4598939587198214,5399.0,5720.0,99.0,-649.5246402711507,256.49055905508317,2,3,1,2024,jng,1
4,2,8,7.1349144799981925,277.54311324432047,698.7554406944355,0.2132779800589823,1.4301339747664987,5152.0,5572.0,81.0,447.9807134261438,-135.90216480184,1,1,2,2023,top,0
1,2,5,5.883746393716154,306.7012121943037,400.5696025347305,0.11605641707288918,1.5801575335816456,,5838.0,77.0,-367.2835649483007,281.13383509198746,1,4,0,2023,mid,0
5,1,8,7.09302111666513,288.78255946794405,781.4188125553158,0.13080250721576375,1.2822978995127285,,6526.0,97.0,1.1108872198461057,0.5716368598747295,0,3,0,2022,bot,0
2,4,5,9.691622367541852,486.6450190272818,420.3485713563241,0.22891961383935647,0.9644967491991991,5912.0,5233.0,73.0,282.5522014700051,51.227817196797005,1,2,0,2024,sup,1
3,1,2,9.479225521167228,428.3298387070016,412.52461848129224,0.15230654523871942,1.360419921479978,5508.0,6369.0,115.0,881.8923533232033,,4,2,2,2022,mid,1
2,7,3,8.217679293505908,521.8584448364096,586.9550535347944,0.2573459647455262,1.9866401640126772,5236.0,6299.0,108.0,9.01555232771696,-35.948321942933035,0,2,0,2024,top,1
5,2,4,5.887636395556346,328.3904214646173,493.9999104604802,0.10017146768722805,1.1012794869563223,5862.0,5914.0,,263.99482587616575,277.49730305345633,1,2,1,2022,sup,0
4,2,8,7.556683076101923,379.46419617406053,515.0208350075125,0.17231003376049217,0.8261506248228653,6526.0,6307.0,95.0,800.7967310861272,-109.47293417879513,0,5,2,2024,sup,1
6,3,3,6.684793380108554,333.09724295179086,554.6099849856587,0.15050036744120043,1.1049091282630956,6229.0,5854.0,106.0,1123.1742137107412,197.2141829940786,0,1,2,2023,bot,1
3,0,11,6.470215160821541,400.7707311156149,355.735958752498,0.21554985697771967,1.1304530755883662,6123.0,6977.0,89.0,641.5453136725001,-279.2233223683649,0,4,0,2024,mid,0
6,1,3,8.589586959262347,344.78674149149316,621.3068874302306,0.47096714189498523,1.1350229226945387,6029.0,7722.0,111.0,-731.1283357027031,277.3346417878554,2,1,0,2023,mid,0
2,4,6,6.722382127123795,418.7489672768473,627.7067252367029,0.4070480016059609,2.174730098841976,5696.0,5731.0,134.0,80.31731107306243,267.0558303981524,2,2,1,2023,sup,0
3,2,4,9.891846133802575,458.41337423940035,497.32542007364646,0.30749429066858897,1.5734055321601814,,6409.0,108.0,201.51267312121956,220.66262750821352,1,1,0,2023,jng,1
2,2,5,8.466582530548099,371.16195343771324,579.7038789283791,0.2818034299189451,1.9110531908139352,5358.0,6320.0,90.0,204.77239146260172,318.2271990583079,0,2,1,2022,sup,0
3,2,8,7.239095327418755,316.77591155344186,391.02405421838637,0.29108464821889096,1.4110017273804083,4828.0,6477.0,75.0,,24.655901795890998,0,3,0,2024,mid,0
3,4,5,6.9467548540782795,354.38024575791246,419.32514558171374,0.2519909107922873,1.5413971336372492,6481.0,5414.0,89.0,-499.3416571097025,-354.8643887966058,1,5,0,2024,mid,0
1,4,3,6.961248709012376,360.56208944741786,523.0085883646059,0.31798005549016245,1.3196248898074414,5846.0,6369.0,114.0,-196.62513846194292,-185.58590726861058,0,3,2,2022,bot,0
3,2,9,6.194245741233495,346.7799330346651,441.27664888367946,0.23258650060719968,1.1760667571527366,6130.0,5953.0,103.0,99.88845452360735,-70.7416564073245,1,3,1,2024,bot,0
1,4,5,7.334175886389217,371.97132905419045,625.0013846941134,0.27710666189674804,1.5796364352903345,5694.0,6756.0,,-378.58705748138544,-148.84916356391176,1,2,1,2024,bot,0
5,0,5,8.527456980264203,363.0667790684358,590.254350416771,0.1765261168455748,1.718558596760904,6406.0,5454.0,99.0,-1124.2517029308847,-274.1175080372845,3,2,2,2023,bot,0
0,3,4,7.214876805535939,386.581970200641,553.7270500656377,0.22854475349991338,1.181436471593281,5992.0,6726.0,98.0,-104.26097456590361,-330.38014842941635,0,1,3,2024,top,0
0,2,9,7.352886401195753,296.0766943642192,722.779651415757,0.1920608599355162,2.1190168313012028,6035.0,6176.0,117.0,192.3133033640326,-57.2531006710217,0,3,1,2024,jng,0
1,2,8,6.512567627231556,415.89914743648075,665.4928285177806,0.2262571801926934,1.7773955247434168,5802.0,6195.0,110.0,-251.67928827545654,-545.7242574678559,3,3,1,2022,top,0
3,4,8,7.319645386716116,359.52553796689017,452.3453996253304,0.1817251210943662,1.211263531512727,6527.0,6738.0,118.0,-831.8727793051028,-104.4130421425017,0,2,4,2023,top,0
5,1,8,8.624539559073826,322.29179764476584,603.1328279253662,0.26618075689167914,1.2546163825441194,5115.0,,121.0,-56.28414295689371,-353.6758653359602,2,1,0,2024,sup,0
3,2,4,8.376365058308807,443.24029515222026,541.7365607075994,0.19408335434142635,0.7563024492983997,6484.0,,110.0,150.18446018459358,757.2595842043414,2,2,1,2024,bot,1
4,5,7,8.014086676252736,273.62018152094953,501.21851161522426,0.044606688777639264,1.2298964948348718,5771.0,6232.0,75.0,-574.3353406775109,-77.7746031438727,3,1,3,2022,top,0
2,2,6,5.865386118085516,337.59108035320855,789.431965773887,0.24216927679733471,1.411794079277057,5548.0,6125.0,121.0,-504.32505458170965,-233.14215464732052,0,3,3,2022,jng,0
3,2,4,7.156698110551879,393.02787878361715,720.8897909395837,0.3014618174845526,1.6122636657776042,5345.0,5998.0,106.0,-130.000251865547,-345.4001192862266,3,4,2,2024,bot,0
3,4,4,7.2542852548243655,361.0277346522166,577.6308648097313,0.1940962779178223,1.0419403092015014,5910.0,5872.0,109.0,-384.85647354402,391.3840600353427,1,0,4,2023,mid,0
4,2,8,7.381421821929723,421.0029014031525,541.0621382648621,0.3422509682882588,1.8613569737827134,6350.0,6719.0,87.0,216.42820005546912,558.5709368630105,1,2,1,2023,sup,1
7,2,9,7.190907416237773,428.6029914372478,547.16722148722,0.1105499743090159,1.631691283691822,,,96.0,-824.3509620525041,28.178023879380362,2,3,1,2024,sup,1
5,5,4,7.022380260848781,399.9663562476754,674.3719177466021,0.3127053620454887,1.9487630958883484,5711.0,6099.0,90.0,-259.34975310637583,371.910686103047,3,4,1,2023,mid,0
1,5,5,5.523751244199462,320.0439773239953,687.7548554239306,0.10963286644850383,1.1227491340541085,5931.0,5798.0,,793.3275737613826,220.4297256622466,2,2,1,2022,mid,0
2,2,8,8.490282592028269,305.85665047635644,532.1879142252498,0.18746222941308618,1.8359264782261784,5310.0,6150.0,105.0,-400.82854324799183,-469.05796816359066,0,0,2,2024,top,0
5,3,5,8.373025216415733,357.38177460581835,466.67367950060867,0.23279321736322628,1.7715837807505173,6550.0,6047.0,110.0,-1093.5925548983696,-90.69966658050991,1,4,1,2023,top,0
4,5,4,7.257522159874516,313.1016082049533,575.2954658522516,0.12939141926123857,1.196711723944045,6149.0,,83.0,-148.61584769596425,-33.90242307214064,3,1,3,2022,mid,0
3,0,7,7.176971312123473,365.59751689747554,444.85140042153546,0.02,1.367870276497392,5988.0,6051.0,96.0,,426.7195408455446,1,3,1,2024,jng,1
2,2,4,8.596064931697818,389.66846111845126,637.0477536964102,0.2639325019908309,1.0818845600730502,4192.0,6177.0,104.0,-361.0953314291922,377.6893602625961,0,3,2,2022,jng,0
1,2,7,9.127515324538086,393.89963265605394,586.6225341441008,0.25609129569840894,1.0022058169563475,6866.0,5257.0,106.0,548.6859450980606,720.6218317177072,2,2,0,2022,jng,1
4,2,11,5.600110608450399,333.4357966871848,578.7110818256124,0.09875982285238841,1.4456861693644982,5021.0,5938.0,115.0,-132.46312713052,199.41401234424595,4,3,2,2023,top,0
4,3,2,5.31203913162488,363.77554779332974,551.0764081551821,0.3578757280414861,1.6978005691759357,6139.0,5147.0,93.0,-349.73641252405105,,0,1,0,2023,top,0
3,3,13,6.522806145401105,347.53661780998254,560.8345461762502,0.3025281452944857,1.0406697508264762,6443.0,6897.0,124.0,-544.5177746627754,-148.5661498712868,0,6,2,2023,mid,0
1,3,9,7.832649210297401,364.3776464725646,367.5485815437183,0.30593267616486153,1.3328038384858618,5641.0,5950.0,86.0,393.9007009538227,-469.9540187914399,4,2,1,2024,mid,1
4,1,6,7.914127299923247,384.29427848388536,722.1191706004804,0.2333579420662225,1.4238366802286704,5960.0,6007.0,123.0,-192.87397903606848,-526.700009561612,1,3,1,2024,jng,0
3,3,5,6.709968654515741,419.09792845358777,536.3049190050574,0.4221225347737403,1.9779430864786005,6216.0,5768.0,98.0,-562.0001549592134,230.4987854110479,2,2,1,2023,sup,0
1,5,12,8.649368454328448,404.2273396993475,493.2326039197726,0.1259960196734177,0.3,5533.0,6457.0,121.0,216.7794418033577,-134.4976253710261,2,2,1,2022,sup,0
2,5,8,6.307240902422794,305.75899744482484,666.6757485824571,0.22330527228182165,1.5072954905652998,5646.0,,101.0,-350.4295538357131,121.29792126959444,2,3,2,2022,jng,0
1,1,9,7.240831379711812,331.45337633792354,527.7136816404578,0.2677731696317659,1.5152383735464763,5521.0,6411.0,116.0,-42.825378345894606,,1,3,0,2024,top,0
1,2,7,7.676924075693861,400.9275012288782,653.8751843751741,0.221361030398134,1.7971490160058317,5776.0,5529.0,108.0,-238.5835359269708,53.46161361469778,3,3,2,2022,mid,1
2,5,5,6.5259692941331835,369.987963387949,613.8815966693355,0.29349107325901186,1.404032050865655,6238.0,6828.0,113.0,371.4374720091529,289.20953919355634,1,2,1,2022,bot,1
1,4,5,7.915363644156033,413.83417247387365,509.9393396592875,0.1908085617969558,1.4047570900078332,5065.0,6664.0,101.0,,-425.23370351790135,2,2,3,2024,bot,0
4,3,8,6.168204693638342,353.56277937213594,389.0360325070461,0.2785024243307286,1.2317134983497295,5436.0,,73.0,,341.00583251622476,0,1,0,2024,top,0
2,3,2,6.8680456288083445,435.54112036692453,503.9624062815833,0.23002319710308208,1.2548636550807084,5182.0,6118.0,111.0,,-320.438046117523,0,2,2,2023,bot,1
1,3,8,6.869572029163177,422.82205021073867,441.99497635377344,0.3090511278829297,0.7865439517402688,5522.0,6482.0,100.0,-331.41453218586696,172.47918072196467,1,2,1,2024,jng,0
2,1,11,8.778126094899838,367.63653215241675,644.3646157208747,0.21260076325188357,0.9667216703957227,6129.0,5969.0,106.0,586.814612761814,-228.7470685221133,5,1,0,2022,top,0
1,3,4,8.314601094345289,425.8259078892812,181.4446543873088,0.2410433963386086,0.5719480490392059,5513.0,6013.0,108.0,-41.31230182199121,151.6280452929061,3,0,1,2022,jng,1
1,2,9,8.390187253434087,402.6119765991223,631.544245935817,0.34982929494393455,1.3561893862096823,5213.0,,109.0,383.202161224845,-752.1023665222297,4,0,5,2024,jng,1
2,3,6,7.756066866206392,405.80611079074754,494.382614695508,0.22488336781828086,1.3306247711624286,,5896.0,112.0,238.22566418495802,-525.5325310358595,1,1,0,2023,mid,1
3,3,7,5.630941429314869,376.52533628357526,799.2967846576439,0.05993517178875929,1.6707127115219218,5531.0,6764.0,99.0,140.52164511727497,-57.43233175478001,0,7,2,2023,jng,0
3,2,5,5.736673354288016,370.1363199868296,551.4635283858192,0.27786845505981905,1.817942848082437,5971.0,5228.0,83.0,-99.05026892861005,,0,2,1,2022,jng,0
1,3,5,6.970715583814251,374.2652141180523,732.3606439571554,0.20677872254204685,1.5881985488982242,5725.0,6667.0,113.0,-246.9899777044554,291.0404586617717,1,3,1,2022,top,0
2,2,4,6.674296661052827,424.82758586304,534.7821349901407,0.23395203562838182,1.6563743263420327,5746.0,4771.0,90.0,-133.11087367256746,480.28545953462674,1,1,4,2023,mid,0
2,5,11,9.468491108849554,414.5526830344138,636.8014761890947,0.1613416272188229,1.0361911154427752,5353.0,6144.0,99.0,366.66502706514814,-135.37213205318076,0,3,1,2024,bot,1
2,2,6,5.387317449594008,288.6611938790535,571.1657014784396,0.3017617063092216,1.1930231380492695,5307.0,6922.0,97.0,-255.9299807442387,-138.88642438368342,2,1,1,2022,sup,0
3,2,5,7.905202235407293,378.15045368074664,558.2291438266509,0.3098194369692131,1.4594568513969974,5729.0,5949.0,118.0,-378.5247575942505,-12.411728208324618,4,3,1,2023,sup,0
1,2,3,6.021356570340102,309.6746897661728,414.8973542261426,0.30532323177050863,1.477732334076466,6000.0,6291.0,103.0,143.60919329351907,-699.1945845073137,2,3,1,2024,mid,0
1,0,4,8.537606160566598,381.4056506970611,524.9115053468145,0.2642734002476379,1.2272330349594673,5217.0,5647.0,64.0,-130.18674042830258,-36.309672275311584,0,5,2,2023,jng,1
1,6,3,7.22198674861318,295.70285635913893,461.9453192247613,0.2200644657731634,1.2651596012688342,6323.0,6329.0,105.0,-127.73909969424051,,3,3,2,2022,mid,0
1,2,5,7.46538080128093,365.06271133774334,675.9464216091442,0.33518648663596406,1.2459334177647459,5842.0,6811.0,103.0,-418.78227351383174,-280.52767586424955,2,2,2,2022,sup,0
1,3,1,10.040912765930832,291.8400872973033,634.0362568251912,0.24169539878785695,1.1573532701870426,5186.0,6043.0,,184.97825198710615,126.29537563007538,4,3,1,2024,top,1
3,1,7,9.972652778320453,367.79903262913155,521.0726564742677,0.1937719485959516,0.6648499118442421,6726.0,6285.0,112.0,566.9757458403001,-699.5866346356686,2,3,0,2023,jng,1
3,1,7,6.150710709056035,321.3504267135413,510.66498562131875,0.28306848420015746,1.305732419192231,5380.0,5852.0,98.0,324.64537792822136,493.6533557191151,1,2,2,2023,bot,0
4,3,6,7.955603754875196,368.89531180109674,593.8582085205284,0.18450636421577965,0.9866403698822034,,6130.0,104.0,812.9484546076892,7.536770320815357,2,1,1,2024,mid,0
4,4,7,8.292227120009802,440.7681156523011,508.6477421385281,0.3243810352960821,1.12327644378026,6155.0,5861.0,83.0,954.6253559237193,854.5018107741115,1,3,0,2023,mid,1
8,4,5,7.123061988391937,349.5600565381814,600.2006845430194,0.3031435429928434,0.7194473934800889,6521.0,5631.0,118.0,,-252.96998526949582,1,3,2,2024,bot,0
2,2,8,6.6775281905094594,286.9396777985364,633.8077913107022,0.0971553676744847,1.7589149223909302,6504.0,5653.0,87.0,-418.6909335339116,171.70587565635958,2,2,1,2024,top,0
3,0,9,9.090711474589,337.26866868136534,476.7607822035756,0.1810475446139529,1.52943747712474,5421.0,6509.0,104.0,219.21239592686493,36.22530542984599,1,3,1,2022,mid,0
4,3,6,8.888208706588594,348.27796846352277,373.4756592803341,0.25099437270091635,1.774508220799147,6157.0,5944.0,104.0,297.69403057010305,441.38471302542985,3,0,1,2022,sup,1
4,2,4,7.183774869127929,366.74087167365445,567.9546765533647,0.18414051535135076,1.4085527708290415,5936.0,6442.0,101.0,1242.8799938566656,-280.0124697559563,4,1,1,2023,mid,0
1,2,9,7.1846461732962,305.67073070685433,337.5699466956188,0.2559844114256997,1.1816446482167156,5930.0,6079.0,80.0,-682.8502989061251,-83.48519684439404,3,2,1,2023,sup,0
2,4,1,6.772142651541546,375.4089635282386,457.3129930183678,0.1603871736197846,0.6817867828202493,5901.0,6190.0,99.0,-447.5361321258301,-429.0008976660289,4,2,0,2022,jng,0
2,1,5,7.167701213309088,447.15948763937126,684.9585095744243,0.1130234282267938,1.2997767191916267,6600.0,5988.0,96.0,212.9357244172838,146.71259647753857,3,1,2,2023,mid,1
2,3,2,5.594436194161122,299.96082699782875,483.55994235889494,0.3442005023108796,1.0712060031069512,5810.0,6291.0,118.0,-239.54865742457514,-169.23971507916818,1,1,1,2024,top,0
3,2,4,7.934323599046878,373.3835431647646,648.1175678185217,0.18462821352406103,1.3521660266726607,4703.0,6347.0,89.0,257.3910950921111,133.69688609526835,1,9,3,2024,top,0
3,5,6,8.187672726727115,362.1534557114577,578.1575193071415,0.27247994242161794,1.1461646669434684,5736.0,5906.0,102.0,-87.15638117764604,-127.0766830896147,0,4,3,2024,bot,1
2,1,6,8.638321796721762,256.97505570467905,477.60399994679074,0.24384522660813243,0.9977906529703738,6954.0,6390.0,99.0,-314.3144720993522,417.25760208930797,2,2,1,2023,top,0
1,2,1,6.860292699763341,401.088459825745,607.159646333781,0.22705275707029263,1.3112958367493408,5948.0,6571.0,109.0,693.6377809646889,-98.47408927982003,0,4,0,2024,sup,0
2,3,7,8.209220940926226,347.49860480613137,464.60865395552406,0.29600567727472143,1.6057476815382405,6329.0,6185.0,92.0,-60.420219215977696,604.6147244568433,3,4,0,2023,jng,0
3,2,6,8.644555182145565,427.6281290741727,503.5180030842139,0.17137764858471763,1.6154013552517599,6327.0,6817.0,79.0,704.2866911966428,116.1877232193324,0,0,2,2023,bot,1
4,3,10,8.073294652121948,261.21243045671645,302.8041089497748,0.29323299568185945,1.1664303358662826,,,,213.90660831472806,245.2243500412198,2,5,1,2024,top,1
3,0,4,6.387217565665928,320.87127756863003,457.48967832375683,0.112580228887853,1.4813752351559968,6677.0,,96.0,144.14395657831224,,1,3,1,2022,jng,0
7,9,2,5.58370213620869,327.6736572442699,519.3318711433808,0.19534238535862827,1.8825123892367808,5725.0,6784.0,108.0,336.53298226781607,448.7488825097317,1,0,2,2023,sup,0
5,2,6,6.936502857758196,294.4509926166914,589.2063333938478,0.21373332793776575,1.623128146684729,6441.0,5922.0,110.0,,162.3584263069872,2,2,3,2023,bot,0
4,2,4,8.078162053722561,345.1126886128996,421.19139022633453,0.3717247276496946,1.273392960847518,5274.0,5426.0,86.0,-74.41868728786855,268.5130549380083,4,1,1,2022,bot,1
1,0,5,5.966669185998202,381.9204211495855,609.3583084108731,0.3733720377527262,2.2122927860331236,6393.0,5489.0,79.0,116.68920306085963,-252.16375681649927,3,2,2,2024,jng,0
4,2,7,6.712952401502628,425.03118863625923,658.0893704496918,0.23318943437012915,1.6081653042482955,6558.0,6126.0,,383.0022175020175,-248.06282306920082,2,1,0,2022,jng,1
2,2,7,8.079931442689455,466.5931215524064,660.9208226164419,0.14513215758812537,1.4243758599407046,5174.0,6011.0,82.0,230.88781148115504,-610.1314212790571,0,3,0,2022,sup,1
3,6,10,8.498306223294977,349.06178794470276,530.6848665818451,0.3063919669142173,1.7605463724346757,,5983.0,103.0,716.8494793782011,757.4892412387923,0,6,1,2024,top,0
3,2,3,7.990032625854327,334.5849871320525,441.21471291542963,0.15961958213033414,0.6537999527184899,,6708.0,123.0,277.0481139035872,-401.9898366616727,3,3,1,2024,jng,1
4,6,5,7.44019424333614,416.1861710861708,521.7328971044097,0.1599463088455939,1.063819163216867,6286.0,5496.0,85.0,-333.86445124698525,-665.7686274391467,3,5,0,2024,sup,0
4,2,5,5.998311018249477,353.4913856135792,452.37330444092186,0.30234602377591496,1.509539689105115,5640.0,5670.0,86.0,-33.73564964224604,-26.863235475711438,1,2,1,2024,top,0
4,0,9,7.97073349788687,377.5193133657589,465.8268369023829,0.2876560933350013,1.333043926689823,4638.0,,81.0,-339.5572349946317,755.0209450027498,2,4,3,2024,jng,1
3,2,9,8.723171327536376,368.98426287615354,667.7479458760654,0.18306937674507667,2.2539083025357836,,5653.0,109.0,-328.61229868681664,,0,3,3,2024,top,0
2,3,8,7.447012943056832,423.12824553308485,360.9475644064521,0.21378727149306345,2.134621718043364,5570.0,6000.0,,156.45682341541976,-98.28322446412295,3,6,3,2024,jng,1
2,0,6,7.827512343245349,393.4668025650767,473.7187423036246,0.18385551300026667,1.8453891095420856,5297.0,5768.0,67.0,182.7549606296697,-310.5123476506645,0,3,0,2024,mid,0
1,3,7,7.896565339904885,340.64623994515046,425.40690946142536,0.21527929042884653,1.9144430060951945,5265.0,6439.0,,-1069.77607660158,24.24893027458971,0,2,1,2022,jng,0
0,3,5,9.311832101774016,456.32895926960725,455.93356321660156,0.20137607829049659,1.315169997451098,4999.0,5951.0,112.0,216.64527705277393,1057.3014357640955,4,4,1,2024,sup,1
8,6,3,8.269507077245958,474.6238205145543,557.9717850099315,0.3325987331851554,1.2043835815247408,4930.0,6629.0,97.0,294.06161586730775,-431.05971679269965,0,2,1,2024,jng,1
4,2,6,7.168781421963024,367.98972752417797,498.3281885731092,0.14093477737462634,1.5219342355805128,6445.0,5535.0,98.0,-117.05003173342358,209.24442114264866,0,0,0,2022,top,0
2,2,9,8.512418002019807,371.2898225558356,535.6150411237604,0.369168098362074,1.3248034641465825,6489.0,5779.0,78.0,18.151240529377787,322.84656268095887,1,5,3,2023,top,1
4,2,6,7.223701307435146,444.5029337360063,396.1379415447537,0.0933324203167957,0.9555624455444809,5291.0,,117.0,414.70314791748353,192.10439333602886,2,1,0,2022,jng,1
4,2,5,6.153497016664522,367.2112156615632,541.1104243153231,0.13722750227399824,1.2522194022827544,4481.0,5820.0,72.0,,-466.1246191268405,0,5,1,2024,jng,0
3,4,7,6.867440693425968,373.51911675511917,493.0966710451472,0.23735528124518762,1.4224924586202612,5533.0,6164.0,132.0,-878.9568916399128,-390.75231707064836,1,1,0,2022,jng,0
1,3,4,7.52965249579126,342.54264415838156,530.1066273835473,0.35563020506661536,1.2477818089211814,5306.0,5628.0,91.0,21.509463813977618,697.8129035685865,2,3,0,2022,jng,1
4,2,5,6.772179176870118,428.25332841105154,422.75884185401196,0.25801654867045287,1.580990255078698,4003.0,5967.0,112.0,-402.49846323889744,,2,3,2,2022,top,1
3,2,7,5.713834217946849,398.0608170618999,443.4859216426795,0.11478378871310238,1.8280765775879972,4729.0,5502.0,99.0,-449.33905585181174,-126.33156730505489,1,3,4,2023,top,0
0,5,9,8.161189784494809,401.75762668900927,345.92933572446736,0.2059691009084263,1.449730161095629,4774.0,6029.0,94.0,-152.6898635217337,540.8845631680466,2,4,3,2022,sup,0
5,1,7,7.914943742672679,343.0534364777747,626.4641808397452,0.3066116902748792,1.444388880230253,5435.0,5625.0,94.0,360.25467313993556,581.4971324342599,1,5,1,2023,bot,1
1,3,6,6.458508805582814,361.80802275284117,580.59879349813,0.22533912004298115,1.1823215643487535,6364.0,6456.0,130.0,299.6721279723502,,3,2,1,2022,jng,0
5,4,5,8.972176919391284,342.34282024266224,559.484813031288,0.21905790356938282,0.53038355966275,5617.0,4885.0,,413.30375664176137,-473.96540820164194,0,2,0,2023,jng,0
1,6,5,6.886586561033383,385.63018478641027,637.7352100997415,0.32595804572282333,1.3801197912886352,6636.0,5840.0,115.0,327.8945118786957,-24.14547354899534,0,0,2,2023,mid,0
0,3,7,6.6407897787816195,387.6724292316466,293.5707866432525,0.3193387654897052,1.5639437946027,5741.0,5294.0,97.0,245.93670356470852,-328.00746571550775,1,4,1,2023,jng,0
3,4,4,8.318874592980759,374.96695380005366,460.45834754970883,0.20583715305900416,1.7965720456443295,5290.0,6474.0,107.0,87.49671465619986,152.09547071103063,3,3,2,2024,jng,0
8,1,9,7.296405815698299,362.03409249408,456.1705774400412,0.27124987633097314,1.4365657084527872,5612.0,6521.0,122.0,-389.2049579243192,-74.4182807219692,2,0,2,2023,bot,0
3,1,6,7.925316705623901,419.095678336325,455.0197739279485,0.35299143768246194,1.464871840871627,6003.0,5829.0,100.0,952.3798628868517,311.4562230250276,1,2,2,2022,bot,0
4,6,5,7.82799582908381,326.5252149547915,405.6558986380563,0.14548926191272066,1.1745875994656267,4463.0,7087.0,104.0,,142.4757183331215,2,4,2,2023,jng,0
4,2,9,7.757684937311488,407.6008248716408,376.7810633962655,0.27459367263101897,1.4353653450756427,,5887.0,111.0,-884.1222552996542,-31.586212845192893,2,2,0,2022,sup,0
0,4,6,8.860302023738615,440.2581220973355,539.4207088357044,0.34594198296939116,1.9658122898559953,5006.0,5599.0,82.0,251.26092513996355,194.1560747920795,1,1,1,2023,top,1
4,1,6,6.083523622449847,388.9798646220783,561.1856291825625,0.12957514998081304,1.6566695863730363,5716.0,5682.0,91.0,119.93313866894988,-453.582865210146,1,2,1,2023,bot,0
2,2,4,8.790073449383867,425.94829225905505,571.9431629905066,0.15779286415674015,1.411339890685337,,5439.0,105.0,382.86124212179374,241.82999818293302,0,1,1,2024,sup,1
7,3,9,7.071918946931781,320.82237822299635,456.21512586102887,0.16978780132833485,1.3484431457075061,6901.0,5606.0,111.0,-89.29116003274862,427.9779097271797,1,5,3,2022,bot,0
5,2,6,6.3492800118030175,334.345599478535,455.93357946536804,0.27515155797874946,1.225351947283643,6336.0,6233.0,115.0,197.88805445759664,-374.92056124263354,1,1,0,2023,top,0
1,0,2,6.128120671278778,325.9476396132816,363.7524667454431,0.2158575334005415,1.3666035175814348,6404.0,6008.0,86.0,-268.8226428558992,-23.265739890158155,0,4,2,2022,mid,0
7,2,5,7.166761915215688,398.88000595837144,514.412577678337,0.290346599696914,1.2378975136086385,5128.0,5530.0,109.0,391.9770765672127,62.687499164880734,1,2,0,2023,jng,0
3,2,6,7.116879531435418,435.9564947778044,855.3644823201039,0.2870968345818926,1.2400724360288058,6869.0,6599.0,92.0,,676.8944224366415,0,4,2,2024,bot,0
3,7,2,7.2071060431064025,239.06697918952034,433.9828054661007,0.3841987407496552,1.4811584801024504,6429.0,5881.0,87.0,-1101.7004054636086,554.6553660082457,1,1,1,2024,mid,0
0,1,4,6.573783400836027,329.55925697529784,639.0806580743357,0.16955166845508104,1.4091099430605618,6254.0,,115.0,-165.2105597413215,-82.74264852714052,1,3,3,2024,sup,0
2,3,4,8.479030304044947,392.5273731059077,511.34658808637573,0.17952151599387617,1.344013055240544,6461.0,5815.0,90.0,466.66785169750926,-132.1681194195274,0,4,1,2023,jng,0
1,4,11,6.378774648132792,408.95105138878006,523.0603980971865,0.31535994761771546,1.895618693617188,4609.0,5057.0,84.0,558.8876991519307,-101.3842485525065,1,1,2,2022,sup,0
5,3,2,6.83635071739883,405.0090822151277,525.8450964229218,0.1485233733659991,1.7129624877098208,5591.0,6013.0,81.0,-433.78334955210266,-494.9300762327068,1,4,2,2022,bot,0
6,0,9,7.520847775261612,343.48795989014485,474.93000874237396,0.22018904948237106,1.4897115929680593,6273.0,7526.0,75.0,,-236.57838083322167,1,1,1,2022,bot,0
3,1,7,6.819356668849347,322.36270821624765,474.6754449893721,0.2754130192404007,1.2521194598852705,5257.0,6384.0,97.0,-522.4626510477644,,0,2,0,2023,jng,0
4,0,9,7.066801141533887,507.17311413989034,532.1254405901112,0.23481745516058186,1.36757413825267,5630.0,7042.0,106.0,325.2726788486042,-0.49432569444056185,1,2,2,2022,sup,1
3,2,5,7.409350780239479,404.0269444480643,471.7138445066659,0.19004745939784873,1.2055440374401505,5166.0,5648.0,89.0,43.30948862093939,12.227006498895989,2,1,2,2023,jng,0
7,1,5,6.872883651886849,319.9663736411028,694.2428067736375,0.21590383486087966,1.2200052518877462,,,,-377.30604333841,-143.80101845186778,1,3,1,2022,top,0
2,2,5,6.315277012313376,411.0228100689115,590.4022836959737,0.3244434135044552,1.8911991645567099,5996.0,5405.0,117.0,804.3257756942919,-281.08540040281787,0,1,1,2023,top,1
2,3,3,6.363067880303746,385.2925716146687,499.85850426888516,0.14954962338218858,2.035744012162254,5164.0,5670.0,124.0,,179.66796071215373,2,2,0,2024,sup,1
1,1,4,8.949950045945522,441.089306169134,425.74773713774744,0.3191558182855459,1.4387703193766326,6144.0,5117.0,117.0,768.2521574854472,-484.69514810101873,1,3,1,2024,sup,1
4,1,4,7.744729083022702,321.0906135438011,621.5434960259732,0.1985269010020468,1.4179806532715156,5437.0,6619.0,88.0,-333.91333148884024,,2,1,2,2023,sup,0
2,2,4,7.8415820728085395,481.43153149072907,450.80334891303437,0.15270779118166974,1.7330137687862515,6451.0,6467.0,79.0,-40.934942618885344,-248.5334785300509,2,1,2,2023,mid,1
2,1,6,6.764253465442413,399.31355172755406,548.8800698645177,0.2263282613480934,0.9772968959852333,6752.0,4640.0,107.0,361.16128873863545,32.21138958076416,1,4,0,2024,mid,1
8,2,9,7.486983333327781,304.7591860289932,566.4176018990287,0.24653207651313516,1.5683485004055102,5290.0,5956.0,107.0,124.42399234189463,-16.998157530831804,0,1,1,2022,sup,0
2,5,8,7.9494125901551085,394.50066667786524,468.28726524989327,0.19730560577857206,1.5037506108250698,,6034.0,72.0,-411.2118884983652,-476.828589598484,2,7,0,2024,jng,0
5,2,9,7.21932906910149,271.18996724822375,458.1437146374473,0.19722663988115424,1.4331105686766707,5407.0,5390.0,109.0,290.2656848239292,214.06339438029858,2,2,3,2024,jng,0
2,5,8,8.113829719279307,401.7270226007965,525.7075372718423,0.334022944629348,1.90226393533553,6159.0,,87.0,,116.88292130846816,0,3,3,2023,bot,0
8,3,5,7.326371755056925,317.20733702022306,433.62518562314966,0.2266099449258685,1.6861320468925793,5067.0,6048.0,100.0,-69.03011197345083,-200.13324990499459,4,3,2,2023,sup,0
3,1,9,6.462918228697689,387.46097687034637,320.5711343924603,0.11221742565193399,1.1363817696364982,6084.0,5726.0,91.0,-61.656646296701744,748.6321089786194,2,0,0,2023,sup,0
5,1,5,9.692983814449711,283.94391816051177,452.98071830377154,0.1422689458001335,1.230164347960986,5583.0,5617.0,79.0,-91.58703657622668,-307.86669423088085,4,4,2,2023,mid,0
4,4,6,7.500370531322105,273.9913493632094,380.3777239938792,0.1776417733957481,1.7389705195291776,5891.0,6260.0,90.0,-127.4095973479283,-105.48812934540787,2,2,2,2023,jng,0
3,0,5,7.786390931287846,337.44093681388705,581.8383907682813,0.15052333014088456,2.2789993832148125,6345.0,6179.0,124.0,-810.569795736295,-6.01452804598172,1,3,0,2023,bot,0
6,4,8,7.906456653222078,398.1568344613857,423.41971559280535,0.1504940583482807,2.234224923026102,6151.0,5363.0,104.0,640.8372806319957,-363.1523724160435,1,1,3,2022,sup,0
1,0,4,5.172634372908129,336.93686800834496,528.3646531291664,0.20946259250290908,1.8022728154371028,5192.0,6281.0,90.0,-182.3175238145794,-56.3248794036018,1,5,0,2024,bot,0
3,3,7,7.818119251248792,268.1160525466233,538.7868587666654,0.19722757347663136,1.0976550141672412,6624.0,5431.0,100.0,-88.97925724357852,153.17778288583767,1,2,0,2024,jng,0
1,0,7,6.998129670143059,452.60652656739194,562.4181274224197,0.24713442504330563,1.6234577672095596,5527.0,6015.0,,141.7041674601993,617.8789195707855,6,1,1,2022,mid,1
1,2,5,9.020806127059831,434.0146590514777,357.9875787029499,0.18124144277818438,1.1189403220980794,6689.0,5855.0,78.0,481.18558519660706,573.2592207990665,2,3,0,2022,mid,1
5,1,5,9.0323706852422,421.04043437064365,578.4037899277449,0.2805336659765842,1.1711241417944829,5439.0,6403.0,121.0,354.97504393711154,159.57565380518975,2,2,1,2023,sup,1
4,4,9,6.580098369954439,390.16120622313986,268.8548674861034,0.24272174702254226,0.9313038191518062,4943.0,5787.0,106.0,,-129.55338542226508,0,6,1,2023,bot,1
4,4,2,6.6634306926201345,360.5657781314161,463.86719642902705,0.3418889280312062,0.7326240958587323,5634.0,,104.0,312.8722421372429,40.747101423112866,1,5,1,2023,jng,0
1,1,2,6.217045643824701,387.91891320057096,657.2542910324396,0.27930008040034765,1.1293453518976209,5955.0,6377.0,83.0,49.20560635519925,113.18254204387017,2,4,2,2024,bot,0
8,3,5,7.195246611575475,423.2579113543303,373.4756132314124,0.2361454540504094,1.5233781920266807,6177.0,5231.0,100.0,160.38401476871496,194.5594937934206,2,5,0,2023,mid,0
3,5,9,10.184477659843898,386.2144393127227,589.9950238139132,0.28062254710153606,1.3495461918728406,6067.0,6892.0,112.0,783.0707859639126,259.0873149955589,1,2,1,2024,sup,1
2,4,11,7.296614667098618,286.36150689215333,572.0584300985114,0.18575754669727915,0.8163470679679685,6108.0,5355.0,114.0,13.49448777631504,-18.900816094944737,1,2,1,2023,top,0
1,3,9,5.016705500077764,342.81983774705674,559.2787936212219,0.12486704887417431,1.851380425148598,5694.0,5610.0,113.0,194.1109837179817,,0,3,3,2024,top,0
4,3,6,7.652585306514134,347.93161820374706,478.5817458620987,0.16462830285132654,1.210285099894777,6093.0,6071.0,120.0,,-273.1572388985882,1,4,2,2023,top,0
2,3,6,7.8630693741090845,332.9260608867399,563.8408628639891,0.1624902368253698,1.6489442532667324,5913.0,6300.0,125.0,-144.6159867546982,114.9613081949017,0,2,0,2024,bot,0
6,4,6,8.955156684689243,424.1023427956482,413.52449367180805,0.3351260665807174,0.9774393775197403,6699.0,5695.0,88.0,584.9236925722481,322.8603174943682,1,2,5,2024,sup,1
3,2,7,6.441755458819148,365.3489201326594,537.6053378419066,0.09692590921227041,1.2647217825382295,4645.0,6401.0,,238.97293372130616,-453.33080024291905,1,3,0,2022,sup,0
3,2,8,7.235209390163481,355.1863619495582,565.3167488368813,0.1280163413867184,1.7882892745629118,5006.0,6206.0,86.0,-702.7130618763946,,2,3,0,2024,jng,0
3,5,7,7.458115668480737,337.3066224808936,555.3894202250367,0.220627773775547,1.9415533656013975,5910.0,5349.0,,322.2809325332165,-132.9704958159012,2,2,3,2022,sup,1
2,2,8,8.7293853898123,342.8008694108647,649.0719853034556,0.1247339222303826,1.5175983570527416,6761.0,5990.0,89.0,574.8079572924348,265.5632579385025,1,0,1,2023,mid,0
4,2,4,11.096644313925419,375.3255267320329,319.0040478871193,0.22613482980203473,1.396144416868275,5469.0,,94.0,-852.7174953941767,769.1964952953582,0,4,0,2024,jng,1
1,3,9,6.832415860011803,258.1671004314885,513.870911152481,0.3048862140142266,2.1124676923191923,6064.0,6277.0,93.0,-312.9035231845121,,2,1,0,2024,bot,0
2,1,10,10.864609887029426,446.0234110032119,569.2396063547747,0.23221239667289162,1.080998533479557,5833.0,,,-574.5586430488654,-104.641713670527,1,2,0,2024,top,0
1,2,5,6.769034637188853,347.0235194018096,446.02408257457444,0.22219157561906902,2.41714486329389,6369.0,6667.0,110.0,615.3350868635202,-63.17302601681462,2,3,2,2024,jng,0
4,3,5,5.931724747635976,302.9283116644025,708.9170035004935,0.12059126986742577,1.8242974331720068,7030.0,6391.0,97.0,-672.3387041051723,367.9587327311923,2,4,3,2024,mid,0
1,4,5,7.80516027238023,370.5694560327297,578.3458700298104,0.35383073774808127,1.1628412378965114,,5947.0,86.0,356.2457479471212,-1.1377225208718755,0,2,0,2023,sup,1
3,1,8,7.8488103908848466,402.9931829686694,322.299885574168,0.252810357691432,1.5125940348765772,5143.0,6088.0,113.0,-575.9939045855353,-226.9824066708046,2,3,1,2022,jng,1
5,2,7,6.125522539805711,294.9497608399896,688.0199465132755,0.2176089328047517,1.1356044962843068,5779.0,6355.0,121.0,-50.89536334895818,-250.3339608771475,1,1,1,2024,top,0
2,2,7,7.084089479849776,465.0496778015126,596.8048505954488,0.14210270891032617,1.520714890602951,5638.0,6459.0,,345.2134441107026,50.25546029291344,2,1,1,2024,sup,1
2,1,3,7.390802987698505,352.31938246879383,645.0414972817748,0.31385999264061826,0.9067845649215533,4545.0,5961.0,123.0,-84.47050825574428,36.75504783073832,2,2,2,2023,mid,0
3,2,12,8.404310431327119,280.934383972125,649.6706778383816,0.21921219577454937,1.743048388051351,,6719.0,106.0,,,0,4,1,2023,mid,0
3,2,7,9.005269957539172,434.12627212843597,278.9235806732265,0.22410018086595418,1.4159582824527082,,5900.0,79.0,136.97163123798697,305.2054990241556,1,0,0,2024,top,1
4,3,6,8.620247076273797,366.05774420189596,660.7248340657649,0.21761629045989922,1.2006847600043813,5562.0,5346.0,117.0,-194.55549473979525,-216.17124979953138,2,2,3,2024,mid,0
4,4,1,6.7796593901118225,358.5683618201653,540.8611472986306,0.30559463689081917,1.280494573257036,5400.0,6096.0,97.0,12.449864994020786,-63.44702865948764,3,1,0,2023,bot,0
2,1,5,5.753829103729514,377.9149700118231,399.2794405415889,0.3337085329570699,1.1873219272610347,5307.0,6243.0,95.0,344.2893861085762,-202.80839361264887,0,2,0,2024,bot,0
5,8,8,6.827852922562394,422.26825439237666,495.99014320332253,0.21168481349555293,1.3496059703011447,5814.0,6283.0,92.0,1106.4615655869422,,0,1,1,2024,jng,1
2,1,4,8.485615946126135,267.37649708935953,564.6090056771725,0.190539404797196,1.4992607079771472,5108.0,5078.0,97.0,,-26.7153727692345,1,3,1,2024,jng,0
3,2,4,6.857835441867441,372.2383162701859,645.0635745692789,0.1614430210713503,1.5405807788084573,6186.0,7367.0,102.0,-65.58460068668515,295.98393983380686,1,3,1,2024,mid,0
5,0,4,6.989791670046117,390.9024097635389,536.5177416216626,0.23074786106703044,1.5386455140362183,5847.0,5922.0,119.0,-220.86096802823351,111.0837618019749,2,2,2,2022,bot,0
2,2,3,8.11848864815408,345.2762841489157,466.93045591702946,0.09224892062958362,0.7160303665808868,4904.0,5315.0,108.0,204.21757834357538,76.15060693219827,1,3,2,2024,bot,0
3,3,5,7.922286888832429,370.38077673870794,491.43513245136273,0.18209183602709364,1.41894686214899,6781.0,6892.0,108.0,,437.2978946041012,0,3,1,2023,mid,0
5,1,6,9.08681308172942,333.83323625267593,486.75758023387857,0.3333070096581041,1.360902940301121,6082.0,6415.0,97.0,816.3019202635725,845.0969650319039,3,3,0,2023,jng,0
5,2,7,8.691480805915877,323.39992400112527,779.5445403069915,0.2526405664974064,1.6314072855536423,6312.0,5386.0,137.0,-355.2029514416942,-505.8762331385987,3,4,3,2022,bot,0
6,3,4,7.34049809811492,372.71287418390864,595.5679926421831,0.34615002243681603,1.99464018097911,5482.0,5106.0,90.0,-293.89854321128826,-644.2302806518977,1,0,1,2022,bot,0
2,4,5,7.217456354436296,387.4354357611088,544.0180272276415,0.29624811821653085,1.8433190796742007,6518.0,6516.0,105.0,48.44626903741977,56.024187226733275,0,1,0,2023,mid,0
1,6,5,8.15356591667517,391.63613494956365,458.9845033280837,0.20160729072717684,1.1646091095292708,4600.0,6246.0,,-482.1478507743497,112.74369954155327,2,3,1,2023,mid,0
3,1,9,6.022809889243118,353.9385553102125,629.9829283126993,0.14903435199905646,1.0461374095866458,6091.0,6527.0,,-409.91035197963237,338.6803692923016,2,2,0,2023,top,0
1,2,4,6.223701554908536,317.24950248213247,454.93663797092904,0.25315536052398596,1.9525905927573506,6011.0,6720.0,108.0,366.47158422539036,-445.6641695809225,2,4,2,2022,mid,0
1,2,13,7.835317051505182,344.4200715996659,451.3284784684248,0.08238288009244807,1.3011900633984506,6018.0,6938.0,83.0,300.4758037595547,1.8064710024966288,0,4,1,2022,top,0
4,4,5,8.498811840458128,356.4021545237505,778.4204836831337,0.3190886279230277,1.5720610662215817,5986.0,6378.0,90.0,103.13480460953436,,1,1,1,2023,top,1
3,2,8,7.340711700960638,357.7523281670572,708.8232844320454,0.3560051117769265,1.2481399833097422,4920.0,5645.0,78.0,516.7377872982993,-258.8464742129539,0,4,1,2024,jng,0
1,4,2,7.570510472797594,448.32265959943015,579.8511509119503,0.2718290088066264,1.4115479201002368,5695.0,5625.0,95.0,-242.79986729141478,-414.05580714509676,1,4,2,2022,top,1
3,3,3,8.782931916714668,257.4773127403385,415.5286108311898,0.20050752343935752,1.5566187701628678,5120.0,6300.0,97.0,-973.1601187387329,105.94844147945645,1,5,0,2024,sup,0
1,2,4,9.178638283226906,348.76956351749317,625.4495376988717,0.28308348356782104,1.2915676512180738,7118.0,6089.0,85.0,-130.7918637259529,-249.33451089350746,0,5,1,2023,top,0
3,2,4,8.329517963767984,367.09537237946716,422.3792925103455,0.20385548359741545,1.8170859500007883,5236.0,6116.0,88.0,-349.14149399398184,149.99146057809742,1,4,1,2024,top,1
2,4,8,6.134339884600793,401.7969853864601,621.1616414041862,0.14959772055088016,1.237045924911958,6170.0,5459.0,82.0,89.92463982934925,-412.90902653579957,1,2,0,2022,sup,0
1,2,8,8.130983779856999,382.11876531218206,533.2649575640767,0.26155490730002773,1.2524200582163738,6398.0,6570.0,95.0,674.8521944644058,-207.68460108284336,2,3,1,2024,bot,0
2,3,7,7.311259437254945,282.38553719339933,259.3563560155141,0.17973926506815097,1.4154166046925258,5924.0,6135.0,92.0,-1059.8539756490945,-134.328487908541,1,5,3,2022,top,0
1,2,9,7.740233195303855,266.53860228238545,397.5691458587608,0.15703158259224897,1.859441578487429,4373.0,5480.0,90.0,-662.6718885076141,-307.6006539338459,2,2,0,2023,sup,0
4,1,3,8.86546936133658,371.413743966844,375.2520237250245,0.2932667807737276,1.8526715946835244,5123.0,6451.0,77.0,-277.9591736484875,76.64206949203736,2,1,1,2022,sup,1
2,3,5,7.220723346557513,332.8824376309594,399.2367307781535,0.3184558695736531,1.1424356837206708,5911.0,5340.0,107.0,-290.0057976452296,315.89308409623754,0,2,2,2022,bot,0
4,3,5,8.589430378340655,474.99359830188496,434.16308504508294,0.17613913532217904,0.9453085442680338,5412.0,6482.0,88.0,-528.528662193553,44.72108804866447,0,3,3,2024,sup,1
2,6,2,7.643934637785714,345.50623177383477,864.8902209285313,0.17465836580999222,2.1534421027314967,5869.0,5577.0,94.0,628.1768717644736,-47.633652825737414,4,5,0,2024,bot,1
6,2,6,9.271687540336899,361.9320501263223,623.6300641744805,0.24685703605329223,0.7218143616749488,5471.0,5939.0,113.0,,9.895685834467997,1,3,0,2023,mid,1
6,3,7,8.190863119692722,380.24499879743894,669.8349033610341,0.29526191459779394,2.0197982562520655,6496.0,5933.0,96.0,-639.3816738237289,260.1728906133095,0,2,0,2023,bot,0
3,0,10,6.398026474487451,286.1142296676913,416.56951886671624,0.15885088830257482,1.7669993111925155,5783.0,5728.0,94.0,658.6531500958143,-166.19983874648048,1,2,1,2023,jng,0
3,0,4,6.652540965565633,343.8560851218027,455.0270597368809,0.24242855032559418,0.32329548944773623,5975.0,6037.0,91.0,-220.85187677974395,282.4442698896994,1,4,0,2024,sup,0
2,0,3,8.208063373160298,245.97944333055824,464.93452885422425,0.2671297748575239,1.5165587734492407,5228.0,,106.0,,-790.915681638543,0,1,1,2024,top,0
0,3,3,8.27752040204602,408.37210563522393,457.3319401369873,0.3291423489981097,0.7913375670471359,6402.0,5806.0,75.0,152.12040794500774,-296.99799288065634,0,2,3,2022,top,1
0,3,7,7.380482438840819,368.4572460377107,471.24903379637806,0.23151234386484215,1.9062807792209258,4911.0,6432.0,88.0,180.1065550483375,-609.2049847313608,0,3,0,2022,sup,0
4,2,10,7.427050299836329,364.582646723692,392.2702910735552,0.19271971329398613,1.0891624130023214,5640.0,5770.0,98.0,-24.740526469110385,-907.5261169776003,2,3,0,2023,jng,0
4,2,3,9.029821773947496,393.681744118077,585.8390215654046,0.1691314096907135,1.2510002242316423,5450.0,6127.0,92.0,,906.6907062505006,2,2,3,2023,sup,1
2,4,3,7.5798175063126,334.69305516504187,547.5450486055679,0.31481296825678595,1.8466693368264535,6380.0,6479.0,139.0,-39.836843779143216,-597.0123220591291,1,2,0,2022,jng,0
3,2,8,8.676725160799313,283.5850570182332,695.9725407109742,0.21244408523327807,0.9700783062622955,4603.0,6455.0,97.0,312.48492611860894,414.5852624713544,0,2,0,2022,bot,0
7,6,5,8.400324612309056,438.32762474749296,556.3275590911999,0.27672691007563227,1.222777376228028,5004.0,5926.0,65.0,112.06850372195504,-246.46995033677155,0,2,2,2023,top,0
2,2,8,8.133822309901868,372.6948294724251,445.915080880294,0.28425723629197897,2.3939562271810773,5293.0,6276.0,83.0,467.3943387499002,-288.30719559021014,1,3,1,2024,mid,1
3,6,5,6.3774243616332615,433.4006183738202,230.46509367371834,0.22047728961266122,1.5859731033437248,,6025.0,100.0,-303.2857379657627,-230.19452948338,0,2,2,2024,jng,1
5,4,6,8.131708865902896,421.6508975690563,671.539312332136,0.13005119791448394,0.7971030921497553,,6796.0,94.0,417.39176025555093,147.98730208803713,2,2,2,2024,bot,1
2,4,6,8.081292457183064,251.97052548609915,638.1292843470783,0.20402454802472567,1.6124545942114925,5892.0,5857.0,76.0,100.69754512642004,-317.9523300032214,1,2,0,2024,jng,0
0,3,3,6.097475129174084,407.76903141562383,310.6817916243465,0.2603991179979334,1.4819240312480664,6520.0,6107.0,96.0,-430.8963439861464,338.1855497672494,2,1,3,2024,bot,0
4,4,5,7.3939412099035895,346.26838949995755,604.4929212020911,0.28998893945437565,1.84633148900813,5964.0,6485.0,105.0,849.6026563398743,-157.68347552680297,3,2,0,2024,jng,0
6,2,6,7.6078406320648115,389.75243183799364,574.7086333398886,0.27626973341055366,1.785333178444377,6267.0,6304.0,,255.68821402494117,360.74444536933424,2,0,2,2024,sup,1
2,1,4,7.437276507027982,445.0723537878314,675.8459985838147,0.29842258188333926,1.4730497275218546,5128.0,5762.0,86.0,398.7950894469823,-126.94835644445709,0,2,1,2024,top,1
7,4,3,6.145986120058245,290.69541125549785,605.6672072983032,0.2914693165792531,0.8667545702040961,5378.0,5480.0,114.0,-140.14266945435458,-229.7190453550683,1,2,1,2022,top,0
4,2,3,9.123318541741261,386.79799241400224,226.3459343990894,0.37728876019934426,1.7240898580153414,5379.0,5599.0,120.0,-133.14305453210423,230.03426849169892,0,3,0,2024,top,0
2,3,7,6.132978061071086,332.79567487183675,505.30052887951314,0.21739436657651776,1.3465028863173638,6739.0,6545.0,129.0,447.0095291014079,403.46930616076844,1,6,1,2023,jng,0
4,2,7,10.152755698146597,432.1624612079471,526.8746538755262,0.24036817032154886,0.9998796950067568,5629.0,5816.0,91.0,279.1332520885746,-169.7107611363142,1,1,1,2023,jng,1
6,0,4,7.799223731843075,384.5544284561491,470.7140203022892,0.1274483726270101,1.3451016494724768,5669.0,6114.0,72.0,218.9245870890768,275.87784340725347,1,2,1,2022,bot,0
2,1,5,10.825034721976909,361.3299265779623,456.10086782895297,0.2998717171814639,1.4545873950818724,4996.0,6060.0,96.0,,,2,2,1,2022,jng,0
2,2,7,7.824230389060829,398.023060800447,537.9081536729332,0.15922266909849184,1.6188941647344544,,6071.0,93.0,-735.3086633098598,-659.1401185453504,1,4,0,2024,top,0
3,1,6,8.422587176881503,416.052194051753,663.7170931151425,0.18257875038608953,1.193243483158853,6063.0,5030.0,96.0,,,2,6,1,2024,mid,0
5,4,8,8.281853983445803,310.9725183608735,367.7606578573975,0.14911230511019852,1.8736434698396898,6114.0,5778.0,101.0,997.6774264669803,-178.04590489415003,1,3,1,2022,bot,0
4,3,3,9.136986407169246,317.62345978642725,583.0235501914044,0.13020370230354394,1.359969814709911,,5528.0,100.0,-242.99312935656934,646.1586550703928,1,3,1,2022,jng,1
2,3,7,8.997223861166828,407.68317864673907,629.2125691557376,0.15883224994379005,2.0189330444354745,5256.0,5856.0,95.0,392.37110489837875,-147.99139833550805,0,1,0,2024,sup,1
5,1,9,8.810013978584543,323.880326969447,530.6697391710056,0.17824975139205482,1.2488716196385465,5368.0,6211.0,88.0,,-318.8088538261139,3,3,0,2023,bot,0
3,3,7,6.7944828775242,381.05087668459527,516.6431683217934,0.2911779314384717,1.0820158897202168,5850.0,5195.0,96.0,-52.249882021790626,452.5343513641682,1,4,0,2022,sup,0
3,3,6,7.231265891175201,313.6048229856752,538.1936996630168,0.14427639205758264,1.235973689898279,5846.0,5498.0,88.0,,-244.97431162325407,2,0,0,2023,sup,0
7,4,9,7.794853769915088,331.6818411128477,752.0850300064477,0.31878760844896675,1.686140144326064,7014.0,5509.0,100.0,1302.373057367861,-66.59761861481275,2,2,1,2023,mid,0
1,7,5,8.14971601330503,391.89982364302506,343.12539976511005,0.2468713330401802,0.9055536834938851,7174.0,6429.0,71.0,-391.45805533711905,725.7151537103028,3,1,1,2022,top,1
3,3,1,5.911233617144131,287.8924037258393,574.4561769416274,0.19366411963203875,1.2782410812836604,4992.0,6350.0,93.0,-631.66921788013,-319.30692421407684,0,4,0,2024,jng,0
4,1,9,8.78419916983566,352.1416029997894,336.4229939373987,0.24736534738304378,1.034137852607408,6086.0,5894.0,117.0,397.98386371055125,-150.82473635733731,1,4,3,2022,sup,0
2,0,5,7.747834297387227,491.7139832233017,658.461869386627,0.2987053681875395,0.6068930539501256,5273.0,5355.0,105.0,92.33877913076314,245.69443839308707,3,2,0,2024,top,1
1,1,6,6.972091333863622,350.94892046729166,487.7349461747679,0.25462016785698094,1.339102949302172,6296.0,5730.0,122.0,-198.6524054042266,-587.4092674833475,3,4,2,2022,jng,0
3,2,4,7.660046852824958,283.0084330170621,551.8509546155201,0.2583398894217266,1.8597771490583157,4986.0,6018.0,113.0,385.3729582279838,-226.85576050133446,2,2,0,2024,mid,0
2,0,4,6.7491363118352155,428.12022596294304,713.4333246132899,0.3250611444832363,0.9797154682839737,4803.0,5512.0,99.0,-711.2938496340465,,2,1,0,2023,top,0
2,2,8,7.331962632682912,370.74086829082427,509.25024704458014,0.4348133851072795,2.1563825655356315,6425.0,6455.0,113.0,44.97021937584091,,1,3,0,2022,jng,0
5,2,7,6.29927305411866,268.189047448419,508.4728424707261,0.08224511536820217,1.9455398190048516,,6466.0,117.0,,,1,4,0,2022,top,0
1,1,9,7.893298954309033,349.40773896452134,520.0431411720144,0.34716721766629344,1.3620270709125102,6200.0,5444.0,,-184.52599181515455,173.10260377088488,1,3,5,2023,bot,0
6,5,5,6.48021515196892,292.86044097582885,643.963207332011,0.18953779126322257,1.9439920888106923,5235.0,5905.0,,-365.9216076732721,283.1333345567215,1,3,0,2022,jng,0
3,0,7,9.302638751306258,383.0500322158213,563.330071319328,0.17205506748104937,1.4356267339564779,5760.0,5718.0,98.0,360.5144494511766,816.9934245747825,2,2,2,2022,jng,1
3,7,9,6.864335017172318,382.8640574624537,578.2870162789842,0.1888861815614095,1.1040107963948824,6089.0,6317.0,83.0,57.23915972122717,940.0576730863281,1,6,2,2023,mid,0
2,1,6,7.072395988529952,349.90099292380313,548.3018433609162,0.24294069491115022,1.0914625182816344,,6586.0,99.0,17.348358127241042,-317.01054880945753,3,3,0,2024,jng,0
4,3,6,7.397115425031985,416.6968961243498,595.0815151211985,0.1777805739700774,0.972394203293744,6616.0,6074.0,124.0,,505.3443959818779,1,2,0,2023,bot,1
1,4,7,9.7990083008993,326.27464907404567,495.9294162989216,0.261919823953173,1.2252246171685726,5461.0,6100.0,,567.5492403269466,216.58568304640966,1,3,2,2023,bot,0
2,5,5,8.426262784095282,284.0985522186467,429.6348567169571,0.19574146471037904,0.7628734059709005,5956.0,5599.0,100.0,-233.47167446464542,-335.9586989700645,1,2,0,2022,top,0
6,1,9,7.304995229725636,374.91607255332406,457.9861802805976,0.16295564208057173,0.916023945732295,,5988.0,105.0,,194.05086783076814,4,3,2,2022,mid,0
0,4,6,7.8810506513812495,452.29816586931963,639.1570978291215,0.17361203147358964,1.1479468526878756,5274.0,6661.0,82.0,369.010512368636,337.79118292943224,2,2,2,2023,bot,1
1,3,8,9.123483801124864,340.95250678818036,588.9639310731245,0.2827756933072904,0.5971115588952893,6001.0,5473.0,85.0,-145.3752819117824,305.4851489637747,1,3,1,2022,top,1
2,4,9,7.482368719316773,432.4277592831156,562.2154372136063,0.24477187593034397,0.9823070863029737,5243.0,5519.0,78.0,306.88080837226096,227.7467468508314,3,2,1,2024,bot,1
3,3,8,8.297034615491581,393.40324877129405,381.472645831888,0.14765341713031138,1.3437277137092452,5489.0,6482.0,89.0,-22.45308707630946,-448.3396299143724,3,5,1,2024,bot,1
4,0,5,8.732046069654048,447.147574081258,524.3704836460836,0.15835357791145513,0.8906274952874985,5791.0,5693.0,95.0,-163.28249510240875,-296.5701120060268,0,1,1,2024,bot,1
2,3,7,9.083174055349389,351.63622021717856,621.1832554956253,0.2518542712993045,1.5287304783594995,5503.0,,121.0,249.02061976178263,-124.80906303102688,1,4,1,2024,bot,1
2,3,5,8.336985869086975,417.00817024371753,444.1266617161791,0.2965379008719925,0.9945803720673112,5884.0,5496.0,65.0,-19.820442786298855,,0,3,3,2023,jng,1
3,1,8,8.235417398666145,376.8168834800907,367.12554361565844,0.2642204727031642,1.0125433531642427,6149.0,6465.0,116.0,306.4795642448538,198.10780204537326,3,2,0,2024,mid,1
4,6,2,8.688753880279119,440.8437610228238,556.0323326946526,0.34999403137953056,0.5261873534576275,5063.0,,112.0,-11.033751762742355,-101.68078290857258,2,1,1,2024,bot,1
1,2,7,9.502909289164478,435.02919689745323,490.4181698659827,0.1730039181719555,1.8036217663552674,5902.0,7052.0,105.0,620.2955958777848,-327.2133435215775,2,1,1,2022,sup,1
2,2,6,6.386204520578102,322.4813961108253,467.85660602915465,0.2977443608306779,0.6627758897842229,,5589.0,67.0,558.1129482452668,,3,3,2,2023,bot,0
4,4,4,9.157271056064879,340.61549526407333,557.0847275898544,0.23110842148343935,2.114591352232775,,6112.0,95.0,-322.708858197399,354.59498158682356,2,3,1,2024,mid,0
4,1,4,7.675744954204886,310.8010450737246,420.331713085154,0.15709650081111837,1.2828368082230532,5487.0,6080.0,78.0,-910.4433520840817,12.614593713171978,1,2,3,2024,sup,0
6,1,4,7.975601054049095,382.58504185087503,756.6998441248834,0.20827339491349264,1.2902997199728534,6094.0,6649.0,90.0,-259.1583872630352,,2,1,2,2024,mid,0
1,1,5,7.443659988375531,353.4608447316975,539.704943906974,0.25315156109838066,1.4711096283441794,6306.0,5952.0,103.0,461.5331881551075,-348.7088311712481,2,2,2,2024,top,0
5,3,10,8.64979894973605,426.45410829476174,608.0075352465299,0.13829415111408735,0.5891313722096538,5459.0,6158.0,115.0,-602.8882723949317,-448.2639375654279,3,1,0,2022,top,0
5,1,10,7.89946546570375,311.2655727411428,686.914668453641,0.22183209019649394,1.077643417473144,6656.0,6080.0,103.0,-345.65366845770006,0.1961707123744958,3,1,3,2023,bot,0
0,4,3,7.869999772034872,270.7158060177689,612.7334306502828,0.25198846260440694,1.4970435641624613,,,74.0,-530.5246642992158,451.86106094550456,0,3,1,2022,sup,0
5,3,5,8.480884612279349,300.9445142779281,552.4284239308336,0.20765373609386,1.6626729622600078,5819.0,5465.0,101.0,,176.137873033285,0,1,1,2024,sup,0
3,4,4,7.637213827536542,328.49375302614965,638.3140398390944,0.1748105785445238,1.7482392030503873,7251.0,,97.0,-169.94456695189695,-284.2202491339477,1,1,3,2024,jng,0
2,3,7,6.672759479132581,284.2768084874633,492.7924955535105,0.32944594668722404,1.4697245380843285,6109.0,6574.0,111.0,-181.5885182150433,108.0091826166261,0,4,0,2024,top,0
3,2,5,7.518750939221141,327.10342766813534,610.6656859041483,0.02,1.6037973276802158,6021.0,6535.0,111.0,-593.9860498292112,-126.54208140349743,3,2,1,2023,mid,0
5,1,8,8.814139351397234,397.3466411379256,525.4349004017879,0.20965413728160756,0.9117669341590049,5184.0,6663.0,114.0,-416.31309841810935,-120.72418528646119,1,4,3,2023,sup,1
5,3,4,7.42772866414545,212.36738424460435,563.5394793550092,0.30375961298099696,0.33814121664214136,5891.0,5571.0,120.0,-571.390010805283,-422.5274787786558,0,0,3,2024,sup,0
2,1,4,7.095855858204172,341.32014140581407,570.6202685684636,0.30845697847437964,1.3263327678852268,5559.0,5328.0,81.0,-219.11834216840322,324.4569416546506,1,5,0,2022,top,0
4,3,7,7.104740587840168,480.2918482077805,630.071447220519,0.269336889316086,0.6440573648477677,5985.0,5767.0,90.0,-565.6832569167811,-187.50326243485958,2,1,0,2022,top,0
5,2,7,6.348126800024895,380.81084663913805,497.5788315898509,0.2697498699968295,0.934493780967558,,5838.0,82.0,693.1999289300691,-183.91119209748035,2,3,1,2023,jng,0
3,3,5,7.359690942826197,390.6500414101581,532.0838416772593,0.33783613165885523,1.056824989212965,5510.0,5729.0,80.0,633.7959571034792,42.1929836501256,1,3,2,2024,top,1
2,2,3,6.564460647249069,360.4451608291621,750.6853710259389,0.20216024623879986,1.6747839394668964,6291.0,6415.0,63.0,-570.3997459483664,-411.0638916548733,2,2,0,2024,sup,0
1,3,6,8.48770650215316,441.74686174233256,339.3060575492491,0.2417895982890435,0.81427285695511,5700.0,6474.0,,193.49429076240543,,3,2,4,2023,jng,1
5,5,5,8.46346159807129,448.31921403412764,469.1122395827674,0.07737228270895319,1.4390597940959444,7090.0,5136.0,105.0,304.4049512426419,-190.49728173179722,1,3,0,2023,mid,1
3,3,5,7.7796768511211045,335.58855721613145,384.05649151837855,0.18297641810648277,0.7561804456898127,,5527.0,91.0,421.3030209955764,515.2674016605836,1,3,1,2024,bot,1
4,2,5,6.979534070850311,387.09587751605636,286.68062781083097,0.10799695148111711,1.5304189232036702,5668.0,6761.0,102.0,-232.55319806699333,-52.469447503453296,2,1,1,2023,sup,1
4,3,5,7.951895632150583,330.117864129292,599.3753521658098,0.17031406404364557,1.0404910587524832,5982.0,5987.0,88.0,-297.6374873152339,125.26068085483291,1,3,1,2024,bot,0
3,4,6,7.7750670140452876,449.20134453563315,581.8561359532072,0.2627953191831196,1.2483614872941429,6591.0,5572.0,72.0,485.4935147338351,157.04949548089638,1,1,0,2024,mid,1
1,3,6,8.662074461590564,288.5864234584511,526.7884916987659,0.4128072101787424,1.9670386217271916,6447.0,5709.0,94.0,470.28274262219236,-211.7332153703345,3,0,0,2022,jng,0
1,3,4,7.009247065118249,390.5655436895804,502.0077246952037,0.10110429719684598,1.983515032151371,6489.0,6040.0,116.0,535.1218653673513,,2,2,3,2024,jng,0
3,0,6,8.391341461193624,403.4076161054683,294.21587889479576,0.3106473351445319,1.7865182953189873,5453.0,,98.0,-576.1299223361741,198.89101811663323,2,0,3,2022,sup,0
4,3,4,8.143570442278811,270.80659866917773,720.2575494818532,0.3895241087629939,2.0660413342985504,5119.0,6081.0,120.0,,-202.0909626322698,0,2,3,2022,jng,0
0,2,8,5.25558818876288,367.8803831707998,688.2170697714312,0.21680043778064262,0.5589759325518788,5685.0,5680.0,,-205.54557117993122,29.29873858607074,3,2,2,2024,bot,0
3,4,7,8.590758378999194,367.1985659913069,522.3434428643438,0.19075700047405073,2.1694016557070506,5300.0,5738.0,,128.58983200488333,443.4445797449279,2,2,2,2024,bot,1
4,4,11,7.606178296520623,420.7597654001594,539.5053176368118,0.3081820890207632,1.0421285471490283,6030.0,6493.0,,487.4520184934078,,2,1,2,2024,mid,1
5,1,6,11.117471708531625,304.7828792319673,593.3668914158017,0.2806389712501445,2.091464986308498,7167.0,5688.0,81.0,-426.8792994005993,163.51576490142105,1,3,0,2023,top,1
2,2,14,8.502384689543575,368.9496577459464,650.824204298564,0.22764946758054344,1.6245734590253522,5996.0,5352.0,96.0,653.8074606226056,-464.49426273855966,2,2,2,2024,jng,1
3,4,2,7.225162899261153,345.8713743256325,458.65274577314614,0.313350563500079,1.102178358396744,6357.0,6007.0,135.0,287.65983308960284,-358.61697141568317,1,2,1,2023,sup,0
2,1,6,6.351578069833334,346.06306666942896,483.20853071413,0.2055898785854037,1.615237668503241,5376.0,6247.0,,-410.22028989804824,499.453108153827,1,2,2,2024,mid,0
2,4,2,8.856533217664222,408.52364089497036,531.3329638935935,0.2781013692513956,1.1587455634919224,5525.0,6116.0,76.0,,66.49519377585325,3,3,1,2024,top,0
6,1,3,8.511083234803193,373.291101699692,601.9095408065109,0.27801070165427266,1.797669225004801,5399.0,6091.0,90.0,,-93.55850130616264,2,4,1,2024,top,0
4,2,4,7.929903117616715,385.740595722488,183.19333567957062,0.28575071540208047,1.650108268009197,6200.0,6173.0,136.0,-33.059155656603366,,1,2,1,2024,sup,1
4,4,3,7.042997555244258,412.9745466307452,570.4869387105083,0.3159529407902127,2.0113179130444148,7271.0,6500.0,116.0,-292.64590466397283,404.84585098936697,1,2,1,2023,top,0
3,2,2,8.21591503539631,396.9906887679689,614.6068722950514,0.19785072065913137,1.5222935333851408,6789.0,5843.0,116.0,758.9594304182626,67.64444634392365,0,1,3,2024,mid,1
2,5,4,9.971785801514672,374.3785314969671,492.13093738748995,0.28862630323919364,1.2630426855030512,6165.0,6251.0,68.0,904.6997394023824,595.0030813825667,0,4,0,2022,mid,1
3,3,4,8.889129927395741,336.14705434616167,481.405239563872,0.16410641057293177,1.849796028399539,5349.0,6417.0,106.0,119.25683121799109,279.19753836859365,1,1,0,2023,jng,1
3,4,4,8.297676145488015,429.3640223594263,535.4313337053457,0.3158651968967502,1.2510012112937363,5822.0,5167.0,83.0,321.9495196612193,525.2427860038429,1,0,0,2024,sup,1
6,5,4,7.4999764941868365,302.22269458188407,736.8049609712359,0.19841411633446585,1.151324825343674,6791.0,6192.0,105.0,,79.32334937694844,0,1,1,2023,sup,0
1,4,5,7.856021034099963,469.26032298436365,463.33237576908965,0.1823024679132926,1.0640875194229715,5530.0,5565.0,108.0,662.720285346364,720.8341544009127,4,4,1,2024,sup,1
8,3,9,6.604373567660599,348.0012287246737,379.69193930925167,0.1271528346299997,1.4336351428866076,6021.0,6101.0,86.0,225.2150949482326,,0,0,3,2024,mid,0
1,1,7,7.543001743732812,331.659052043346,366.49329720219816,0.18128169983273196,1.6809183941642059,,6125.0,129.0,-1154.0169337048505,-9.197971817159221,3,4,1,2024,mid,0
3,0,10,6.875697733138773,389.39063258942167,512.0318111289394,0.21172585885738782,1.764994926755111,6029.0,5952.0,92.0,133.0501824736363,-412.46194700914293,1,0,1,2024,top,0
1,2,8,8.214645962551828,259.924608007562,585.866298548554,0.1390710638873803,1.6139955281228877,6308.0,6373.0,57.0,175.54470956732345,759.3542600445161,3,2,2,2023,top,0
0,4,7,8.389292929493642,391.1456224767386,566.685699947464,0.1716089325334488,1.6815562063196599,6558.0,5137.0,100.0,,425.2809850386263,2,1,0,2023,bot,1
7,1,9,8.012668421898907,300.23017694427796,533.1474808509341,0.3174045470828566,1.6287766742599692,6016.0,6160.0,115.0,-341.4095667085504,369.49349298936954,0,1,1,2024,jng,1
2,1,9,7.433841544392314,474.21045161616195,692.9308798465433,0.21396809486510254,1.7071954392520836,5819.0,5779.0,114.0,650.0128526395896,-365.9953563777125,1,3,2,2023,jng,0
2,3,3,6.722325383536483,271.5657493482792,597.1634253580789,0.30348969817991894,2.0155838879887065,5743.0,5443.0,117.0,-527.2397596237286,-186.82598731847344,1,2,0,2023,sup,0
8,4,3,6.755910400665148,443.85820538024456,703.5094436880785,0.3157535234275821,2.179564068583283,5039.0,6342.0,101.0,683.4921871445583,,4,2,1,2023,sup,0
5,3,7,7.724709342413054,333.6597185774817,600.5822945976734,0.1862194925141664,2.199248110647285,6187.0,5571.0,77.0,-1207.199130592138,364.35259767707635,0,4,0,2023,sup,0
4,3,6,9.044580237468908,415.8154486945555,766.9128835302758,0.039175679750236475,1.6437965613449301,5349.0,7130.0,109.0,-371.4136191289233,115.89723919421273,1,3,0,2023,top,1
2,2,4,5.427236997464966,301.24865521995883,705.126336287793,0.27562637772360177,2.2412301553958143,5760.0,6097.0,103.0,129.60304277572186,477.82179172724966,3,0,2,2022,sup,0
3,1,9,8.490752850897328,391.6470580143298,605.9423716252105,0.3975695809253602,0.7764876329736863,6537.0,6199.0,102.0,248.7650610460367,-608.0385682487581,3,1,1,2022,bot,0
3,2,10,8.287144950579274,442.05844952506254,512.1544530290244,0.19883008838153782,2.2147017863449205,5574.0,6074.0,104.0,713.4776849191857,,1,1,2,2023,top,1
4,4,4,7.672208531727469,358.7524396410744,483.4779953593181,0.16618591478948438,1.2755366835118478,6347.0,5910.0,100.0,-969.6769946893928,-322.14362687589545,2,4,1,2022,bot,1
5,3,5,4.790081989658197,352.9265127733851,573.6188420729313,0.1475932842862434,1.2597511976602194,,6502.0,99.0,-184.63378708131995,-310.93697074231073,2,2,1,2023,sup,0
2,1,3,8.52012063660428,333.4677297437387,632.5022247125106,0.21299711448360903,1.936659268513201,6266.0,5743.0,115.0,32.49189642353092,-43.14782496723053,0,2,1,2023,sup,0
2,1,6,8.079920235311965,331.3878203511943,459.2475904823068,0.3218985022816425,0.9863007940641103,6566.0,6020.0,80.0,260.8606777544836,,2,2,0,2024,top,0
3,2,6,7.5562727128266225,325.93176350647815,494.5891409035555,0.19824256100068138,1.492758901796565,6267.0,6309.0,115.0,,392.36532298650116,2,0,1,2024,bot,0
2,2,8,7.379224066416033,288.24763188842843,647.0878752368533,0.2985035375071513,2.119544690135638,6252.0,5994.0,107.0,-381.686738489905,,4,6,0,2022,jng,0
1,2,8,8.287174875839979,321.17621416913846,560.7227483970356,0.3328694862320054,1.2644152994447106,,6321.0,117.0,-52.824197644484286,100.72679175829629,1,2,0,2022,sup,0
2,3,9,7.573163233928419,376.6107832705816,658.4541895637983,0.15599134928762592,1.7729438617153577,4361.0,5934.0,85.0,-82.94310007222948,,0,4,1,2024,jng,0
3,2,5,7.966629312209247,483.99961801894904,426.8498189979691,0.1599243409447157,0.8051419977368935,4936.0,6298.0,108.0,249.49645729665454,282.5152388288282,4,1,1,2022,sup,1
4,2,4,7.951152962580143,405.6090711727316,452.43874629309823,0.287650751398235,1.456469767850591,6857.0,6324.0,110.0,520.0965396955343,176.9664145501954,2,1,3,2024,jng,0
1,4,2,6.604552490033129,319.14069630616524,461.62998059063955,0.19883719137018277,1.7745620892212872,6006.0,6846.0,93.0,980.9860126408457,-47.652261649875705,1,2,2,2022,bot,0
2,3,5,7.094030430514041,500.2220248029042,414.9992859628467,0.24571270750069055,2.3110834116226586,5560.0,,81.0,629.487212402835,33.71296240758542,0,1,2,2022,jng,1
6,2,7,7.5820822239045915,320.17059366215165,673.8235317945675,0.2296233768145034,1.9446171756318211,5823.0,6680.0,99.0,-104.08985423104919,-720.3553388159416,2,5,2,2022,top,0
4,2,10,7.002506592880815,334.5657053973164,580.3701515826158,0.22438661927099315,1.694729419230361,,6456.0,83.0,-494.84857349797755,27.643106233304664,2,4,1,2022,top,0
5,1,1,8.465958221932114,366.80362048407795,443.0375505368426,0.06964304835719143,0.5269677366261547,4904.0,5075.0,,,496.1683729019809,3,4,1,2023,sup,1
3,0,5,5.993174437641495,382.85914574321157,441.3830923772596,0.18752657582764168,1.9932034496782651,6418.0,5606.0,94.0,-844.047540845117,-469.28540314335515,1,1,3,2024,mid,0
3,3,5,6.584732482489013,363.7530658709696,481.90578971131947,0.20192636813645767,1.6385774792998875,5200.0,6111.0,93.0,71.37602676649416,-396.42062969648845,2,1,0,2023,bot,0
3,1,6,5.680601582126202,368.28140835160934,722.5526680557025,0.12368899679467324,2.2787379014896594,6323.0,5897.0,72.0,-632.4058474998046,-60.44157470294749,1,4,1,2022,jng,0
2,3,5,9.431889898269743,369.46688153529766,416.8962239422616,0.1104043462503678,1.3303516813882377,6057.0,6485.0,92.0,-77.98816018345961,-604.433914312384,0,3,5,2024,mid,0
2,4,7,6.802230872135033,438.1342091119809,567.3539957450732,0.18450228461569082,1.2473827421196275,4647.0,6175.0,71.0,603.7462613030314,-605.1001082114976,1,3,1,2024,bot,1
3,2,7,9.07678273818271,336.1567690356603,569.6090000522909,0.29144579129641535,0.9143369893165162,4753.0,6518.0,99.0,102.82933209004412,-91.06546416847155,4,1,2,2024,mid,0
3,4,6,7.160868114882695,447.6477193613232,731.7857125986038,0.1196214588678263,1.4557859255473322,6925.0,5851.0,74.0,-192.65827265884684,141.47145703170688,1,3,2,2023,top,1
0,2,7,7.8994928436806005,465.4072622288713,585.2226589411883,0.3039958957597853,1.2062500671415284,5916.0,6105.0,125.0,665.9879754650203,747.5675591554889,0,2,2,2024,top,1
5,3,6,9.58750407661959,392.28311217327706,668.0101018055856,0.199149397269747,1.232154762140164,4683.0,5690.0,114.0,,,0,5,3,2022,top,1
5,4,13,6.6420071473042395,378.1908391287337,531.6572563438593,0.23326307191572207,1.7937982005062127,5927.0,6149.0,,24.11703847569855,-13.895947947271502,0,3,0,2022,bot,0
3,1,2,10.307233877008006,410.32201462855033,685.7643062757322,0.2661709336199858,1.1456186681691054,5307.0,5250.0,123.0,639.1849856465117,-271.2477847382278,2,4,0,2022,sup,1
3,1,8,7.631584942552288,299.05152511971266,497.8725632237041,0.3243567401657156,1.3223273672330753,5713.0,6313.0,109.0,,36.97572465412175,2,2,1,2023,top,1
2,8,5,8.812854007796043,372.7550797130547,342.33649409930786,0.11432326798011766,1.7059193816016474,6087.0,6893.0,91.0,1002.766311550874,-470.65374305262026,1,1,0,2022,bot,1
3,2,1,8.273243779354742,375.0048093714856,539.0303383446548,0.12029163254862205,1.836923212791277,6395.0,,115.0,123.94860961562173,185.23217958194067,1,5,0,2023,sup,1
2,4,6,7.218510350877427,386.9949407936865,620.8815022890798,0.12079839204402157,0.9471818334436949,5799.0,6345.0,78.0,-693.3335339247408,-476.2453815636211,0,2,1,2024,top,0
4,2,10,8.36675943756136,441.94898366086085,582.1066345893353,0.30705227819210035,1.698193795517097,4987.0,6116.0,106.0,846.5329535997878,-59.57221117336212,2,3,0,2023,mid,1
0,0,6,8.616316663141385,386.38331236137714,447.16928396892786,0.3117693843782319,1.6803319932787466,5876.0,6780.0,102.0,-134.9275464423452,-256.741851261485,1,2,0,2023,sup,1
2,3,5,6.274447297246571,364.45860832396687,306.0553327490296,0.2901746939373654,1.1316421585503762,6203.0,6207.0,71.0,,-63.75053620763322,2,3,1,2022,jng,0
4,3,6,7.377207311872406,310.6159332373556,434.2459777764962,0.16558430162918492,0.8009781292712244,4974.0,6684.0,116.0,-1189.8701914495575,-114.01036532477032,0,3,1,2022,mid,0
2,2,6,5.727872039362222,362.62947654844595,372.04090041114904,0.2323366203428069,0.8652830654909542,5970.0,5871.0,125.0,148.22045117804703,345.9563496161245,1,3,0,2024,sup,0
2,3,3,8.393840120378933,375.6627050659399,465.78502275292817,0.15116168621862885,2.4430214063945996,6847.0,5313.0,115.0,257.0498318617892,2.565186371381216,1,1,2,2023,top,0
2,5,5,7.154495894192268,485.81879404282336,465.95913158879705,0.26470529690210287,0.6868656808019418,5910.0,5522.0,76.0,-14.64967966607594,332.3544250471731,0,4,0,2024,top,1
8,2,13,8.551828207866139,404.9865124612388,691.7424097541651,0.21470396340561815,1.7672381305310603,6274.0,5008.0,94.0,81.35305970921016,23.210730554621918,2,1,2,2023,jng,0
2,2,4,9.805466117432509,297.27471755331015,820.2815635065277,0.24100327282039946,1.0848954163437161,5810.0,6585.0,103.0,-110.26774902494259,-273.0613027439156,2,2,1,2022,mid,1
4,1,9,7.534659334705924,396.73876490870845,729.3630091576437,0.24472442324855953,1.3737878944387434,5720.0,6101.0,93.0,-107.41677270624747,151.36194908427387,1,2,1,2022,sup,0
3,3,5,7.473033765552278,393.13187239149534,469.54149444331483,0.17340199331968162,1.5457465264195143,5505.0,5219.0,112.0,-122.49180992220482,-157.72362586280497,1,1,1,2024,bot,0
2,2,9,8.296934461417782,363.90906818140536,483.73334165220797,0.25339714673005465,1.2298876151939835,6214.0,6629.0,94.0,-760.9231961802501,481.75396966179187,0,2,4,2022,jng,0
1,1,6,8.85514501214896,432.2355550254263,595.4043186012402,0.1499435374915573,1.1121209025343213,5463.0,6709.0,124.0,-109.37573133518742,-878.689125431079,2,4,1,2023,mid,0
0,3,7,6.686686335900424,446.3343399632299,521.3333488404428,0.27780742432958416,1.3943290125090395,,6161.0,110.0,-64.97375748013008,683.3909025206575,3,3,1,2022,top,1
5,1,4,9.09688364705436,444.1201055346395,690.9243635606019,0.20289437062025206,1.144904847826246,5599.0,6030.0,89.0,-142.50624495438404,12.849157554300078,1,2,2,2023,jng,1
4,1,11,6.797730349855296,359.07089694516696,442.3914366004807,0.0922018029783769,1.258916800146905,5955.0,5945.0,96.0,,305.27726143851214,1,1,1,2023,mid,0
5,0,4,7.413637061510914,348.9211220734175,667.6334823854236,0.15033082900765032,0.9538140541963175,5584.0,5679.0,113.0,,-84.17564507672199,3,5,3,2023,top,0
2,1,4,9.51210809214041,393.3259769025264,517.5207727829635,0.25673769148526177,1.2093387714050567,5877.0,7007.0,85.0,674.1861003511497,-80.880220249888,0,1,3,2024,mid,1
3,1,5,9.027414616676449,378.71263865815865,261.5230032118316,0.2957202861451964,1.2151041381717453,6015.0,6120.0,124.0,-2.9846214226320456,945.403122894334,2,6,0,2023,top,1
3,3,10,7.580518852466059,404.2781009316281,611.2346680207452,0.16733799552566167,1.09322937860685,5589.0,5888.0,99.0,-103.73773083653857,211.82721499289664,1,2,0,2023,mid,0
3,2,6,8.078912004004355,293.8735874577737,515.0611499754189,0.35817374792216555,1.4490981333097464,6654.0,6497.0,104.0,289.5240375155392,-368.99170122008337,2,1,1,2023,mid,0
1,1,5,8.594095673073017,426.1567805928908,596.1471220560844,0.3463784868024721,1.29096202446762,6004.0,6077.0,105.0,-133.3576105732812,,1,3,2,2023,top,1
4,4,8,4.24957316485227,420.7047712779246,398.15520737190246,0.3206369969910195,2.0925121913278844,6213.0,6910.0,114.0,-718.1638792367037,,2,4,1,2023,bot,0
7,2,5,7.391610208950151,390.54219071610373,559.7787828102635,0.2099912790990534,2.2222691794377663,6028.0,,108.0,342.95263758301064,-8.741366364190299,3,4,1,2022,top,1
1,0,4,8.291289536245877,331.72336990328137,372.0531724419791,0.14802750597004843,1.7069937909186572,4993.0,6087.0,98.0,400.48793128744376,-174.56084868650532,2,3,3,2023,mid,1
2,2,6,6.977616852733835,268.0931880653312,765.818730424339,0.2312523595743033,1.759693365751848,5639.0,5900.0,75.0,-65.20264629989488,376.2508885606084,0,4,1,2024,sup,0
2,4,2,6.427616157181057,388.6094878282059,452.97863667419495,0.12924988152846856,1.140065853172531,6378.0,4950.0,86.0,-718.342477442426,-990.5765176435586,0,0,1,2023,mid,0
5,1,5,9.09006873815117,459.51307416224154,739.6499922498552,0.29087041013286136,1.7905470357879267,5879.0,,107.0,390.6903296819372,-415.11381028461426,0,2,1,2024,bot,1
0,2,8,7.03553257441129,390.4511185551785,509.46094831822484,0.2805518777386916,1.2269121923050785,5380.0,5892.0,72.0,321.25029679094837,-179.1172759738328,2,4,0,2023,bot,0
4,2,8,7.7624681170726,334.81183854947193,605.3265749459351,0.10127056247969257,1.5259716405119128,,6020.0,65.0,-262.49206294293754,-319.9719964624043,3,3,0,2024,sup,0
4,3,10,9.048257246250804,291.5131522781125,469.03762991207935,0.24515241409584665,1.102189931881222,4990.0,5602.0,99.0,204.72225645982422,416.11460832019185,0,4,4,2024,top,0
3,0,9,7.787754864609659,343.7083288201646,457.72613023467613,0.36701028690066406,1.5265816993263708,5577.0,5654.0,99.0,670.5102102703379,50.07259565245009,1,1,1,2022,bot,1
3,2,4,6.295396754625024,287.0327277233788,542.9662493303906,0.27606258686569957,0.8618533951756963,5590.0,,91.0,-445.3278403316479,,3,4,2,2023,mid,0
8,1,6,7.003491489040192,360.25123773075103,726.1775038467823,0.16399902317495862,0.6328832375850768,5630.0,6432.0,68.0,-203.9467151708101,258.44121575662683,3,3,2,2023,jng,0
2,2,6,6.904104911162489,285.3695003523977,521.920738220985,0.18377581364555864,1.539951240158373,4958.0,6306.0,60.0,-37.958048108697234,1.2736225259226899,1,2,3,2022,jng,0
4,4,6,9.280460072641668,453.2723007201695,583.2961817908796,0.1904008493992036,1.8141275590257662,6757.0,7142.0,113.0,-177.33117818780931,277.50197231188645,3,3,2,2022,top,1
5,3,7,6.01954226786683,426.1288274082825,651.4465291307633,0.12754983214455745,1.1573984248184936,4905.0,6361.0,117.0,735.5629711999062,-398.46461276016055,1,6,0,2022,mid,0
1,0,0,8.67396777614159,299.0428715776857,406.50560197705244,0.16251788551076857,0.8391386807155673,5993.0,6229.0,107.0,-523.8146280308049,190.3835201566257,1,3,2,2022,bot,0
0,2,7,7.617505729979756,447.83898324931414,572.5629098831486,0.21185981327385567,1.762639612211391,6187.0,5628.0,103.0,-207.7111730713631,132.20750951312576,2,5,0,2024,mid,0
1,1,1,7.971238866802998,402.9982586535675,451.3491569355769,0.2978370133490558,1.1828353903629862,5973.0,4629.0,105.0,-204.77262812684071,658.7877457921187,2,3,1,2023,sup,0
3,2,4,7.177999800281703,410.7035827537367,717.7063678131326,0.21669610768763853,1.6824069780389537,5396.0,5260.0,87.0,-375.595722637416,-556.0935596495473,3,5,2,2024,sup,0
2,3,6,8.922575615953992,401.78601567385044,405.5927139011425,0.16443310848304896,1.0363561773522003,5682.0,5670.0,88.0,-222.45384309631743,-51.837611544464266,1,1,0,2024,bot,1
2,4,4,7.14521703027527,315.22134705287493,482.68078699153244,0.1255901132559291,1.6791047146103133,4569.0,6117.0,107.0,732.3964473854666,139.01162721307514,1,1,3,2022,bot,1
2,3,4,8.781057530020293,405.0708339392247,460.45475778592754,0.1226166773164978,1.4319560613130113,5934.0,6322.0,66.0,-237.23134622231095,-386.7713931075547,2,2,0,2023,mid,1
2,5,5,9.310447268875425,381.74446578923164,338.40311971429844,0.3305639376832106,1.3788817492505088,5667.0,5836.0,97.0,-456.0094286934227,-435.0377119624322,3,2,1,2023,top,0
2,3,8,8.118180899788328,336.40531455829057,742.6068358884773,0.23792319696413827,1.4134010796601353,4338.0,6015.0,95.0,,-535.3194209190195,3,3,0,2023,top,0
2,3,12,7.419159402346713,348.57222798272034,306.82230902955814,0.21218562653950335,1.7782083910147843,4044.0,6800.0,95.0,-330.1810169964758,-42.24129930690665,2,1,2,2022,mid,0
1,2,5,7.254074634168983,331.8390537347041,609.98446313915,0.2580219485943792,1.1408710997716058,6575.0,,,,16.971809924337705,2,1,0,2024,mid,0
3,1,10,10.425031770346047,383.148233883161,605.971180751286,0.27200490840934066,1.3330941660365805,6026.0,4982.0,86.0,336.2482588745857,409.5225808085045,1,1,1,2023,sup,1
8,3,4,6.27468790141133,346.6823021436582,752.2465987180134,0.14091233945038928,2.3763559282839615,6366.0,5752.0,104.0,224.2919220115034,-187.72415925005495,1,0,0,2023,jng,0
3,2,6,7.776548498311006,386.7859323259231,615.8753061536083,0.2653266947415469,1.681668352837323,5981.0,5828.0,107.0,592.975060780891,-426.1433109106308,0,2,2,2024,top,1
4,5,4,7.683429505655242,468.09190088405506,383.48604595602865,0.24961491304158268,1.0427441627211667,5229.0,4906.0,105.0,110.5932407655183,8.480475206264387,0,2,1,2024,bot,1
1,2,9,8.571217540489112,465.4362606515187,583.8469191419371,0.2868214900705379,1.2870259768587167,5290.0,5993.0,107.0,-430.306699235564,665.7877431154249,1,1,0,2023,sup,1
1,2,4,7.776295090727841,336.3468200635917,639.0811963207819,0.20376099612718634,1.2621990638975191,6233.0,6717.0,97.0,-445.79529073875074,-9.971874346293191,0,5,1,2023,top,0
4,2,6,9.073536496898013,386.06526157521347,504.45706521167745,0.07803107895986933,1.4480754257099566,5522.0,6075.0,88.0,-798.4367563122871,-278.0121111442206,3,2,2,2023,top,0
0,5,9,5.8391335927548385,286.36798902456434,645.3427910432308,0.17532968533053378,1.8806280451088904,5864.0,6446.0,95.0,-53.82881323254372,-259.77234966612616,2,0,2,2022,mid,0
3,3,3,8.655890686020955,463.168746332656,795.5724593661749,0.22099427693901952,1.4175828150389373,6086.0,5395.0,83.0,981.2602283339994,570.4181025986604,2,4,3,2023,mid,1
3,1,3,7.397931898354926,322.27532979198617,439.07040793035844,0.10033662416286639,0.9921435261858604,6264.0,,,-124.57365455642991,690.4609778958853,2,5,1,2024,top,1
3,3,3,6.174148741570072,336.316561490303,560.9682805357717,0.21302467612848364,1.4153035441924735,5864.0,5518.0,109.0,332.36590620194266,-95.8937123401045,2,4,1,2024,mid,0
3,3,5,9.62179197300503,366.61233272784625,432.1223173812631,0.20965460577346648,1.7600227219367885,6473.0,6633.0,108.0,-239.21516212060394,-312.65512102446496,2,3,0,2024,bot,0
4,0,7,8.797861734710866,438.20385603979713,558.3611229510607,0.22464159624890273,1.561961131132449,5562.0,5640.0,104.0,-169.987285220067,,1,5,0,2024,bot,1
6,2,6,8.389101977280813,371.21897635551466,495.7607136611465,0.26879640019362766,1.6667289156443794,5052.0,,136.0,491.4970887981696,351.14200754329636,1,1,0,2022,top,1
2,4,6,6.567943417220956,393.34464310474476,220.22586372149084,0.1684923096948884,1.2556440728936242,4550.0,5357.0,90.0,45.643870488710505,,1,3,1,2023,sup,0
3,1,3,8.190334604121105,385.29071401493644,424.72363013735594,0.17320579305881245,1.0297864042847713,5707.0,6380.0,,868.5626840522468,-73.60321129249176,5,1,1,2023,top,0
3,2,9,6.712063797642532,344.48614405769064,486.89322923872453,0.20264413613455262,1.3685214899086522,5718.0,6571.0,113.0,290.40758541460474,,2,5,3,2024,mid,0
5,5,3,8.760148917672852,334.0852872934712,469.70267226314274,0.21853259289780086,1.6527005478263086,5799.0,5600.0,110.0,-530.7500460800983,-325.43207278343647,3,3,4,2024,top,1
4,2,7,7.972951822261844,473.5943989283167,370.5261093313169,0.14713272787588477,1.0975078554347601,4964.0,6012.0,110.0,99.48947026610217,-199.2721264899622,2,2,1,2022,jng,1
2,0,5,8.335814778993377,291.42371143417375,595.4411579067646,0.31408746418630507,1.418166418246594,5973.0,5588.0,112.0,,-80.24217378515135,3,2,1,2023,mid,0
0,6,6,7.843825074334074,355.89457725188873,502.94641595700205,0.29440477071004156,1.397555963108616,6660.0,5959.0,81.0,182.6046882609366,457.6560604223479,0,0,1,2022,jng,0
2,2,4,7.846417811107236,272.16938426384206,496.63526376095626,0.24077421340916813,1.70561568766241,5909.0,6097.0,71.0,-614.409088477888,-814.9451979853152,1,3,1,2022,top,0
4,4,10,9.66909961313551,400.01515391014027,536.9763433916937,0.2673070631126858,1.9840167534446578,5666.0,5955.0,96.0,363.9779564655838,1.2141565008478636,3,2,2,2024,mid,0
1,2,6,6.526791300175547,444.76580193999314,715.8591409579283,0.17095386415666053,1.8208751501646834,4824.0,4747.0,117.0,140.67995364197012,-151.18956107682015,2,3,2,2022,mid,1
1,3,8,8.324674093481045,445.37124934169486,711.0637243969279,0.14160789027256954,1.2420851697789823,6709.0,6761.0,76.0,115.319500114108,-231.99736971091133,2,2,2,2024,top,0
4,2,5,6.773011752107684,326.84498283901183,610.7215941439993,0.3320608075420485,1.2296475882242266,6766.0,5821.0,,-568.055641767904,391.5613280141553,0,2,0,2022,bot,0
3,1,3,9.041354506531084,355.3229497871559,462.1828355379144,0.11365308180825591,1.8012048073681557,5265.0,6106.0,99.0,,202.92411334654966,2,2,0,2023,jng,0
4,4,5,5.812191401482036,403.7901915405373,349.68953207396623,0.2099550935853415,1.409342028676182,5926.0,5792.0,120.0,258.626125815357,-393.3465478777304,1,2,1,2024,mid,0
3,5,7,9.502259127048339,341.57292774004515,241.59481997300082,0.22009886763006228,1.8133555509481212,5780.0,5998.0,96.0,-291.93128687895324,190.0693235637577,2,4,2,2023,top,0
3,3,9,9.07521834917635,470.43419242294925,677.9276860358266,0.27916609064146425,2.0003341490081077,6937.0,6203.0,95.0,402.43400407724687,485.4255829362407,1,4,1,2024,bot,1
2,2,5,8.129398676374311,341.3612476474369,434.500314842152,0.261948434825821,2.0290154477809077,5289.0,5384.0,107.0,-242.81688979879658,451.07706999462033,1,3,2,2024,sup,1
1,0,9,8.391288844222542,404.85710498948214,466.039372225326,0.22802989261628692,1.482229448037451,,6083.0,125.0,353.75223811148675,,2,0,2,2022,bot,0
3,4,2,5.392479337418997,310.4458422494328,435.03073811079304,0.10312326118881195,1.8000950932194713,6523.0,6358.0,76.0,93.93144920190042,-244.1804555454744,1,4,3,2024,jng,1
4,2,6,7.926427080239885,399.8909746571579,731.6738331703463,0.0804324869102882,0.8422739770003577,5412.0,5803.0,113.0,511.4177920277533,499.83810910058145,4,4,1,2024,jng,1
4,3,5,7.029732548486735,356.2064248468787,584.018209766301,0.16862594987506435,1.5545575191030736,5571.0,6056.0,110.0,1013.3933133518133,,0,3,1,2023,mid,0
3,1,3,7.5268381596198575,290.9782899390939,579.1206100579828,0.220219214174776,1.7613710318639044,5342.0,5692.0,,734.654315096348,-362.63276075019337,1,1,0,2024,sup,0
1,3,4,8.174473605088563,392.82078346489294,389.9288529759812,0.2309014969822589,1.1869465717535583,5025.0,5650.0,86.0,6.895398617401071,475.64367662979896,1,3,3,2024,jng,1
7,4,6,7.835175956025943,367.1655441080357,639.6791841817907,0.16221332392923404,0.4522955735887364,5931.0,5181.0,99.0,120.50488213590361,312.414775849206,0,2,2,2024,top,1
2,0,5,8.561414307900174,386.15494710036205,654.9579774625028,0.27362266769363985,1.036800117238306,5813.0,5028.0,115.0,863.8085117380722,-186.5394969588918,0,0,0,2023,sup,1
3,2,6,7.137699093840682,369.8500726713877,631.7282286338004,0.31174206404205856,1.025344179556694,,5650.0,107.0,,-60.38892814586791,0,1,3,2024,mid,1
1,1,6,7.492154464508929,382.8993357693264,615.9591280771608,0.19963457285603164,2.2362675396894325,5148.0,6094.0,114.0,56.57823810815165,482.83610588823694,0,2,2,2022,top,1
6,5,6,8.0111770239014,437.78063436059574,366.84422300601733,0.0813801127942266,0.9302564938584457,6739.0,6099.0,115.0,117.1312908248506,65.69598455223075,0,6,3,2024,bot,0
3,2,11,10.297884617663861,319.1223816211418,238.68785219037,0.30859297319266943,1.6161586239711503,6829.0,6375.0,96.0,635.9439155826583,360.7133502748367,2,5,2,2024,bot,0
0,1,8,6.411281730020537,311.12099284709427,316.6854974241551,0.22069800708200887,1.3662275982818,5981.0,6489.0,101.0,185.9940143615235,-688.2736916435103,2,3,0,2024,top,0
1,1,4,7.391378047328853,415.4718912453522,437.11407992284455,0.25592666110785817,1.647564630025027,5502.0,,99.0,-123.73413692915034,217.64343271587177,3,4,0,2023,bot,1
2,4,10,8.355896777433461,498.37634684339207,470.0506800220335,0.133828885154331,1.396709479856048,6288.0,5406.0,104.0,255.283140680891,-81.12180772774593,2,5,0,2023,jng,1
4,2,8,7.95214302106951,354.6432937020326,522.9855367978577,0.13163873788758707,1.4332486864431844,6364.0,5668.0,128.0,,-187.88652133455525,1,0,3,2022,jng,1
3,6,8,7.049678074736936,388.57823588036774,537.9642828937078,0.3584435917989189,1.8279586104274617,6677.0,5419.0,100.0,189.72879570831827,-932.2108574460551,1,0,2,2022,bot,0
4,3,7,7.1467153307199895,364.8578740733458,570.218084479944,0.2938439722899563,1.4388865321308908,4929.0,,107.0,-1004.5634234637437,-97.50748603175242,2,4,1,2023,mid,0
3,5,11,7.313550039554632,348.0581718922548,458.12865394560384,0.23266608939952887,1.0193893772801663,6026.0,5572.0,105.0,82.96934889705273,-154.54174201143627,1,1,1,2022,jng,0
5,2,4,9.015062994206403,369.46844843400754,510.7994333445246,0.2055886367564563,1.7487861564785605,4799.0,5441.0,97.0,169.04393956717692,-209.99412209467823,2,1,0,2022,bot,1
3,1,8,10.318567336121847,380.73573064225565,601.0519355772459,0.20133487388685914,1.1839769997038991,4610.0,5757.0,109.0,294.4601560120876,-771.5830216227986,1,2,0,2024,bot,1
2,2,6,7.614518527977506,307.79859239071703,562.9002877252549,0.21466434825642958,1.6827375540204546,6191.0,5836.0,92.0,,,1,4,0,2023,top,0
6,1,3,6.6943124562054255,433.4236243106745,582.5301718017704,0.2470435408536067,1.2199840788541458,5796.0,5306.0,103.0,-59.00459507953596,29.012489749901178,5,4,3,2022,top,1
1,2,12,6.589699280614685,440.45493291010814,494.010280533234,0.3017908649873906,1.1122202692614556,5637.0,5304.0,101.0,,397.1380857715892,1,2,1,2024,top,0
6,3,6,8.89079740116964,377.1521063490892,706.8670177475029,0.19666957415665814,1.3708849845858204,4452.0,6348.0,84.0,247.54132425420602,-537.4966846302041,1,1,0,2024,sup,0
1,2,7,6.806395064048618,345.20123425282634,459.30487537835995,0.24178209913466112,1.283514609367063,6524.0,,109.0,-5.974020067637127,67.6789118481713,0,2,1,2024,top,0
0,3,4,10.341596773190936,405.53969565053615,531.8198740349297,0.3190036992826496,1.4588999999198455,5535.0,7029.0,83.0,-278.3497060263981,532.5395396031048,2,1,2,2024,bot,0
3,3,6,6.030658068091499,334.8888764012563,797.1866565916677,0.22034082536654803,1.2862658736983659,5698.0,6346.0,120.0,222.57773823643316,-208.26770990665227,2,1,0,2024,top,0
2,2,9,7.203732769233093,327.7325614682404,363.9907297963322,0.2847951821802174,1.6268495361040536,6656.0,6744.0,92.0,-462.19256488106464,156.7015842970839,4,2,1,2023,mid,0
3,2,4,7.484689263298678,286.77873968091296,449.2659341423158,0.2764220672605588,1.0254123983309054,7736.0,5439.0,72.0,378.1168116653684,-125.59117326123548,2,0,2,2022,jng,0
2,4,10,7.695550815623564,431.5601356369416,566.863036859118,0.3059770814366838,1.9453290509471932,5763.0,,114.0,-415.5121379559396,307.37549488996655,2,1,2,2023,jng,0
5,2,9,8.07001636548248,455.64724118500266,571.0806831292017,0.17561608029972675,1.9942641044319735,5584.0,5955.0,105.0,-94.76035975844525,-156.11740383770774,1,3,1,2024,mid,1
2,3,6,7.59194581343446,354.62411509958866,643.7827914818532,0.27638766245022217,1.3020402047724855,,5894.0,,-189.3392525298156,-17.639800473685824,3,3,0,2023,top,0
5,2,10,8.526399006256607,371.2044581970137,581.1732185907783,0.24784544739583142,1.5405751525324844,5223.0,6847.0,128.0,-317.78556962957396,-38.445631357745334,1,2,1,2024,top,0
6,3,7,7.285930858053896,358.5134310745304,465.3628817892907,0.3128215688287339,1.8813032973928312,5845.0,5994.0,111.0,390.6412274839268,-64.40544739673142,1,1,0,2024,jng,0
2,4,7,6.269388400600344,392.96604648210155,454.3320483628986,0.10359235994576908,1.2834174948572004,6727.0,6257.0,119.0,-626.1030820687467,-957.3080645517017,1,3,0,2023,jng,0
1,4,10,5.168334946771277,293.0704458498751,376.4114256386528,0.41008135941039947,0.6623365167211457,5723.0,5288.0,89.0,-1.539116719792574,-150.8035863911257,2,4,2,2022,sup,0
5,4,8,7.325318303149093,364.25138874416945,527.6712746682128,0.35064994660547577,1.2709157939465463,5233.0,7333.0,,-249.1517269672308,-3.08010286726482,1,1,0,2024,top,0
2,2,6,5.129054656438625,373.4655133128781,393.39107379064774,0.20036645607817022,1.3899358307321288,6248.0,5996.0,82.0,-285.8405148846134,279.247607068756,3,2,1,2023,top,0
3,3,5,7.926574122203847,351.0034910276729,613.831724315028,0.09777184913110636,1.5576480058616948,6333.0,6265.0,95.0,295.8087285807212,-152.91986004029718,0,5,0,2023,jng,1
2,3,6,7.359667615163136,417.3382872137299,616.1884745866445,0.19393932331231709,1.3478557780646292,5482.0,,76.0,207.91955326586844,370.9962657006833,1,3,2,2024,mid,1
5,2,4,8.771126126106765,341.1806957266377,686.1293441656326,0.2622500910735666,1.7233733560338216,5776.0,5206.0,68.0,484.55335208732976,569.994454326971,0,3,1,2023,top,1
0,5,14,8.526632286369022,332.40568880057026,365.3349425989676,0.2714418920523744,1.834854496408684,,6444.0,126.0,325.57957197466743,124.84592206381247,1,1,0,2023,top,1
1,2,3,9.444241028128566,397.3017395993483,699.6152473231842,0.21788314009242793,1.5634650438179136,5018.0,5874.0,92.0,991.5689225028622,132.21049347508017,2,2,1,2022,sup,1
3,3,12,6.963198805588377,348.30039319329956,479.2710597052464,0.20257928860529195,1.4548249204179187,6443.0,6114.0,102.0,-17.694446162386917,684.0604268558059,2,2,3,2022,jng,0
4,1,11,7.864376505414652,409.18037529014276,473.055518956932,0.30936818021841483,1.9333930169751694,4733.0,6127.0,92.0,-292.1603865249109,,1,1,2,2023,top,1
6,1,5,7.3090961814946445,367.0295078451691,746.4114878665948,0.24358404281330642,1.7119091095769228,5581.0,6005.0,91.0,236.6318423467045,-251.56135648100397,0,1,0,2023,bot,0
4,3,4,5.836357347985628,329.0687340627402,524.3394235594695,0.1409296612123218,1.5623183145992066,,5779.0,,-494.9518063330887,-71.08993500684754,0,4,1,2022,mid,0
4,2,6,8.86892663989826,361.4304643754704,660.7135463372168,0.26492164228951426,1.476935974693523,6316.0,6237.0,129.0,497.6407673975509,48.10825786181144,1,2,1,2024,jng,1
1,0,6,8.32026992964576,459.1207855633843,424.85819645251877,0.17845276831464355,1.5284374058553103,5536.0,5633.0,96.0,-53.17006167617582,-530.4177344119739,1,1,1,2024,bot,0
3,3,5,8.159279753723776,465.53198410314457,419.0691157373813,0.17389054329511164,1.426455420196769,5020.0,5980.0,87.0,-162.07113042348044,-543.7250822856348,1,2,2,2022,bot,1
4,4,4,7.50696025067242,341.5582428644395,581.9087063954283,0.22866939715993428,1.4241829492027218,5887.0,6382.0,107.0,-595.3308182493909,-1036.4742314448727,1,3,0,2022,top,0
4,1,8,6.247460653080361,333.70521486230547,334.08577683736644,0.058951636896115045,1.5919145513805104,6166.0,6723.0,,262.71045091397144,117.34039496759277,1,4,4,2024,sup,0
2,3,13,6.889798369938479,251.0561727870884,471.59587579877257,0.1499034352155597,0.753458719177023,5385.0,,78.0,-401.8143670434181,30.162921098483082,2,4,1,2024,jng,0
7,5,7,7.497623897738504,336.7741919091921,312.656530723674,0.22882829695008516,1.083586480176371,5794.0,5949.0,91.0,-190.78675627443738,-466.58738031639075,2,3,1,2022,sup,0
3,2,4,6.999990752125194,480.4855945870941,459.8118172925298,0.081321048577428,1.7995280887156038,5748.0,6218.0,101.0,-126.03388053436362,1130.959234984682,0,1,2,2024,mid,1
3,2,8,7.948940013680913,330.84191771273333,309.8052265624293,0.15226625095811797,1.4296541513775762,4906.0,5492.0,91.0,663.7306980821952,324.661364281815,5,0,0,2023,bot,0
2,2,5,7.6538851238102135,421.7018079725108,520.4221731500022,0.13948715915902574,1.057434174824613,6421.0,5212.0,86.0,255.1652480424429,355.4911394342962,3,3,1,2022,bot,1
2,2,3,7.790407284943578,416.1957724046139,521.9080919788884,0.18991278842598852,1.7470351570539937,5929.0,6116.0,80.0,-451.5986014873582,-18.17925025681936,0,3,0,2024,top,1
1,4,6,7.794604143560673,379.84656750616745,588.080379343494,0.26084900945855305,1.4021284276482686,6341.0,5748.0,88.0,-215.44428396039984,-19.245434589158652,1,1,1,2023,jng,0
3,1,6,4.937629280250632,247.6309595748972,548.4131189015653,0.06456997601369421,2.0752583616627653,6244.0,6058.0,97.0,453.1877714880742,-170.89513076815024,0,0,1,2023,bot,0
2,4,6,8.471894249838142,315.0229436245399,593.2621473366837,0.28253022647948867,1.0912179722159865,6748.0,6620.0,,-324.22310523080506,-550.9238927737144,1,1,2,2023,mid,1
2,2,7,7.831613875146081,415.99606573299826,535.7010121021782,0.15650627761903704,0.8990006355836765,5863.0,5817.0,93.0,543.1380680811397,-959.9092603940812,0,3,1,2023,top,0
3,2,12,6.781208195429695,462.80435227363864,595.9629348433548,0.130586939972411,1.6460480216654692,5892.0,5941.0,115.0,150.78215347298945,-782.0483420763197,3,0,0,2022,jng,0
4,6,10,7.8047391836528215,378.03704965967665,384.8062196818805,0.2876634854301907,1.2333262335605102,4418.0,6265.0,108.0,,-48.852391011304974,0,1,1,2022,mid,0
3,2,11,8.255773753475042,416.5961838730416,521.5890319049137,0.2838988030158074,1.3561400289550611,5717.0,5615.0,90.0,446.25634800320415,-548.4731966617411,1,2,4,2023,jng,0
2,4,2,9.424413140587404,236.86815451601223,573.5110068784338,0.11151782873189107,0.5527139805702813,5789.0,6006.0,79.0,-64.59728849780343,-303.01990997034983,3,3,3,2022,mid,0
4,4,6,7.7266365512319055,355.14333209952855,376.2462010499172,0.249685274113842,1.4342386435108596,5196.0,6945.0,98.0,-357.3202998995477,-611.2491904532053,0,2,0,2023,mid,0
1,2,2,8.122710113322167,405.4982161211431,482.75582407484717,0.16611895382969924,1.051171103312583,6134.0,6550.0,70.0,-396.28868709804385,801.120463120737,0,5,1,2023,jng,1
1,1,7,7.780549184982678,307.7145086797918,416.9318118002894,0.2174084784457916,1.2345351857141256,6032.0,6085.0,93.0,-64.31995894457653,537.9281826315317,0,4,1,2023,top,0
1,3,2,8.447998925216732,325.0103820130721,293.7967790609563,0.17540235056495246,0.9560380984327397,6529.0,5453.0,81.0,-474.7710039081958,-139.77982300336285,1,4,3,2023,jng,0
5,1,5,7.486247099802367,334.6035874501136,555.3705478100101,0.2541619480489825,1.730789136171446,5637.0,5500.0,96.0,-525.2583606846011,-109.90924118367099,1,2,0,2024,mid,1
1,2,8,7.891673944296849,393.02728920825336,496.71029372270993,0.1075076193072799,1.6715543320576622,4290.0,5593.0,84.0,-526.3504599534039,88.11450242382367,1,0,3,2024,jng,0
3,5,5,8.957058483397924,332.6739398045037,544.1950471572032,0.4111011085124036,1.9460132633216727,5905.0,6629.0,111.0,-475.1065532840421,-650.954887229375,7,1,1,2022,top,0
1,2,7,10.387655607702548,507.33658742820364,486.0025915125164,0.06394809305518612,1.2054879430226124,5957.0,5448.0,87.0,23.906106432626615,-370.751938234825,2,3,0,2023,mid,1
2,3,7,8.986482541042973,359.8115213668953,658.282586943621,0.2081808783188787,1.3476554414746116,5817.0,6044.0,132.0,91.2980279063432,59.66490445320051,0,3,3,2023,bot,1
6,2,6,7.938835356637238,258.33396362600706,533.9275218665078,0.21308853396157681,1.1150783955067483,6254.0,6024.0,75.0,-998.1830179298018,-27.458274784326143,4,2,0,2022,jng,0
3,4,7,8.512358701508699,449.3207968650204,393.413087760737,0.17839170336354965,1.4600511642362601,5429.0,5763.0,90.0,213.61007914734859,627.2149862925487,2,4,1,2023,sup,1
1,2,1,8.570737390288121,403.01782884362154,388.87109682002574,0.20257770600958164,1.2380075636547054,6426.0,6304.0,115.0,-525.5518814496452,,1,8,2,2023,mid,0
4,4,5,7.51532325998832,414.0652883901532,520.5937292614889,0.17300619447406917,1.545133802964134,5512.0,5506.0,109.0,230.65407184438635,-81.7369439451912,1,3,2,2024,jng,1
3,2,6,8.631865955396863,386.99703577807634,425.8699532685655,0.2777570417690807,1.3383371137139266,6168.0,6141.0,102.0,-305.6170335529428,-64.90348736473402,0,3,2,2022,top,1
4,1,9,6.720959835252531,458.2608931022503,550.2411056862722,0.13989486199730966,1.4480557858716787,7117.0,,107.0,-321.752497844089,92.06313463854214,2,3,1,2023,mid,1
4,0,4,8.783720376174562,310.31657792571764,572.667157111292,0.19503936752448664,1.0922362077644303,5855.0,6462.0,97.0,-622.3388536273872,-143.19794393436803,2,2,0,2024,sup,0
2,2,5,8.441910509978317,347.3473648385245,518.471739988126,0.1352711837198318,1.268777653007308,6719.0,5847.0,95.0,67.07904285621342,-113.78497902188296,1,1,2,2024,sup,0
3,2,5,8.585149697144532,442.89124485067254,641.1002037438985,0.1126534191930346,1.3245006139392328,5106.0,6172.0,96.0,103.23838913511315,312.8147741980499,4,5,0,2024,bot,1
2,2,7,5.433820151337552,307.19251527860837,666.4983430451362,0.4092717406859877,1.631801268857386,6006.0,5449.0,58.0,-607.1905791547591,-49.27621937750376,3,2,2,2024,top,0
7,3,6,5.642812968933414,316.44874328497707,438.5480342855849,0.24766936256065525,1.019057761526128,6176.0,5570.0,94.0,60.482322313602936,-907.1669139799174,1,0,1,2024,sup,0
2,1,3,8.41173218826183,373.1625415616903,610.6800121126334,0.38274162308882226,1.8029252307114738,6701.0,7031.0,95.0,803.6252430216012,-152.25511180372487,0,0,2,2022,mid,0
1,2,6,8.009422018773565,371.6394292325921,448.8815138206518,0.22126393233695268,1.2592039056617572,6166.0,5913.0,117.0,,201.0881040189224,1,1,1,2023,mid,0
2,4,12,5.235218008285895,292.78328158621514,461.3239165466201,0.3796016611401314,0.9844548635848035,6798.0,5352.0,105.0,-310.27704606766497,-346.6376738548747,3,2,0,2023,top,0
2,1,9,4.83894134411866,319.8670751150342,508.1072735023326,0.23425522416248845,1.3832681792129706,6437.0,5304.0,124.0,303.7921533253323,-247.0960409714697,1,4,2,2024,mid,0
4,1,12,8.443451291155728,410.91757883876596,678.418720484942,0.3021715272949617,1.4882991941931416,5690.0,5074.0,95.0,258.578088613727,-92.84670657715833,1,1,0,2023,jng,1
5,2,2,6.668561882761879,328.56300437730994,330.6252710632948,0.043851041474048585,1.5535363490904497,5969.0,5549.0,97.0,-345.5602725788881,465.2376607667445,2,2,0,2022,sup,0
2,2,7,7.897396418471029,215.41988883972616,633.3107184606008,0.25732158490755747,1.7979983726691802,5972.0,5866.0,93.0,-94.18528093156559,-495.66870683331643,2,5,0,2023,bot,0
1,1,8,7.987489265425449,343.5106164979852,517.3195353765136,0.3040147986251719,1.2821704128680356,5338.0,6035.0,64.0,127.43156487840412,-696.1865903943802,4,6,0,2023,jng,1
4,2,9,8.071501720555172,389.70089780434677,526.7347637911436,0.0713216123064502,2.014844835207134,6614.0,6387.0,95.0,453.3095733841019,3.6294338444296983,0,1,1,2024,top,1
3,3,4,7.448944771506423,267.3189555047166,471.4834269718288,0.3577399160830523,1.6016294371798843,7661.0,5823.0,92.0,334.1493567941831,-395.43513148921215,2,2,0,2022,top,0
7,1,7,7.3281635310442255,413.91002415895883,445.40538213188563,0.2540977524039772,1.2197176371218812,,5592.0,103.0,,844.180351483002,3,2,1,2022,top,1
4,2,6,7.5875616665602434,315.09533588953,354.8060444389687,0.15582048748675056,1.5649556602729384,6597.0,,80.0,-414.40135755777226,54.08807237294447,2,1,2,2023,jng,0
3,0,6,8.765358778403295,410.94284383453333,490.9202711471755,0.199998979201756,0.8007324696299148,6221.0,7006.0,87.0,-351.00663695662354,-39.441818764658066,1,4,0,2022,bot,0
4,3,4,7.378986571642644,398.1015333951649,615.4376309957077,0.3505010653332546,2.062770792366914,4382.0,6434.0,97.0,395.7560223685,-29.12458614018371,3,2,2,2022,jng,0
4,2,7,7.735020786380763,382.6555502602343,556.2830808918741,0.1801655890742958,1.3505830009185182,5139.0,5884.0,95.0,364.7078681522281,483.08167540919897,2,1,1,2024,top,1
2,0,9,10.307242721310116,468.9233585349694,615.3460694144451,0.05241627364129273,1.3025514334643327,5532.0,5375.0,111.0,175.73879193444336,1047.2438720551668,2,2,2,2023,top,1
3,4,9,7.256515436721902,361.3073635533231,453.363290288412,0.20681643090347662,1.6260040735619243,6092.0,5669.0,,-120.41163189498303,138.53118775062245,0,3,0,2024,sup,0
3,5,8,6.592009877332816,399.61672820814573,480.6992392381899,0.23259604122768118,1.4833318027545062,6680.0,6265.0,95.0,266.33814851033065,596.2999659642132,2,1,2,2022,bot,0
4,2,8,7.37359051338832,273.79365162661657,378.0597479902784,0.22436000996755234,1.6192155472102052,6454.0,5835.0,97.0,317.6691065931521,326.19792531601803,3,4,0,2022,bot,0
5,2,6,8.111353178935948,410.1309116968137,654.4568947819944,0.17530605013946793,1.9114081881523648,,6178.0,96.0,-170.69285873798464,-115.67524879078547,2,2,0,2023,bot,0
3,1,11,6.495493383268487,318.96338204192966,486.93793266961063,0.2705415869109749,2.0752627490840845,5160.0,6109.0,101.0,694.854059842994,-30.270519967828434,3,5,1,2023,top,0
0,0,6,8.719547499417148,345.5474034394438,578.2717413391132,0.30043299665669815,1.181127046828056,5928.0,6185.0,126.0,-42.038579139767876,231.49613918432516,0,1,2,2023,top,1
0,2,2,7.0770145290546065,368.0792591175222,772.991786257185,0.02,1.175918682482229,6447.0,5479.0,108.0,140.76423720677826,-40.88001655111256,1,0,3,2023,top,1
2,1,4,6.759699469987172,324.38710244262916,390.01093076332245,0.12189084967343727,0.9176484631984203,5844.0,5213.0,110.0,-245.01082347136705,,4,0,0,2024,sup,0
7,6,5,7.06318479242586,327.38692908701745,331.3469902868719,0.27338985212242517,1.6231162535134334,6126.0,,134.0,38.50924025318089,,2,1,0,2024,sup,0
4,1,3,5.783435284094658,355.2655477093919,523.0203122193276,0.03926499026573885,1.2989329347629963,,6169.0,104.0,-541.6103359325846,367.25630761533534,3,3,1,2022,mid,0
5,1,6,7.463285926859119,406.0870810323285,503.35980315673453,0.02,1.6643030800091219,6185.0,5846.0,99.0,-56.110329687871,1199.7790166527304,1,4,1,2022,jng,1
3,1,10,7.068339775384189,363.02284062269865,204.6095556632156,0.19939080188682423,0.8298127420429787,4875.0,6072.0,122.0,-232.41774023042697,-45.32975060403537,2,1,2,2024,top,0
7,2,1,8.914808085190918,351.9997264164575,334.8808136428556,0.4035593788576466,1.6875699496294692,5804.0,5887.0,111.0,-424.5315643143766,146.1535649781864,2,2,2,2024,mid,1
6,4,10,7.81254027636108,356.5859906018582,598.7478966020499,0.2361343410677323,1.8224371397859576,5544.0,5963.0,116.0,-295.4527014928816,-84.55451364230582,0,2,1,2023,bot,0
2,3,5,9.498183800966437,367.8204939074115,568.3326870251284,0.17623403670760235,1.281476948943302,5442.0,6606.0,107.0,-1032.720425007517,3.149317309961205,0,1,2,2024,jng,0
4,5,6,8.018480878408749,426.75655710406215,453.00773508347913,0.1410659295396191,1.7412921916523496,5241.0,6080.0,97.0,,800.0075761348573,1,3,0,2023,sup,1
2,3,9,5.658879177265363,355.4703944105316,532.671778640974,0.17815794331468224,1.7462245932548583,6236.0,5865.0,,133.9625367460325,383.01921827260657,1,2,3,2023,jng,0
3,1,9,7.521753325212852,368.13960580756554,693.9459263084086,0.20092652779359338,1.1083961262175517,5727.0,5929.0,105.0,-158.0653276670297,351.5997034271094,2,0,0,2022,bot,1
4,2,7,8.101149686567215,367.98290968338927,689.486260581907,0.23594195182835753,1.2925029910066803,6023.0,5856.0,115.0,-136.36095978925107,-104.12240898184882,0,2,3,2024,bot,1
4,4,10,7.191184528481514,308.5317180149699,342.4341112235146,0.31029809773720873,0.8162223494777769,,5583.0,98.0,-124.26288023267469,-461.3055772124581,2,1,0,2024,mid,0
5,1,4,7.808256930499072,432.4043069210747,555.9270530563691,0.26909472137716905,1.5133602021920904,4942.0,6317.0,124.0,,-97.13029744100209,2,4,1,2023,top,1
1,5,7,8.321924088901923,401.67293025074895,602.5288834306219,0.21821360688911956,1.2047860447247352,6383.0,6093.0,85.0,372.7853519559812,48.805207352077275,2,3,0,2024,sup,1
2,2,4,9.384010373795835,297.8722257268161,428.4549956934824,0.2057837502702815,1.6259546999914691,5033.0,6361.0,115.0,-311.4061534207368,240.53305600131398,2,1,2,2024,mid,0
4,1,8,9.490976257443203,311.8349865112534,664.4024855390261,0.2264058744793256,1.6358306629933732,5590.0,6010.0,99.0,192.26735679746474,236.6085055070705,2,5,1,2022,jng,0
3,4,4,5.746808372676618,352.674339988158,557.8781950589066,0.20981021861959545,1.1492112321377244,5268.0,6655.0,95.0,50.08503163189121,-0.7584474953887153,1,2,1,2024,jng,0
2,3,4,7.793116544674235,327.4910924791934,459.39367798894375,0.13513636783495098,1.8967698442079044,7144.0,5406.0,89.0,,,2,1,1,2023,jng,0
4,5,8,7.782409535552143,442.6131736429003,442.8989023727561,0.24042813363448506,1.983705537968052,,5728.0,90.0,283.97680205760963,567.1719874094765,1,2,0,2024,mid,1
0,2,5,6.8470979430760375,356.2216302257739,429.86216393864026,0.16242869466636087,1.4301078769348168,4740.0,5842.0,64.0,-264.052207558342,4.1286282910890435,0,2,1,2022,mid,1
2,0,6,9.056557112840068,352.223906377227,469.74709968542464,0.320917655544924,1.3288228872817907,5471.0,6163.0,73.0,765.8099076700747,697.0042035281002,2,1,2,2022,sup,1
2,1,10,8.630845061933368,468.53334664231886,350.77326031206326,0.2782010977009882,1.2330602835709932,5447.0,5501.0,89.0,83.38414093646531,-166.19410480367708,1,1,1,2023,top,0
3,2,5,7.404133213417197,426.5078591276987,408.9658430221728,0.445964883274565,1.0911158005306072,5344.0,5409.0,92.0,823.896479951272,-369.02402511047865,2,5,1,2023,mid,1
3,2,8,6.522495356145713,353.22309898370986,615.4053060008879,0.1070578929978533,1.1160592069071793,6200.0,5683.0,113.0,125.4337873495524,34.51392821321865,2,4,1,2023,top,0
3,3,2,5.893464582939457,442.7067609862425,401.23054772066246,0.27786943368952677,1.2769580399049927,4598.0,6299.0,112.0,-219.85873475594985,-643.6706608736057,1,6,1,2024,top,0
3,1,2,8.58053195017035,375.5882751738734,494.3893613016052,0.31357440273572806,0.8893337020929716,5227.0,6863.0,115.0,0.7149900544001184,,0,1,2,2022,sup,0
2,5,3,8.217682387893847,488.96061010228755,551.6942714826913,0.14461210769317323,2.102871134095869,5315.0,5868.0,90.0,-504.2085620344868,685.0858680671012,2,1,2,2022,jng,0
4,6,6,9.510830914871514,370.9097386294074,431.395711003366,0.20017296108101187,1.6909499932057486,5564.0,6242.0,103.0,224.23655425524473,,1,3,0,2022,bot,1
1,3,4,5.5884055659170455,325.61080393453165,450.89604997572985,0.22037892001303652,1.3154521181004915,7218.0,6479.0,82.0,-301.14699355429445,-596.9522390045435,0,3,1,2023,bot,0
5,4,5,8.157498485362499,383.59020934627995,643.0386275816637,0.3248786849169995,2.24858605348184,5541.0,6596.0,103.0,322.6274718165504,-49.38989842788757,2,1,5,2022,top,0
4,2,2,5.7318847120988785,308.87886786632146,438.11556076891145,0.10522207624536657,1.6406300218102943,6115.0,6138.0,125.0,284.37509230277783,-302.2346576561323,1,3,1,2023,jng,0
2,1,6,7.436291124485379,417.020443560422,346.3964382923617,0.2767530995072271,1.1704649942806304,5009.0,,112.0,,,2,1,1,2022,bot,0
2,2,7,9.153308691834827,450.78621782957885,698.8264360280787,0.1160761537643648,1.230087649198125,6214.0,5713.0,98.0,-115.03807818936309,274.5475198430224,0,0,0,2022,bot,1
4,2,4,8.197686469166538,327.4349435416365,412.28664087313933,0.23216312392971847,1.3068959942382212,5765.0,6622.0,,-462.0628131766135,14.102265904929155,2,1,0,2022,mid,0
4,0,7,7.469405179693172,367.1320056178878,441.7299755873998,0.1644024837987489,1.1048607224521256,5934.0,5716.0,118.0,-335.9495718060509,839.6006617733264,2,1,0,2023,mid,1
5,3,7,7.742722091763698,313.6279514173422,403.5563966678483,0.27343098522727927,1.4099142866673768,6100.0,6425.0,,-375.9394233598233,386.4895681232808,4,2,0,2024,mid,0
2,0,6,8.506564773496086,418.71399784411295,459.01528437461064,0.3190971137917493,2.365230904091887,4817.0,5726.0,108.0,285.1222564391658,-378.7888530008281,1,2,2,2023,sup,1
3,4,8,9.996490847326461,445.8552705510862,634.2876131688213,0.2769268704540297,1.9379536092799219,5693.0,5991.0,85.0,268.69194625623186,-2.9564685708993323,1,1,0,2023,mid,1
0,1,4,8.4187402190782,437.4066057680145,231.16523028917885,0.19128994740144228,1.5271223408985055,,6315.0,89.0,221.4883946346578,384.59194583166453,1,3,1,2022,bot,1
3,8,10,8.556187450373985,421.90511771544794,584.3600580351458,0.18408574653404566,0.9939097941194451,5469.0,5267.0,88.0,632.0463587151295,31.91868336712737,3,4,0,2022,jng,1
3,3,7,5.498138873887877,328.1104652541226,484.0413368797938,0.2916091465073899,1.6910767945133784,6331.0,5807.0,122.0,-14.93758479539109,-154.49073398393108,0,2,2,2022,mid,0
2,1,5,8.18537659360603,244.70838892936357,456.6577741173016,0.26999097339373485,1.7669588288212563,5768.0,5374.0,81.0,-334.59742262399806,-139.15497443727003,6,0,0,2023,bot,0
3,2,5,6.940030947908556,386.6005981865771,629.3120717325327,0.21917832257640837,1.166521798378343,5464.0,5947.0,98.0,1001.0253963772083,63.922350517877796,3,1,2,2023,jng,1
5,4,13,6.32398458672349,380.8660667194996,636.2849217946716,0.18203573308063364,1.3306794988246886,6584.0,5545.0,105.0,609.2683818392507,121.82138528435203,0,1,0,2023,mid,0
4,1,2,6.76670428764762,396.444424256723,396.04847301520573,0.06419660116689535,1.5786661261746382,6024.0,6411.0,113.0,-257.6329089457753,-430.85338823234923,2,4,2,2024,mid,0
2,2,9,7.426556760562424,363.7372511752078,557.7065125756891,0.18909893183149099,1.8811767650149644,5971.0,,83.0,-237.1468401376026,,1,2,0,2024,bot,0
1,1,6,7.79876354770625,361.48757224645215,753.5600506354156,0.3048400419297032,1.6667137310882167,6115.0,6295.0,94.0,157.73187026759774,414.6584716677113,1,3,1,2023,jng,0
2,2,7,8.626678225269472,401.35923707456624,662.5309075943472,0.273365602491779,1.3798001889607863,5454.0,5634.0,96.0,-237.8716164744182,221.59355289731548,1,1,1,2024,top,0
3,0,7,6.549195833470387,271.91108330473503,618.2795141210102,0.2503322381348555,0.8444809198886918,5169.0,5625.0,,-120.93252043726943,31.119708763357565,5,1,1,2022,mid,0
1,3,8,5.332700295878352,409.21296510338703,577.5851199000227,0.34464983292534407,1.3238983742979962,5528.0,,77.0,767.3087938584753,-555.0014521418077,1,3,1,2024,mid,0
4,3,6,9.18828861521316,402.89413361654897,477.9227032110085,0.3068658670662414,0.9887461506033417,5411.0,6395.0,111.0,278.0682248360864,-141.84118788298332,4,3,0,2022,sup,1
1,0,7,6.040218449233474,371.12961042077546,583.0627758127018,0.23605448207218477,2.333985876085177,,6121.0,107.0,-342.4212773102491,-257.1289413407784,0,2,0,2022,mid,0
4,1,5,7.548431400149318,398.24074760190985,548.1674885786464,0.21945802512665932,1.4880468209668483,5332.0,6090.0,90.0,534.7599345471331,17.55778530837638,2,1,1,2022,top,1
1,3,4,9.414706154326243,401.8851718029243,686.8544918959333,0.19332230744824663,1.167779848831104,6442.0,5199.0,83.0,104.25854499935866,379.2901637536301,1,3,0,2022,mid,1
2,6,8,8.652308267179558,357.4820492310221,525.1756388058675,0.10629034831191134,1.3256871438109732,5671.0,7431.0,,-71.0692880435347,98.1323677072622,0,0,0,2024,jng,0
2,2,8,8.25783893022961,405.0972265924078,568.5851221570624,0.22584270927598415,0.883817457512179,5355.0,6323.0,99.0,-201.40860705758195,67.5307829697662,1,1,3,2024,sup,1
3,2,4,6.814836895470316,415.4432763575746,508.8997116591156,0.3156825514307602,1.5894088756697644,6233.0,5924.0,115.0,520.1669565237466,-165.21924650076278,2,1,2,2022,sup,1
3,1,4,7.181666718327232,389.2172246704994,483.50309764328875,0.35375193128584814,1.4986690823840119,5682.0,5783.0,94.0,435.79434638375517,318.7387997265573,2,2,0,2024,mid,0
2,2,8,7.113946053865932,473.58441410112783,618.0812764169234,0.1887371321118673,1.787134978978727,5692.0,5594.0,109.0,-34.33066238740662,,0,1,2,2023,sup,1
2,2,10,7.710017404773196,378.6401063149901,354.0343693026039,0.3112704084984679,1.0682704563226213,4603.0,5997.0,69.0,,-333.0372089917071,2,3,2,2022,jng,1
2,1,6,7.364804444359966,286.9878624396434,350.19697596734386,0.07820537239527031,1.135997703644677,6658.0,5371.0,112.0,-199.8444703925827,-235.83132521818402,0,3,4,2024,mid,0
2,1,2,8.37937860742424,432.2826076462827,615.3666657091763,0.1455945360969663,1.562561089416415,6685.0,6132.0,111.0,-175.00159388046018,-357.74287530544115,1,2,4,2023,sup,0
1,2,6,8.109589203278343,366.5634354432772,466.74107082074374,0.29092985458576354,1.441620098073536,6460.0,5897.0,101.0,236.83311694872532,36.3966618331506,1,1,0,2023,jng,0
5,4,4,7.679745415187585,436.444094791051,492.95659109681964,0.1496625705170176,1.3266180495566433,5625.0,5913.0,86.0,-126.22382666962437,81.89377481218055,1,2,2,2024,bot,1
4,2,8,8.445778660906655,323.18048503667916,357.10600052393835,0.21816100173597758,1.7712773808358806,,6262.0,122.0,-31.064067373905175,129.4861955803981,2,4,3,2022,top,1
2,2,6,6.212947894513109,300.03566825601536,363.9734153002579,0.2662830989492057,1.618807501182764,6422.0,5671.0,94.0,-163.1633734056646,-353.7484711373406,3,4,2,2023,jng,0
6,1,4,7.6489518015406475,374.0440366548473,470.26392824277684,0.23588944308098894,1.63102196511802,6267.0,6525.0,,96.9669271646749,35.576442978064875,2,0,2,2022,sup,0
2,3,6,8.347493817908816,349.71331930575013,465.42061835061526,0.031007495285575004,1.1010874298999997,5816.0,5515.0,86.0,-423.7472311652431,286.44165072614345,0,2,2,2022,bot,0
3,2,5,8.780642481289036,351.4519805036898,838.7569229191548,0.2896479468532898,1.7170198106489614,7211.0,5977.0,83.0,,130.65825872848058,3,2,0,2022,top,1
2,1,4,7.073263122315362,427.4914728293316,564.2304938720533,0.2500967032253148,1.4130878501075037,4848.0,6088.0,95.0,609.9650400565749,405.27040408937376,1,3,2,2024,top,1
3,3,3,7.694059899858955,386.3469451504073,606.9955615153393,0.24440717726470143,1.2747997471420778,5857.0,6319.0,97.0,266.4201853295953,-295.99134272701497,1,5,1,2024,top,0
4,5,4,8.295628964541832,456.72589139611813,574.2299098423605,0.24670200499683778,2.1578556996404066,6046.0,5915.0,94.0,-68.22217502222287,341.9615347493441,0,2,3,2024,bot,1
2,2,5,8.044054485918199,432.4868029344382,635.5315280606793,0.2615110745666779,1.1548444662849595,,6089.0,103.0,-938.4693602281027,86.39232336135916,2,1,1,2022,jng,0
4,2,5,9.418662789085111,409.536535918136,618.1379034151025,0.17148857903517367,1.6604750566824402,5420.0,5517.0,118.0,-67.3900684814486,,0,1,4,2023,bot,1
4,0,6,9.126200973332821,404.67010647243865,354.19161487878085,0.24699930762562342,1.0989790307103111,5868.0,6334.0,120.0,,45.845697917867284,4,2,2,2023,mid,1
4,1,7,6.227044393333705,334.6174035302755,561.8430268074247,0.16740267622696584,1.6981626036091182,6445.0,6140.0,89.0,804.0979361745505,4.407635829467566,1,0,2,2023,mid,0
3,1,6,8.923661844362325,354.7245888441944,754.4628400224457,0.3255802868152928,1.3038082604485604,5037.0,5576.0,100.0,,-265.88971778209867,2,1,2,2023,jng,1
3,0,7,8.32480378821385,409.876954191738,631.4299139505817,0.1456168994870935,1.050442716093413,6405.0,5774.0,100.0,,386.0919879824747,3,1,0,2022,sup,1
4,1,10,6.2019715265149875,308.5166769273802,452.814262350508,0.2774285720808102,1.2701640261174805,5814.0,5933.0,,13.78243112017421,69.28026614292203,2,2,0,2023,jng,0
3,3,4,8.27382548800195,393.4605567089949,478.3297261743989,0.26375738904453583,0.5580481575614995,6464.0,5404.0,101.0,714.3951426383413,339.36336164308284,2,1,1,2023,jng,1
2,2,2,7.600855482943388,419.25122351884187,517.3066369771525,0.17917246416269678,1.1538063564689043,,6329.0,88.0,-227.79850312981267,449.8450514696431,0,2,0,2023,bot,0
4,4,9,5.920630568454714,318.1359250077014,485.731653571588,0.24419609239127907,0.9574833523418664,6403.0,5334.0,96.0,-12.484730247064974,-242.67558112404495,0,3,0,2022,mid,0
2,3,3,9.190739126849111,329.2376998321424,364.03021809651494,0.19900627680205835,1.2287649605369428,5600.0,6695.0,96.0,-210.9182403693176,-232.45778077273394,1,1,0,2022,jng,0
2,2,8,6.150596728944758,233.02473069022926,818.3372383186515,0.15062142113935867,0.9951763933485163,6860.0,5701.0,81.0,-677.022494397713,-65.15243678073777,1,4,0,2024,bot,0
4,7,3,7.521379293764212,389.994480713962,431.4550065771615,0.25389751917616077,1.7245463534453032,5884.0,5660.0,109.0,-337.20616978878354,355.0520351864249,2,4,0,2023,sup,0
7,6,6,7.353823878598159,347.0735049587583,606.1013369714875,0.26018937385505303,1.6740620110266489,5968.0,6921.0,,-933.4400571833144,-380.26928407537764,1,1,1,2024,top,0
5,1,7,7.247426036459435,387.17608305216555,328.7262391932247,0.2840082288696568,0.6917643483020487,5664.0,6545.0,103.0,796.4477425485699,329.03571069372146,1,2,2,2023,mid,0
1,0,9,8.111639407340766,364.86393893477714,531.1517951072692,0.19300229762434634,0.5610118553800914,6319.0,5723.0,102.0,61.00827380199638,399.98247516590834,1,3,0,2022,sup,0
2,3,7,9.31298561670433,288.83550818277706,538.2888469954934,0.3165150459830849,1.438531008487159,5727.0,5063.0,97.0,277.5992805904552,-241.5514764597971,0,2,0,2023,bot,0
0,2,5,7.35446598273009,355.70888292980084,407.3533572818658,0.259485614343549,1.0175443749495345,5067.0,6406.0,126.0,83.79923682597979,-187.57056034354403,0,2,1,2023,top,0
5,2,7,6.809018770376616,379.02567426927584,518.3666349769966,0.18010541001554578,1.3145058954806552,6710.0,6055.0,,-471.6441450661174,-328.19211166189734,2,4,0,2023,sup,0
4,4,6,7.441707046917396,364.28222319832975,468.8427335263668,0.29463572591857135,1.4513566900383377,5124.0,5533.0,148.0,-777.7882785048276,763.5366302500299,3,4,0,2022,sup,0
5,2,5,9.51523325635355,287.62926043771125,755.8628566601825,0.22324886528488305,1.395593009240811,6564.0,6497.0,87.0,550.988509962284,319.95172803282577,1,1,1,2022,jng,1
2,3,8,8.067141935739246,447.87515798905287,623.027860920757,0.14352284883129185,1.299839549776451,5433.0,5867.0,78.0,-252.40571932231984,,0,3,0,2023,jng,1
4,4,4,8.30029768556083,393.6698893327886,357.4996462083261,0.08119252222167217,1.9491772688688849,4401.0,5727.0,110.0,-2.724147292317454,101.58377825346915,0,1,0,2022,mid,0
7,3,7,10.775378628203164,381.94146896150187,530.4055239481643,0.266004903592569,1.249842866038351,6264.0,,97.0,699.8396799657024,578.066269528263,1,4,2,2022,sup,1
3,2,10,6.4854009859550485,374.572566865545,645.9500842184183,0.08951544526443123,1.507742140566447,7116.0,,80.0,-450.32733229477356,-280.1038291403164,2,1,2,2022,jng,0
2,2,5,5.978413257539133,382.660036837336,590.4418972884015,0.3088991587565795,1.3594433222433588,6608.0,6014.0,,-559.1017070891496,-4.218501673596315,2,2,3,2024,sup,0
1,2,3,6.931712025341666,313.9814545547762,571.0295764727186,0.2495122027129196,1.2703588664808905,5898.0,,81.0,,157.0158632977857,2,3,1,2023,top,1
4,5,5,7.384442286135919,309.6432259912051,383.8832716532226,0.2053459664414361,1.2330095252732123,4986.0,5662.0,126.0,446.4347247714202,-108.6002354114356,2,4,1,2023,top,0
2,3,4,8.929402696505083,381.43048450519933,562.2708219343949,0.2308352196785971,1.183692325942439,5691.0,5930.0,65.0,-483.8532019152253,212.3184330772276,1,3,4,2022,sup,1
4,1,4,7.7675347510873785,338.3819020595308,443.81733784474505,0.27420376889393827,0.6207914668783234,5838.0,5407.0,96.0,-223.39256066727827,-60.39624841282332,2,3,0,2022,bot,0
5,4,4,7.15453840349881,393.7099674680321,596.0322844225933,0.3981379670834213,1.111612153535822,5716.0,5894.0,85.0,-153.70250178093318,590.4279564594727,2,2,1,2024,jng,0
3,2,4,8.24372044386892,298.18424507731635,790.4091459010388,0.24345672830439585,2.5198319096775803,5517.0,5958.0,98.0,-333.1951799549126,-389.6232361453171,0,2,2,2023,sup,0
4,5,6,9.871319858158877,392.9894531196589,436.5657846258756,0.3139177490902055,0.5577895229441158,5682.0,4777.0,126.0,544.166359991355,-380.3495745929574,2,2,2,2024,sup,1
3,3,6,9.188797224976076,311.91369079338847,364.32683921313367,0.13158375756282187,1.9597742740138442,5695.0,6454.0,80.0,-348.52649426597446,-472.8847874964502,1,2,1,2023,mid,0
0,1,8,9.195705414846993,301.76653080211634,492.7356179035764,0.4246795672276765,1.7412264505459432,4201.0,6197.0,100.0,187.25158136909795,32.7663882298763,1,3,0,2024,jng,0
5,2,5,9.598907327036738,365.60264808103454,689.1373568722538,0.05523501974532799,1.3839032751551859,5965.0,5293.0,84.0,-605.0282723397158,-321.975419523798,0,2,2,2023,sup,0
3,4,8,8.624062019576332,379.91330774844516,636.2065119256865,0.1392555679000957,1.2013449907580778,5831.0,6091.0,116.0,-265.3507286470005,467.3570923772778,0,2,0,2024,mid,0
1,6,6,8.024410389895976,327.8765675400463,371.6387488575991,0.4882012627701885,0.9462244100306578,6840.0,5293.0,,73.38132292518472,-926.2436275888284,2,2,0,2023,top,0
3,1,6,6.6838506993652365,391.49369076350877,603.7690227215553,0.02,1.4061291194054932,,6451.0,101.0,225.91886209378782,-318.2907242668339,0,3,3,2022,mid,1
2,4,9,10.519014557698457,367.6801256335401,382.99691416222703,0.21873057292826115,1.2897207306775513,5558.0,5783.0,99.0,715.8954375592708,,2,5,2,2024,bot,1
6,2,9,7.264713235940955,334.0997558293769,546.5091245333927,0.24359097239447042,0.9358809492594493,6160.0,5028.0,77.0,-591.966048628402,-130.79315816704994,2,0,2,2023,sup,0
5,4,2,7.837977234214453,341.5944909642297,426.60067627487473,0.26700899703373565,1.876223933532437,5861.0,6084.0,101.0,-89.0037042449004,-702.5316213041905,1,5,1,2023,bot,0
3,2,4,7.3804285995292265,349.31728046229676,598.2561124367273,0.22547944645918297,1.1302768983853648,5878.0,6802.0,106.0,-361.41114062128594,-196.2905318612875,2,0,3,2024,top,0
2,1,5,8.19074567719277,362.00742007387055,462.8021737526459,0.23094287179366238,1.6131070879222678,6073.0,5560.0,140.0,555.0452917448085,-200.605462348326,1,3,1,2023,sup,1
4,4,8,8.961974076284875,380.0729072672163,501.95881426493474,0.2159474478624309,1.6132759806631614,,5358.0,126.0,,-835.5933753978933,0,2,1,2024,bot,0
1,5,7,6.803613597899473,389.12485088075596,698.7060858590698,0.17062420258616673,0.5737579747127847,6155.0,5740.0,96.0,317.7449182050576,,3,5,0,2022,bot,0
2,0,9,7.534909570870153,428.1635963799398,620.7555409834813,0.17006897517264963,1.8550788813513028,6266.0,6057.0,82.0,-25.86957470180448,366.1730621850462,1,1,1,2022,bot,1
5,3,3,9.722777279926389,405.4090432030041,572.3625546279839,0.15052899971165976,2.8868513195281387,4578.0,6027.0,91.0,-438.74824232873027,-124.4456012474025,1,4,2,2022,top,1
2,2,8,7.168390614150653,399.2823721785695,307.4826799947864,0.18437232067601936,1.2761964787084494,6153.0,5487.0,,101.78065428532365,28.563840750349826,1,2,1,2024,jng,1
2,0,7,8.138300334810834,357.98968742046725,214.85841700813074,0.32759367972499026,2.169617687887859,6194.0,5638.0,,458.9099796504795,-177.09105527827342,1,1,2,2024,mid,0
5,2,5,5.607959342370353,283.9242032724227,497.58730279764393,0.2209156752413287,1.0959516487727803,5369.0,,108.0,895.6959254396625,294.8785236727673,2,3,0,2023,sup,0
4,2,6,7.72859535280908,345.07715386259497,587.2884706388149,0.33874787893363095,1.5097001433968238,5371.0,5749.0,113.0,-695.1655937081084,-521.4719010976372,1,3,1,2022,sup,0
2,1,5,5.432397166818985,336.979723324735,693.2412135930075,0.27848944130407827,1.5589610706487715,6002.0,6388.0,86.0,433.78192664971857,316.9770620983909,1,2,0,2024,sup,0
4,0,7,9.662766998272264,353.98301392759237,350.3940029225115,0.26868164419227564,0.8116151565259698,5784.0,5250.0,,-250.2293371395616,388.14156450629315,0,6,1,2023,jng,0
2,2,7,7.2509386819187345,358.3210554369882,490.0173436374187,0.24873282473500297,1.9036971367432152,7254.0,6042.0,97.0,-1089.148248087271,301.4663812724174,2,5,1,2022,mid,0
5,1,11,7.26011757758625,322.11898370767045,418.8239671021836,0.24180618131282777,1.18723130723055,6523.0,,,-91.93289201370267,551.5364462879131,2,1,0,2024,bot,0
1,5,8,8.789485066321793,331.53581034562757,665.0616476969922,0.2750242969586743,1.3617732805399951,,5996.0,110.0,-388.91065249779626,-110.00714305922654,1,3,3,2022,mid,0
6,2,8,9.181349530910687,326.2412467926925,675.6854240424398,0.2353597973003845,1.5927012919179815,6854.0,6540.0,107.0,470.0523974524989,,0,3,2,2024,bot,1
8,3,5,9.382570110202227,378.0587717530869,564.8036985425372,0.23462971211063957,1.5464313003884722,6431.0,6157.0,83.0,826.7376174464183,-127.22823857386823,1,2,2,2024,jng,1
4,1,6,7.775808655845686,348.31134415268116,450.5865553285271,0.19379173999086122,1.2060214450217597,5873.0,6260.0,94.0,-204.60513299617196,224.8624210459156,2,2,1,2024,mid,1
3,6,7,10.040641210758753,328.7179499953685,740.5686118062046,0.19573258114901806,0.6222731081029427,6717.0,6257.0,110.0,-293.6869550738282,211.23969134625003,2,0,2,2022,top,0
2,3,6,5.6078240906149,396.06524490710945,466.81622320769844,0.22017838277759744,1.6284675235936332,5338.0,6443.0,103.0,-475.90320496796716,43.82063894946589,0,3,0,2022,sup,0
5,2,8,9.792437121002031,408.99925050587433,421.9297426022679,0.172917162088441,1.766840752750747,6265.0,6654.0,,576.7765180286228,-157.89203101867065,2,1,0,2022,bot,1
2,5,4,8.237777095120167,368.5518855129375,584.7311898098097,0.20586088357098398,1.7642858473960221,4931.0,5688.0,90.0,339.84370602375014,-60.087896008317216,1,1,0,2022,top,0
4,0,5,7.660674697740671,308.4031724348429,492.294683975363,0.24648913897179076,0.6992552103413937,6184.0,,121.0,352.484740562658,223.91160402838514,1,2,1,2024,sup,1
5,2,5,7.984165888855954,362.34959234946535,604.9782006979752,0.12944354739765465,1.8657041769824922,5944.0,6392.0,127.0,431.5132935042751,107.11277299055027,5,2,0,2023,sup,0
1,5,6,6.488317503434466,385.05085132041364,611.6577856801373,0.28753797864797437,0.9750482817870383,5773.0,6937.0,86.0,-5.069326367366315,482.93604260732843,0,1,1,2024,mid,0
3,1,7,6.268838522450112,320.8178638636914,541.1401845440623,0.15868470485896713,2.351653158802331,6245.0,6737.0,88.0,-183.74896852189306,-198.79415086910458,2,0,2,2024,jng,0
3,0,6,8.30417528436773,420.98088812910834,470.11309359283837,0.14903059062752955,1.0467647788987295,5979.0,,116.0,,-276.70846949562474,1,3,1,2024,jng,0
4,1,11,8.356170653235237,347.96979107689543,492.39180535942256,0.1696957552894282,1.1912887275891808,6400.0,5509.0,,476.52294888266727,99.17959057889217,1,5,1,2023,bot,1
5,1,3,8.523708370761705,256.0733539511656,543.3838338212909,0.21433942941161116,1.332688227808248,5675.0,5959.0,120.0,-36.533273860693555,155.3370527664307,0,1,3,2022,mid,0
1,2,6,7.177836293727887,351.07727833598756,701.1272080390363,0.24015335680046168,1.1369039693591847,4789.0,6623.0,89.0,-311.7311023472213,259.44016191209766,1,3,1,2023,sup,0
3,1,12,8.097505243497087,421.61072689525685,545.3091421837264,0.40655520682370305,0.6536600341236644,6495.0,6969.0,96.0,-380.75124807290945,-84.36329531502446,0,2,1,2022,top,1
3,1,2,5.920452666712043,310.40094357046274,591.9796105168776,0.3127338168000951,1.3615601512210598,5711.0,6207.0,93.0,434.75193240032047,-163.03744082402207,1,2,0,2023,top,0
4,3,4,7.743682917285694,399.5439857193039,421.2786442057328,0.2017310510440738,1.589112130370041,5677.0,5829.0,98.0,-100.81465220660513,-92.11020127612915,1,1,2,2023,sup,0
1,1,7,7.641605445225425,346.87315115927146,592.8940428552045,0.3046677999003928,1.9848690300045364,5742.0,5616.0,74.0,286.00413753713326,-122.26948951771037,4,4,2,2022,top,0
3,3,7,7.6513729925705,380.62860261003595,514.0314498994862,0.14970561859031872,1.135474988310888,6991.0,5314.0,132.0,878.4681204724193,-136.80678634415352,2,2,2,2022,bot,1
2,2,6,9.456202934734847,459.8011817313091,520.3546279557554,0.20338100923943267,1.166926188325261,6060.0,6260.0,,12.5625910480355,-24.42821996440966,1,5,0,2024,mid,0
3,1,4,6.870426451338765,301.33486792718713,476.37209508774134,0.35285672670323887,1.8566304729961667,5312.0,5773.0,72.0,296.616366846526,46.02018690413246,1,2,2,2024,mid,0
2,1,3,6.1010338246096705,382.6507601412667,307.2956450011747,0.34773247055210144,0.42194234202355296,5699.0,6894.0,94.0,-283.58048726451693,-122.87393171653669,1,3,0,2023,bot,0
8,4,1,8.581017294508294,370.4737603354292,400.64838547036265,0.36840376926456186,1.5758905352526933,6162.0,6357.0,113.0,552.78020186305,386.46718626529605,2,2,1,2024,mid,1
2,3,4,6.074412474855695,366.8290495029289,476.0054364168428,0.273697961296178,1.7343505544336155,6125.0,6233.0,104.0,100.0801813119457,703.0484389390698,1,2,1,2022,top,1
1,0,11,9.093991876403381,365.34131500797537,480.46909411729905,0.28211610069118365,1.0180472224307187,6241.0,,99.0,434.9840683676681,-109.00693320846679,1,2,0,2024,mid,1
1,4,5,7.02132743401994,445.8098492260564,433.63430392923937,0.33439549723471906,1.6276073205370287,5351.0,5356.0,109.0,690.3572417484156,264.5745407205402,3,3,2,2023,top,1
3,4,12,7.32509042951349,249.71676148710316,297.24222758992846,0.3330655202868739,1.5922290593325727,5278.0,6684.0,71.0,,-603.1321969694707,2,2,2,2024,top,0
1,2,5,8.616342669063364,392.280010529359,447.4162196224371,0.32963515882237643,1.4835628389839566,5246.0,6483.0,99.0,652.9965510422564,936.0984399907951,0,1,0,2024,mid,1
2,4,2,8.580265407473835,359.5816430246402,531.4180496571871,0.1834376397027802,1.6134417702564252,6035.0,6497.0,,37.11221066554518,428.2079385980775,2,2,1,2024,mid,0
3,0,2,7.366904729650021,335.0833486306336,473.41873599636574,0.02,1.0465267332045793,5052.0,5778.0,102.0,-19.306225709540747,0.00995289018079859,4,3,0,2023,bot,0
4,3,5,5.6405220263391564,313.69263714399005,617.850959441112,0.2064008748836856,1.6709285359115098,5650.0,6151.0,96.0,361.5253438786051,353.0845166420586,3,3,1,2022,top,0
5,1,8,6.618275627964744,384.5146271914513,570.5325228785399,0.0840034065404893,1.4266540123166476,5791.0,6545.0,85.0,-227.80878653183817,,2,6,1,2022,bot,1
0,4,5,7.832610540258966,384.0193603141113,471.9084718370169,0.3621746842106782,1.2395592082512163,6674.0,5813.0,103.0,-654.4146012891017,-522.4551344165288,1,4,2,2023,bot,0
3,2,2,7.7343939326297715,357.4026628673987,471.57157825714916,0.10710087530739106,1.1360101675467476,5687.0,6118.0,89.0,-157.27306564749753,-38.56286865635757,3,1,0,2023,jng,0
7,3,10,9.983081448201585,397.3719143772438,488.8926174759552,0.07139321561132275,1.676587097675407,5101.0,5818.0,83.0,,364.6296310796815,4,1,1,2023,top,1
6,4,8,8.01614620543833,289.71407085579773,357.9198985741599,0.29720942202106754,1.8781417095407762,6592.0,4834.0,94.0,-381.5273333915112,343.4664630202522,0,3,2,2024,mid,0
7,3,7,9.072049231377138,398.66963288498505,413.5580147141034,0.1930163359515018,1.3866280861726583,,6270.0,104.0,-119.29458140306201,856.8063248970004,0,1,1,2024,jng,1
3,2,7,8.688732495572463,396.03394324654727,590.4636493944188,0.1184963088467014,1.256390420888024,5343.0,6844.0,100.0,-19.570361812343123,-336.29681440062967,1,5,1,2024,sup,1
1,1,7,7.914978896918971,426.7524700704883,581.3097782982661,0.08854270082230462,1.7916072507134362,6093.0,5775.0,113.0,368.1795348779465,-161.0918630983282,3,3,2,2022,top,1
5,3,2,7.855526832188387,345.50956335230813,268.4016572498807,0.1743375930173873,1.4837927448501735,5751.0,,104.0,401.4459549857582,-16.856049312632393,2,2,1,2024,top,0
2,5,12,7.0057654940379575,395.717701868133,753.4333313289982,0.21787603650500517,1.0613362706565774,5483.0,,,430.30770492652493,-378.8867554010255,3,2,2,2022,bot,0
5,3,2,7.937598433255121,333.71352401126154,570.3619976743729,0.0671246273965505,1.400059167923257,4915.0,5596.0,108.0,-193.86079989240096,104.19109992582074,0,2,3,2023,top,0
3,2,5,7.4143423544381415,319.95220165251175,577.7740670400742,0.31098757447035996,0.9924271296873626,6826.0,5622.0,85.0,-743.0232496837482,-274.6342144972344,1,3,3,2023,mid,0
3,3,6,7.229975728312006,341.1248713926504,554.0128681457968,0.2777664098481142,1.5959777496116605,5944.0,6926.0,109.0,486.7912187758551,-70.74563101317743,1,2,3,2023,top,0
0,5,8,7.530281730072584,343.7773686881031,424.287975277911,0.21274880367605686,1.312206763616073,6342.0,,113.0,-309.9066090350658,-186.41838606968048,0,2,1,2023,mid,0
3,6,8,7.090608678368868,392.69410282513644,826.7152778224665,0.17336759327841994,1.551306726822188,6110.0,6140.0,75.0,,272.14451508131907,2,2,1,2022,bot,0
1,1,9,6.165861034773195,435.1303359977304,585.1823340403452,0.24114032788925785,2.0376061117942106,4672.0,5909.0,95.0,386.0619100800677,-170.16072275446004,1,2,4,2023,jng,1
2,3,8,6.436712167405435,363.2123030167891,608.7439791588785,0.28860475238493316,0.8971559932693137,5173.0,5532.0,102.0,-669.3862863952374,-45.39875375159962,0,3,0,2024,top,0
1,5,3,6.342618826695315,355.3826355890218,602.47724716779,0.1363315017445249,1.8605607203669239,4630.0,6398.0,70.0,-334.62753964268876,168.7443072000771,0,2,0,2024,mid,0
2,3,5,8.223529193986936,407.10955360194873,514.3851981838127,0.28979930008069066,1.9570757445335232,5159.0,5331.0,80.0,989.02125213881,274.1841100997605,5,2,1,2022,mid,1
2,2,6,8.819819001740912,404.70711328752446,506.47594706521414,0.1819753642623533,1.494049037694628,5741.0,6380.0,111.0,144.09849584767304,615.4961433883334,2,4,0,2024,sup,1
6,2,4,8.103301431670465,404.50822312283356,593.830575791967,0.28648258487268263,1.1359019483945274,5861.0,5640.0,131.0,-306.92631239164893,,1,3,0,2024,jng,0
2,3,6,8.079254075039097,289.2543516396019,543.0119618191967,0.3698068420557426,1.222291412473634,5177.0,5185.0,99.0,154.65084594988912,-399.52362122524653,3,1,0,2024,mid,0
3,6,12,8.197962572143675,391.7853441680212,640.6416836147638,0.29119322749329013,1.2342373123451051,6620.0,6171.0,120.0,311.83951786455475,347.61224957148784,3,1,1,2022,mid,0
3,4,6,8.294338497901062,393.90070474428063,409.3349129678676,0.2947653727392543,2.245136720352318,5921.0,,120.0,295.01266837519887,-393.47746869902335,5,5,3,2024,top,1
3,3,5,7.760057208946501,393.0682883091789,581.3500175605777,0.3077642614613451,1.8596382606510686,6090.0,5474.0,99.0,-14.077690380136772,-51.79382953924662,3,2,0,2023,sup,0
2,3,5,7.303884690334976,399.93600035286534,589.5341286839137,0.23632347293177713,0.9948797717164849,6236.0,5445.0,110.0,-401.0520163524491,267.4281869416394,3,4,1,2022,jng,1
3,0,6,8.341565764848443,385.3850792188996,568.1017780831561,0.3929441422265379,1.7403219641063001,6255.0,6353.0,103.0,316.3903606652858,-114.39498278972133,1,2,1,2023,mid,1
3,2,6,6.678481630409385,425.5658139840763,464.68160311363783,0.12816872546189784,0.6453929740434327,5416.0,5115.0,110.0,759.3201870903058,501.43054488332234,4,2,2,2024,mid,0
0,4,6,7.757033528549947,399.8226488717004,525.9016777119758,0.1869475858628504,1.2850762162782063,5457.0,,121.0,308.7983627767677,556.4617472022784,1,2,0,2024,jng,1
1,2,8,6.479844813707812,371.99879518487717,503.26396358766823,0.1598868629185181,1.0142342425115314,5158.0,5368.0,117.0,414.65481438386246,-396.4631270256283,0,3,0,2022,top,1
3,5,4,6.061415176083268,341.96465449050817,402.05986565149453,0.09075541255428082,1.7750798801301424,5128.0,6691.0,98.0,120.14869775701533,122.10657988993086,3,3,3,2023,jng,0
2,2,4,8.021937032804132,346.80614984808375,581.7366329367806,0.3190186064257296,1.450216248490918,5211.0,6322.0,102.0,-541.2139139819828,-397.81676254975156,2,4,1,2022,bot,0
5,3,5,6.378410569836817,391.76103251566815,466.1858184609735,0.18520512491355018,0.9663750675421401,5982.0,,107.0,-40.13303900455566,-19.186213923556014,3,2,0,2022,top,0
1,2,6,9.827783540898066,329.5987252515636,422.9080554676575,0.2507234565286578,1.76836405475622,5875.0,6501.0,107.0,861.2346350976712,-114.99366899495615,0,1,1,2024,sup,1
4,2,5,7.5679842285653205,345.52989689034337,776.7089121687891,0.11678394765545975,1.642039070737374,5809.0,5749.0,67.0,-395.5798707813941,206.5984016864753,0,0,0,2024,sup,0
1,2,12,8.159679330303794,352.7729977094176,558.5981313876478,0.08594356623675029,1.3259506204869216,5788.0,7004.0,96.0,-743.3840583783016,126.25684205983069,1,4,2,2024,mid,0
3,4,9,8.011527804028397,497.62656059966986,650.6016651673986,0.21324338030734669,1.4277225095406154,5941.0,5890.0,,-439.7889614377052,-181.0379169081599,2,1,3,2024,jng,1
3,3,12,8.362511805334407,431.57865819734656,467.3990520402489,0.25698931767632993,1.1700754389707795,5667.0,6175.0,83.0,109.10582665321355,7.143253063615575,0,1,0,2023,jng,1
5,5,4,8.096482745238406,414.5029377479223,634.7724951976801,0.08047263783407674,1.5465052279236307,5975.0,5490.0,105.0,-58.09075127386521,16.042201628460163,2,0,1,2024,jng,1
1,1,4,7.024347337067567,326.5669385821646,570.542538417759,0.1695841384747043,2.1476711270772424,5191.0,6106.0,109.0,-36.16239932875164,194.48566505049575,2,2,2,2023,bot,0
3,4,7,8.28160627630671,310.33725418557634,495.06901520479715,0.3079860655289579,1.414950927658952,5361.0,6974.0,111.0,667.730349713515,828.3301855931192,3,4,0,2024,bot,1
1,2,9,8.999226819542184,391.8669059830692,466.42878867081464,0.3584717990787562,2.1020898131794645,6527.0,6065.0,101.0,684.0447015481548,545.1666823878013,1,1,1,2023,sup,1
0,5,5,7.443753294919218,373.4997946106233,372.4986069844596,0.2576182014440878,2.056634722575254,6131.0,7020.0,,366.54586470632,156.21831601311493,0,1,2,2024,bot,1
5,5,4,8.340107052846426,356.64582551471665,620.3956759047111,0.14693297255297172,0.6199350475897503,,6392.0,133.0,561.8348881183639,14.139583298704665,2,1,1,2023,jng,0
6,2,6,7.57907740884708,381.81534572234966,553.0925887004861,0.09600842640384924,1.278212985772824,,6889.0,96.0,172.44403824257395,353.1478638768186,0,5,0,2022,bot,1
1,6,7,6.499196865544293,480.6639380776767,548.3212908562745,0.26813113384671866,1.644388772941849,4749.0,5585.0,113.0,18.95453698985591,490.5993799546809,1,1,1,2024,top,0
6,2,5,9.188541707604916,432.7077223267549,529.1097078330123,0.3769972115879836,1.3216529437356572,6198.0,6328.0,,,-207.98415950110925,2,4,2,2024,sup,0
2,1,11,8.908830607366395,314.07594886225945,614.8605061620794,0.24702249909204252,1.3168707437906986,6311.0,7055.0,90.0,-462.737525560565,-323.8815319056323,2,3,0,2023,mid,0
1,4,6,6.8795349022391346,426.5827788813283,424.72707054824673,0.3231541738991691,1.0577059523541223,6141.0,5896.0,87.0,-823.6971790408838,-316.7586877840763,3,1,3,2024,jng,0
7,1,5,8.330498228365936,395.63976208966784,652.807503758948,0.22188565032762414,0.5812182318582411,5927.0,,84.0,-488.01321928775917,777.5969281124185,2,2,0,2023,bot,1
2,3,3,6.219189578827093,382.0901114272266,576.3371835819826,0.24159281520717077,1.6379274436489177,5996.0,5732.0,96.0,-183.3851526528445,-604.9621108677611,1,4,1,2022,mid,0
6,2,6,9.406134803135938,293.1341329766469,523.2929042938094,0.14739153990694548,1.3493264731387384,5193.0,5900.0,105.0,-226.87246244681808,387.0401811948087,3,3,0,2024,jng,1
3,2,5,6.47056005401408,450.10798670872765,461.433936852436,0.08256106024644189,1.3721875413702185,6173.0,6870.0,,185.90711260451621,-165.11958686140233,0,3,1,2024,sup,0
4,2,10,6.51124270056287,438.6591817797849,635.9734954924195,0.198885392256741,0.9995452937204137,5140.0,5497.0,73.0,,-134.55369176482105,1,2,2,2023,bot,0
0,4,6,8.527414343275936,393.2447212103382,733.6018207180339,0.11265949070913711,2.431640513710983,5449.0,6357.0,86.0,-262.1733324509081,56.688920406373455,1,2,1,2023,jng,0
2,4,2,7.96930733601888,327.217187247244,392.6392326445062,0.3835751241504725,1.3276519172802403,6129.0,6760.0,83.0,-157.6639734890914,41.298545229981954,3,1,1,2022,jng,0
3,1,6,10.723779507705192,302.7151779746191,591.990605473271,0.12156160072700502,1.0179609513015346,5503.0,7000.0,107.0,160.62022305731296,-496.5981742690609,3,1,2,2024,bot,1
3,2,4,6.650000695166243,307.90058210486177,487.0446395067564,0.18157203705993635,1.9622665603365945,6314.0,7439.0,101.0,-177.61595690227497,-312.9668083947856,1,1,0,2024,jng,0
2,3,7,8.436289457457397,335.8972233161775,648.0761868268416,0.28247065355213774,1.527310486917688,4918.0,,,-329.9912955971581,36.094553257768865,1,0,1,2022,mid,0
2,2,6,7.193364551136997,435.10449920844314,423.55905933085194,0.20926451806538465,1.1230533840213162,4832.0,6130.0,99.0,152.2677785587277,-515.2225457452964,0,2,3,2024,bot,0
0,7,8,7.595390722537708,369.4929752232271,525.7516444433046,0.23288972749425588,2.064557953693307,5802.0,6426.0,123.0,,-542.291211496926,0,5,2,2023,bot,0
2,6,7,7.746997226788773,447.09616032435474,455.40428411837183,0.16602585410472806,1.4577290708672537,4815.0,5339.0,,-836.6287404452804,392.7508935109887,0,3,0,2022,sup,0
3,3,5,9.716370914228472,386.8213393080052,563.9853194581765,0.17510350654015375,1.4634277829798283,,5126.0,110.0,1081.539484331165,88.85092324166872,1,1,1,2024,bot,1
4,3,6,7.916005111001771,364.2702429471001,216.66527446382486,0.020668065890790177,0.7722894311414207,6359.0,6617.0,98.0,63.80827710161273,-430.98797603162313,3,3,2,2024,jng,0
3,2,8,8.810384232542932,334.9160642855042,536.0132394268703,0.2839986392163323,1.2366651989500395,6613.0,6788.0,105.0,150.93299358677294,1.3939447728073304,3,2,0,2024,jng,1
2,2,6,6.846866444785728,363.6899064187735,557.6827819685027,0.2194583928137027,1.7129288496966188,6824.0,6175.0,110.0,-422.89735643932494,199.79743185389626,5,1,0,2024,jng,0
6,5,11,8.209144880869978,391.41432465251444,672.991426712812,0.12560743347322317,1.5266109350177195,5852.0,5923.0,94.0,-338.05750907859107,-123.05067432116802,1,2,1,2022,top,0
5,2,7,8.38354929717722,363.51122730983406,549.6879528109412,0.22800466866121386,1.2693330221862853,6806.0,5946.0,85.0,-121.93570056755973,-84.66267770534989,4,3,1,2023,sup,0
1,2,9,8.228569141143618,363.42308084115257,448.63933080104675,0.2856235004284189,1.0767125227475254,5874.0,5970.0,110.0,,-404.7505429267644,1,2,0,2022,top,1
4,2,8,8.761420951010654,454.95482897629216,619.2309030592264,0.14614605080882487,1.8082017925256375,5844.0,6862.0,91.0,-696.0779825608755,-487.2896847287272,2,1,2,2024,jng,0
3,7,10,6.801565990124028,430.6103277068666,583.0167825880367,0.15648077609159267,1.421989689676563,5343.0,5465.0,96.0,-96.17899193471797,-183.30707176093344,3,3,0,2022,jng,0
2,4,6,6.781807105628248,392.12486419880724,462.3629991544184,0.10754469216958867,1.304258245996476,5678.0,5725.0,109.0,405.96173850245157,760.6235175423069,1,6,0,2022,sup,0
1,3,7,6.679780824161804,271.1323576795621,600.9292510404103,0.13257263576847858,1.9563320653857659,6175.0,5621.0,134.0,-220.9084943951382,-632.755525130015,2,1,2,2022,top,0
1,8,6,7.175999238088355,404.4859369708914,507.1768072797796,0.24447295828906415,0.7192092875166478,5476.0,6347.0,127.0,,16.3992311192667,1,1,1,2022,top,0
1,5,4,8.56235727318713,296.59369371958456,575.0918460190203,0.34619763896000266,1.4092298682341229,4852.0,6221.0,116.0,,138.9838665166151,2,3,2,2024,sup,0
3,3,7,8.463351287459064,388.68034420530324,453.54353346487414,0.17379564898792596,1.147323055849745,5490.0,,112.0,364.84975787617935,-484.9412245109163,2,0,1,2023,mid,1
3,2,8,8.31165069879596,400.1040260759872,549.4576848996909,0.1777206729278695,1.3884396173995195,5275.0,6184.0,,-73.16803111710976,588.2099893421499,1,0,0,2022,mid,1
7,0,3,8.430125579266182,502.1538439290859,432.03720526149243,0.20512189202842615,1.1561633015057264,6982.0,6207.0,134.0,946.2323083670442,350.6718424755845,1,3,0,2024,sup,1
2,4,6,6.729642913329419,364.7578095366039,600.2825678284684,0.35762335863760464,0.9418759551341778,,5137.0,94.0,-900.1596144493334,-356.82319812609717,1,1,1,2022,bot,0
5,3,9,6.591632038364536,347.8210818696575,468.16048361906434,0.31095222215146145,0.8359312869837578,,6234.0,135.0,534.12656179121,-118.62274541217266,1,0,0,2023,bot,0
4,2,6,6.836347162756877,291.0744425675149,756.4692932852493,0.3202486394276092,0.30575423929151113,5788.0,5767.0,113.0,-287.644839062595,293.65619423892036,0,3,0,2022,top,0
7,1,10,7.8061892365518135,309.4827425446641,526.1795694998154,0.3886024616395461,1.2650297305564078,5484.0,6070.0,89.0,102.51994172175694,-650.3986924672035,0,2,1,2024,mid,0
3,2,11,5.926409535538251,295.90815696697234,548.692727345575,0.3248098607483112,2.3059207607224965,5364.0,5961.0,89.0,233.65854866400497,55.3966147790576,1,3,1,2022,sup,0
4,3,3,8.241855166644397,390.85883361284584,430.042577777883,0.23679872348397843,1.658663122121559,,6318.0,78.0,-161.9192911074193,-162.99882436579193,0,1,1,2022,mid,0
3,3,4,8.157901453178342,372.7694045407542,358.451389536677,0.31268002086120866,1.8412239873909177,6078.0,5773.0,91.0,-805.9250797673267,471.5560307706156,2,3,1,2024,top,0
1,5,8,7.427662369089313,310.3361970069744,405.2568918143879,0.2588642178192391,1.1253484972638532,5084.0,6022.0,112.0,524.3696124743077,-880.1042401173128,0,2,2,2024,bot,0
3,3,7,7.993898510293133,362.67270265422565,425.68332765924583,0.11100596056738352,0.9769281578807453,5062.0,5889.0,96.0,488.93344492130745,,1,4,1,2024,mid,0
5,3,7,7.4225555721248675,402.8809121989666,562.200379619448,0.152979486562753,1.665041930308607,6346.0,5740.0,99.0,-401.4440326982604,44.89700006140906,1,3,2,2022,sup,0
3,4,7,7.154785071989493,447.1027109036095,503.21229714818156,0.13473043846860266,1.4484242753464596,4589.0,5943.0,132.0,-955.8642093451938,-99.79627172170376,2,3,1,2024,bot,0
2,1,3,7.06886197638632,374.10397359794865,419.24934380125046,0.21144683250081456,1.286325543529655,6150.0,5606.0,105.0,195.78363978296562,1.6675367600737374,1,2,0,2024,sup,0
4,3,4,8.363980784972965,321.1353055466499,622.2440128074685,0.11082792956545756,1.5805703252326755,7317.0,7381.0,104.0,295.03901179685147,-435.78984533083405,0,3,0,2024,mid,1
5,4,5,7.863578902207951,309.77607543368003,586.5393272452744,0.2304423353302923,1.775096401964257,6813.0,5244.0,104.0,,-226.94992594593032,1,3,2,2023,bot,0
4,4,4,7.697035892667215,342.6837554567383,561.1053460130212,0.305260635730226,1.1267883739953726,6262.0,6432.0,103.0,95.32446872569875,-64.64371122496892,5,1,1,2024,mid,0
2,1,7,7.900093881872895,411.24923222154376,645.1548488128574,0.21080780748293365,1.5656584876120254,5937.0,,124.0,184.93720041757382,117.89228463731902,2,6,2,2022,mid,1
5,4,6,6.572007735658908,257.2095329684142,606.3225318590363,0.17281346230593206,0.7761181945882378,6099.0,5904.0,95.0,29.60693032803823,-66.12158308411814,1,3,1,2023,bot,0
4,1,4,6.647238830475102,303.51630527874613,621.5431785967704,0.2632342815066059,0.6814758457020874,4597.0,6091.0,107.0,-540.3854500513584,-950.3431612055222,2,1,3,2023,mid,0
1,2,6,6.854638325688121,343.01281863723017,691.4216880431808,0.422922855730614,0.9325989584309751,5987.0,6283.0,102.0,,,1,3,0,2024,jng,1
1,0,2,9.09483384280363,352.0521729290002,480.55652753061884,0.2140675472011596,1.9882610119328477,6671.0,6890.0,120.0,,-691.7416178366856,1,5,2,2023,sup,0
4,2,6,10.185585686552898,417.8935861845657,509.06090307605064,0.34216770043394146,1.2736129271881247,6703.0,5953.0,82.0,397.1390957459241,375.7114184923718,2,2,2,2023,top,1
1,2,3,6.957148663365308,331.682738098277,566.4507289536762,0.2654109934334677,2.056874569176799,5294.0,6040.0,109.0,481.63809093942405,259.83000419212885,1,2,0,2024,sup,1
2,3,3,7.828749281198634,426.21214658841035,754.5191426395663,0.2693579271623233,1.4172631461078602,5829.0,6384.0,111.0,,388.7712623534065,1,1,0,2022,top,1
5,2,8,6.245150049072485,372.657663598646,570.6779542020823,0.13859226023198362,1.4442225243086464,5646.0,6597.0,74.0,-549.4612664041895,-95.19920497735632,2,2,1,2022,jng,0
1,2,4,8.120452741799076,418.6347740522494,451.1041741530066,0.28968391530395843,1.4723347651425798,5084.0,7147.0,83.0,241.08622292545866,,1,3,0,2024,top,1
3,3,2,6.181996919131269,379.87598949610873,387.24146908807137,0.09656465169994462,1.6983125173558096,6652.0,5575.0,105.0,183.4025305923723,810.7845677502655,1,0,1,2024,top,1
4,1,6,8.035648230394896,399.90908833230975,509.8131141270764,0.18332821605568933,1.4859290496814979,5295.0,6836.0,83.0,-92.2673312701412,283.28822363719286,0,1,1,2024,top,1
4,1,4,7.312964613287413,316.21910355590444,631.8137541274981,0.09021025644168515,2.1474409525159635,5481.0,5493.0,101.0,133.50867251067615,421.27754796440365,1,7,1,2022,bot,0
2,1,3,8.721248436099458,393.5982106838603,533.313456148977,0.2893777790055046,1.3078421033997605,5994.0,6302.0,96.0,-59.34487255951913,-487.81313454215615,1,5,0,2022,bot,1
2,5,4,6.319282249171112,402.9365990656178,458.6865649018624,0.1459353916628693,1.022099835374274,5516.0,,74.0,216.19414279122373,,1,2,0,2023,sup,0
2,0,6,6.575068023276925,357.8746046317954,137.91255882252722,0.44017619641740013,0.5628094752416504,6303.0,6660.0,110.0,682.0576776511383,-61.40802345717192,1,3,1,2023,top,0
3,1,8,6.637586590199999,365.6457165407246,471.2972807716842,0.2070920238946518,1.3342381958434806,6359.0,5614.0,109.0,-971.5709783261682,,2,3,0,2022,bot,0
5,1,5,7.471589049979211,367.8472599325077,365.8800862002821,0.17916522874748195,1.7202791672936941,6134.0,,106.0,79.85424073245971,-123.40133980397648,2,4,0,2024,sup,0
3,5,7,8.299030766793695,353.8536973633656,493.17292648766727,0.1026222634708953,1.8973449407575842,5254.0,6764.0,58.0,-447.7034281607686,3.981021299819254,2,5,1,2024,bot,0
0,1,8,6.781801130320436,371.1050125544677,450.9776608640841,0.15605002212030095,1.5115312631197324,6234.0,5882.0,99.0,401.01644800420297,203.5844651323979,0,4,1,2024,top,0
4,3,5,8.018388255798282,392.4955766076903,334.3152540946737,0.10087211266909535,2.069259925146863,6017.0,6093.0,133.0,-145.93182706025823,139.4193004337002,3,3,1,2022,top,0
4,6,9,7.515043338040157,378.3410019318395,589.5839483181377,0.1649119455866381,1.507996165492949,5097.0,5828.0,122.0,,-16.86463593453746,3,1,1,2023,top,1
4,1,6,9.847027313388208,357.12062181695615,597.7727018675494,0.1666864509067184,0.4384870856923323,5454.0,5343.0,114.0,633.3999849251592,104.30330657707887,0,0,3,2024,jng,0
4,0,5,8.097818998522072,400.5343319051712,547.2055429334063,0.15639810793109,1.5820720147349925,5224.0,6069.0,81.0,313.83973779893904,-210.55971706157194,0,1,1,2023,mid,0
3,4,9,7.95712039278802,381.3102613432798,643.0343831531802,0.0822907874750668,1.345662923281815,6256.0,,86.0,-238.49535973485257,263.87859803441074,2,2,1,2022,jng,0
5,2,9,8.085687302137133,439.4548462397634,419.550908658941,0.21055926557261723,1.0938861994666853,6722.0,6386.0,72.0,-414.41532133055694,-90.40704555752959,1,1,1,2023,jng,1
6,0,7,8.483473139413022,440.7142655345566,580.4288496344532,0.18428755215724837,1.1455806456664384,7427.0,5473.0,95.0,461.4454033344939,353.7938738935861,1,1,1,2023,jng,1
1,1,2,6.403112109672546,296.5262049516476,545.8573437456637,0.03660861911582819,0.9190995399153317,5786.0,6431.0,108.0,,-58.642404029340604,3,3,1,2023,top,0
2,0,5,7.552916866009262,329.6043388494738,592.6174940360795,0.144637496873105,0.7586991692099863,4940.0,6740.0,,-488.37315169935323,,0,0,0,2024,bot,0
3,3,2,8.778584601051373,324.29697492206253,518.5766289476446,0.1846986885694933,0.6817916333267777,5250.0,6327.0,103.0,244.9519016606974,-270.47864832634804,1,0,1,2023,bot,0
2,2,3,6.915689027074858,297.52662269269905,631.7391852978367,0.12557008381642526,1.3961467975819466,4856.0,5867.0,102.0,118.94729362916448,292.38907767922905,3,2,1,2022,sup,0
4,3,6,8.882892087539938,386.29149662065595,513.9664337064913,0.31995864421856207,1.2597392903311224,6306.0,,104.0,607.998864707055,,4,2,0,2024,bot,0
3,2,6,6.511830625914017,466.58673061126365,743.9915628735514,0.2697020264028343,1.6381499174446015,5826.0,6478.0,110.0,580.9906985426277,425.7012949405949,2,3,1,2022,sup,1
2,5,4,7.458909229927885,379.54465502068666,430.5734203684825,0.26396396613843776,1.5722988091016763,,6489.0,110.0,196.57653388068488,,3,2,1,2024,bot,1
3,5,2,9.511506884441278,348.607713252904,678.3907788455037,0.23721849448589583,1.5737654013890559,6227.0,6188.0,130.0,-514.2987995743918,-198.67814790186895,1,0,0,2022,mid,0
4,0,8,5.848449509862951,361.6595208578818,520.2659766448312,0.17703859337331565,1.6004404429614425,6131.0,6457.0,96.0,-251.47569802535477,-218.5127633676914,2,4,2,2024,mid,0
7,1,1,7.9383386488806025,358.9604712744623,574.4878254371887,0.25053270000345795,1.4085024169874794,6118.0,5798.0,103.0,,390.50887447392284,1,2,1,2022,mid,1
3,5,7,6.643930167658687,390.4036454328462,546.753905572462,0.14086666391427827,2.3452018189255415,5691.0,5458.0,85.0,10.605179809128117,-262.0502751533853,1,3,0,2023,bot,0
3,2,3,7.224687526455921,395.2047515179399,580.7286811444015,0.2516638673667031,1.3048270254283145,6229.0,5514.0,77.0,-24.156190875942976,-207.37178053667054,7,3,2,2023,mid,0
0,2,11,7.081982069985682,320.7571634394121,435.440925454179,0.286545456719132,1.2259425847213414,,5978.0,109.0,376.0693175791232,-362.9958226890946,0,1,3,2022,bot,0
3,3,0,7.553265333551617,387.61923549199633,513.0504875373811,0.2780406369179981,0.9764448872983733,5807.0,5942.0,87.0,-20.935595571825104,-19.944664737575284,4,1,2,2022,bot,0
3,1,8,6.2746730112414255,324.89453945476544,464.2260756879968,0.32125778582124875,1.6918205524400547,5743.0,5897.0,97.0,,555.5667658088191,2,5,1,2024,jng,0
3,3,9,7.4767338148125,304.3260179944706,663.202724895763,0.14120890159092397,1.322671235910693,5495.0,6328.0,103.0,-372.54635081183,-207.995676849533,0,3,2,2022,top,0
7,7,4,8.46326641938406,367.8993833557271,476.2270977756964,0.32992699543331167,0.40791199525749944,6809.0,6213.0,108.0,540.0379374938461,-242.1437422897387,2,3,1,2022,bot,0
1,0,5,7.796587049553472,366.64202181347,484.7563000102219,0.16325902713909654,1.1654064917842362,,6123.0,100.0,-336.34098825814266,1481.199528012271,0,3,1,2022,bot,0
2,1,6,7.866998755238862,333.72470850229195,640.5474223788949,0.1696346133571663,1.0800608472636055,6289.0,5785.0,71.0,,369.88152449621634,2,3,1,2022,sup,0
3,1,8,7.05218975144184,434.8544559997832,830.1520260193803,0.18176254756863594,1.3099865596737708,5242.0,7047.0,106.0,-625.2296019892339,-80.45698316498402,2,1,0,2022,top,0
6,2,8,6.3937864520431695,420.4842382601873,624.809078389701,0.20984200579670553,2.449760927198321,6178.0,5668.0,107.0,330.06630626245754,-194.67932371125525,2,2,1,2024,bot,0
3,1,6,8.109701714851937,415.5893010471943,457.1072630547306,0.160078585992499,1.6783121710731335,6097.0,6085.0,115.0,-280.2610294621276,427.57059971228017,1,2,1,2023,bot,1
2,2,7,7.382851177551698,344.2795435071527,501.32328075262956,0.23752774012814656,1.441534305285277,5680.0,5746.0,86.0,-313.4366647286445,-240.41360089795847,0,4,1,2024,sup,0
4,1,3,8.983797668707059,403.192190100404,382.367527177939,0.35779736924980354,1.5641836215662919,6242.0,5799.0,101.0,,-622.0456122292916,1,2,1,2023,mid,0
3,2,7,5.874113701645157,370.5755242901361,598.5149109051495,0.24960116067977217,0.9581500756211621,5779.0,5743.0,110.0,-3.680753674888166,-164.74418261996598,0,3,0,2024,bot,0
1,5,7,7.9574171346206395,442.2474689012693,598.5253439838594,0.34305282590576797,1.4776035123657014,6595.0,6233.0,94.0,519.0610226248837,355.4925558425995,0,3,1,2022,top,1
4,0,7,8.434258569387838,361.05539088586994,537.0602693776353,0.24598575442145815,1.515572587927422,6579.0,5886.0,,86.87241497391938,,2,1,0,2024,top,0
6,3,8,8.530654736941555,388.43266707141106,450.23936736760254,0.2327838156994856,1.787196015515157,5282.0,5999.0,86.0,,44.99418988757486,1,0,2,2023,top,1
1,0,5,6.775826130240163,332.28157548313504,428.84036471504,0.12393169162767508,1.266953414293863,6114.0,5194.0,86.0,520.2418473822646,,0,2,3,2023,top,0
1,2,10,6.857491394192909,380.8905664175751,541.6924709590355,0.13713256992490103,0.726213046548694,5660.0,6350.0,102.0,-211.9073828421274,,1,1,2,2023,bot,0
3,1,6,8.04542481864023,351.1860887367541,637.3262257730564,0.17113045415878653,1.1055707030262616,5771.0,5767.0,,364.13323601536604,-320.82761815916086,0,1,1,2023,bot,1
7,0,6,8.054394515637918,275.2897155624293,495.6093849300088,0.1366388061846861,0.7248188524682828,5582.0,6834.0,98.0,406.4350008748725,150.22540515369576,0,4,5,2024,top,0
1,4,3,5.922978720386036,443.46174742550386,552.4387895505419,0.2361158709392102,1.3250390418874591,5678.0,6034.0,96.0,-471.18508281301234,-124.28561441317449,3,0,0,2022,top,0
2,4,8,8.72346682945485,355.2386896162367,634.3433288679853,0.28474287627043204,1.1079443525700514,5397.0,,112.0,71.76167979028392,-156.32503138602516,1,3,2,2022,sup,0
1,5,4,7.343846928020292,363.9217244198074,598.0037341259862,0.33805092018122107,1.4422055561919733,,6179.0,91.0,-416.99749213957506,-15.280029979067145,3,1,1,2024,sup,0
2,3,7,7.993123742507787,354.49930990164194,180.89711104879382,0.30184735820057707,1.5836442961285364,5778.0,6275.0,117.0,491.57075804686383,191.6863983104789,3,1,3,2023,bot,1
4,4,3,9.408468914367589,398.24829903104177,657.9578073782816,0.14636403032208456,0.9498089375150767,5074.0,6199.0,,-42.7202231208349,166.69243176242898,0,1,1,2023,bot,1
2,2,2,7.17839435831936,339.7242324602579,408.9140777124654,0.14355773459335724,1.4431268565696034,5375.0,7203.0,82.0,-817.111381026853,429.9022470092566,2,4,2,2022,mid,0
4,4,9,7.575381487020389,311.91339680317566,478.4797885932258,0.2860019011788053,1.0380448602711736,5354.0,5314.0,103.0,-496.63537792617166,-249.58082768221954,1,1,1,2024,top,0
1,2,2,7.455710531310364,346.1953797115218,704.342943316077,0.18859184420223343,1.1167329807572401,5772.0,5245.0,93.0,838.1047255625774,53.8980050468267,2,1,1,2024,sup,0
2,3,9,7.170852942237382,326.0615677273856,393.1023454681607,0.16531893121536692,1.242148916758828,5391.0,5191.0,81.0,-389.5406854300417,258.13058422153085,3,4,1,2024,bot,0
0,2,6,9.02962750464339,383.6397860494896,451.86323843929324,0.29628995928074786,1.2330574532945784,6494.0,6913.0,104.0,-95.5022249752115,200.9231669425458,2,0,2,2022,bot,1
3,1,4,7.28959932845372,452.7513616333108,585.7499744355446,0.20079719324648698,2.0227312112997495,5568.0,6036.0,82.0,-138.37383543615186,-71.15310065207777,1,1,0,2023,sup,0
2,1,3,4.708764023843187,308.33824624218624,613.5338327148592,0.174380936408439,0.3,5774.0,5852.0,99.0,,163.40646714961335,1,1,0,2022,mid,0
2,1,1,6.952041903366459,349.24190196252846,429.2824419183084,0.3124849995692717,1.439326800999605,5400.0,6023.0,91.0,-575.6482576457254,671.6933523848842,1,3,1,2024,bot,0
4,4,10,7.578770665481817,431.27952903418765,439.94473082023455,0.3435254225173988,1.7242060269574735,6313.0,5483.0,98.0,-63.87416878398545,409.4642250431418,1,1,1,2024,sup,0
2,1,4,5.61783614082569,349.2463663709953,517.7092589635594,0.2615087818671368,1.7667278699181697,,5542.0,87.0,-58.73603535882023,220.7823200220201,0,2,1,2022,top,0
3,7,5,8.306670783346538,421.40139623708643,406.2772842723221,0.08865073360400555,1.8421726158247167,6125.0,6243.0,136.0,-314.3511753729716,148.45787772776833,3,5,0,2023,mid,1
4,4,5,6.751071358347006,324.71493987907496,390.15354425578295,0.21914881606436545,1.7584164686871575,6092.0,6664.0,113.0,99.12779583648944,-345.93186251509013,5,3,1,2023,top,0
4,3,8,8.638950465091503,419.20520933147804,637.2967659405865,0.19695089801667734,0.7836414095801243,5914.0,5907.0,99.0,-35.72196311701225,632.9911063527375,0,5,1,2023,top,1
6,2,9,8.340042463401293,200.0,409.71109886552574,0.1968949860640934,0.45907607173917586,6173.0,,113.0,356.63597520542646,713.597739030167,2,2,0,2022,top,0
5,3,7,8.467448957561892,427.46349928296144,392.2474404578761,0.21475825601106555,1.2712994118091374,,6365.0,100.0,-92.642780009555,590.3100560793163,2,0,1,2022,jng,1
6,3,5,6.15117755973597,368.1123027722529,514.5016470662069,0.097678012698071,0.9343649200062382,,6319.0,85.0,128.320743214643,15.116838989621769,0,2,2,2022,bot,0
0,6,4,7.261773261815968,358.3839519887036,601.4559318623424,0.18790233422802358,1.8398717239725313,5874.0,6242.0,117.0,604.9115747902972,-186.7182297217222,1,1,1,2023,sup,1
3,2,6,7.415405476959732,359.6827004607321,515.1453064261559,0.2586789538992041,1.436564506381187,6302.0,6081.0,93.0,-525.1750602198334,,2,5,0,2022,jng,0
10,3,7,9.033592210462155,373.19764739366326,517.3477191822664,0.34467695135178855,1.6529931824797897,6418.0,5587.0,85.0,183.59332376910672,,6,2,1,2024,jng,1
4,1,6,8.268941878105478,452.053187889771,588.4618195971013,0.16791532651787117,1.6351568096049036,6634.0,5831.0,94.0,683.4957267331295,408.01964440325986,2,2,2,2023,bot,1
4,1,6,9.977642518755093,289.29479405104917,412.85756060847115,0.22180448820723048,2.111659770229115,4447.0,6172.0,115.0,-563.9808210668784,,2,0,0,2024,top,0
3,3,4,7.027209288422833,386.0964328807382,337.49696029008453,0.19623385546667294,1.3657316369670494,5644.0,5978.0,124.0,68.1354752218398,304.17671485115346,2,2,0,2024,bot,1
3,3,4,7.01712976970703,370.43615693849574,527.6756542279423,0.15294390411091202,1.664378779365788,6279.0,,83.0,344.3899690078876,-299.51653597345205,1,1,3,2023,bot,0
2,3,5,8.45461663577786,391.00930409308233,592.5333954296229,0.3994987891046764,1.4653340420800676,6551.0,5217.0,101.0,,139.20797639495098,0,2,1,2022,jng,0
4,2,3,7.26011359151618,384.5558495603762,600.0060013162389,0.433053624168178,1.91694938489794,5275.0,6409.0,90.0,171.4096710336759,115.45210499671899,1,4,2,2024,sup,1
5,0,9,7.761798278727158,378.05835984106716,578.4730064908046,0.21766986850744535,0.8202025024999767,5393.0,6163.0,111.0,292.1950629101405,389.236079976656,0,1,0,2023,sup,1
1,4,7,7.961640060607705,393.15550194050996,512.0925660021813,0.26220051969313596,1.1779641931922895,4774.0,5591.0,107.0,-401.89966964114177,-465.81559093306464,3,3,2,2022,jng,0
5,2,6,7.164933870069047,272.60373438343174,630.3750746708263,0.2842530974896108,1.2747270539145716,4630.0,5270.0,89.0,164.82575096881845,60.02042058249101,2,0,0,2023,top,0
3,2,6,8.110513252275371,370.8026064431993,554.7156940434317,0.19859172189899577,1.7357391191424991,5901.0,5367.0,97.0,72.00065136342982,-599.8242737609436,2,2,1,2024,sup,0
3,2,6,8.593202105677458,405.0224008223017,384.9177178356177,0.3567599264154674,1.1978656606155265,4995.0,5653.0,90.0,297.9033267091666,212.10844075287488,3,1,3,2022,sup,1
3,0,9,7.194141694451443,337.5047681265209,545.7750717183133,0.17244433246737795,0.3799245098352271,6293.0,6253.0,108.0,86.45331129305535,-95.17950216778428,2,0,1,2022,sup,0
2,2,12,5.818386101183639,296.6423523467778,566.7088171339338,0.1608096429862672,1.3038791920694415,7016.0,6043.0,116.0,-467.3133754826846,687.0525823175033,4,0,1,2022,jng,0
4,5,5,7.8985272323325075,330.97497963249833,353.9091981477715,0.20096617747713746,1.5375718515680343,,6586.0,77.0,-201.21545782728688,-181.8402444866061,0,3,2,2022,top,0
1,3,6,8.15115017220402,375.44699225319494,741.2543868210178,0.36635855170687015,1.6548723055451728,5281.0,,109.0,-876.920538436751,452.5261394857569,2,5,0,2022,sup,1
2,1,4,6.887473585782385,306.7680080721243,383.64220785537657,0.1587838876289309,2.03426697986646,6190.0,6401.0,91.0,165.4964836443615,193.05967397333416,2,4,3,2024,sup,0
4,1,3,7.0859971284820835,331.1868113481781,593.7529853749588,0.1904462141815223,0.9941995954102782,6194.0,5879.0,91.0,,-296.6512577859541,3,2,0,2022,top,0
4,2,5,6.537729814076777,357.59385113815415,579.1825012454616,0.1372375128415907,1.3222968914002773,,6990.0,114.0,247.09449791265013,-624.8500805877158,2,3,2,2024,jng,0
1,0,12,7.980235581196093,363.07589043430295,475.4469772089337,0.1690673404425721,1.7652432040340478,7333.0,5734.0,88.0,-366.56966187125,115.91482031988346,3,3,0,2023,mid,0
5,3,5,7.623526703814685,292.7727314206841,662.221964831032,0.10260812647139404,1.3944468947264794,6269.0,5479.0,95.0,-363.9229205245591,74.76057701719674,2,1,0,2022,sup,1
5,3,9,7.550411946425736,457.6881469675677,547.9031115253237,0.1531777452792089,1.555601846771637,5554.0,6188.0,128.0,209.4394093457358,-611.1880583136871,2,4,0,2023,mid,1
1,3,5,8.173755842753597,433.1482545581808,470.97951652001507,0.1594354723184589,1.580055122048185,5957.0,6525.0,116.0,551.98448504824,258.87677050801227,1,2,1,2024,bot,1
1,1,6,7.155877936476312,338.91757891375295,511.8139875661451,0.11600319079039288,1.5041661595730738,5419.0,,121.0,-317.2433795565551,-497.407653686072,1,3,2,2023,sup,0
2,5,5,9.964066609633788,345.22070594317523,401.1223680549093,0.14162972411372426,0.5013708051248094,6842.0,6356.0,98.0,62.6835732732948,,4,3,0,2022,bot,0
2,2,7,7.090107511726687,341.3416940819827,462.39293560751423,0.24853865575758682,1.9276709984955347,5206.0,6709.0,119.0,17.390713771414283,475.0330996214923,2,6,0,2022,mid,1
3,3,4,7.458268189335285,378.3427003400338,336.622521557464,0.19233387280654599,1.9591732179158394,,5942.0,93.0,51.23474518806796,-630.8580746630629,2,4,2,2024,bot,0
6,3,8,7.652882045333603,378.50870955893265,515.1288185814649,0.17580447731901339,1.992209749396793,5864.0,5946.0,79.0,-567.8247578137996,62.23189103836009,1,2,0,2023,top,0
9,4,3,8.259382441221579,434.2943870528223,413.9291635068024,0.30723843507007204,1.0960196493135093,5617.0,6563.0,93.0,-953.4134104309435,346.46271795844535,1,2,0,2024,sup,0
1,3,4,8.590339870483383,414.19279957125735,503.2497357698746,0.2571128870205886,0.9845153507238333,6035.0,5640.0,89.0,-883.0756808043185,-397.36473968638865,1,2,0,2023,bot,0
3,2,5,8.077474433943008,327.0650942642213,393.693707603308,0.06511787242608899,0.8688982524800805,5573.0,4953.0,105.0,83.39430193655676,-127.75781997663455,0,3,3,2022,sup,0
2,6,2,6.653697340434857,367.417265599374,530.6643721388061,0.2074441982967329,1.4703493558631748,5317.0,5780.0,88.0,-19.683068175763516,-80.23637651297355,1,2,1,2024,mid,0
5,4,4,5.515918419694023,446.84750463502616,587.7613766329339,0.13194358187953242,1.5532405024854279,4545.0,6574.0,119.0,364.36132523425977,-51.44893059396074,2,3,1,2022,sup,0
3,2,9,6.880260463236654,469.20550374641215,467.5974086563279,0.2134245546332906,0.9288315977159449,7052.0,5972.0,142.0,305.5822769729957,551.5579625092851,1,3,1,2024,top,1
1,1,6,7.642970316067228,349.1875764449757,445.9433958281017,0.2918712451170286,1.3396584763798516,6493.0,6165.0,91.0,,-32.91968379384886,1,5,2,2024,bot,0
4,2,12,6.790500864912703,446.37086501167806,311.6173202496168,0.2144148117776415,1.6929723612419014,6891.0,6245.0,88.0,1.9841674234684774,-703.2122857713696,2,3,0,2022,sup,1
5,4,4,7.6542870009003865,387.27864800884157,512.6222657062792,0.2951423442745479,1.6401131499819168,5963.0,,109.0,,-27.266226689619337,1,1,0,2023,sup,0
0,0,6,7.2725777624456045,382.45489288979616,397.3392013260849,0.3513337003612177,1.4446788661365202,6528.0,5508.0,112.0,52.70599557842223,439.68351286793484,1,4,0,2022,jng,0
4,2,8,6.095353464333536,356.58384589417574,515.2332848970956,0.22876326763444832,1.539057723526701,6910.0,6155.0,101.0,41.73723619948598,-104.6494088032605,1,3,0,2024,mid,0
4,1,4,7.321847136584836,313.47113679102875,632.390310284472,0.2984755611896762,2.191481847494135,6618.0,6406.0,84.0,-290.9568241575231,-207.69057204214062,0,6,3,2023,mid,0
2,3,6,7.002650493609382,366.21975475518514,569.8775759143955,0.1941640458842609,0.8730985160535005,5401.0,5870.0,102.0,-123.42460079681865,-42.85201175348457,1,4,0,2022,jng,0
2,3,10,9.208589831414448,397.2645539448464,273.19563321188144,0.25256989241743943,1.900761415234486,6097.0,5719.0,97.0,103.68497974328608,-167.20403705409393,1,4,0,2024,jng,1
2,2,4,7.939106752091423,379.37757874695916,535.1818857879867,0.19892982601674994,1.4448104751469633,4998.0,5995.0,111.0,-764.7970703513724,-121.16692284406601,2,3,2,2022,jng,0
4,3,1,8.890851538070836,253.92963243735286,693.9476591081432,0.20547460454995117,0.8694782192439208,4383.0,5392.0,94.0,190.73358065232955,681.1264657401495,2,2,2,2022,top,1
1,2,5,6.509687973959763,335.05400842336564,431.58430272625856,0.1828147007920975,1.1565766754104783,4798.0,6172.0,94.0,9.408444264832198,-9.362564564096587,4,2,1,2023,bot,0
1,0,5,7.483635426193145,409.9730205252018,662.8369467468458,0.3817250059616898,1.2540489367007581,4796.0,6325.0,107.0,-604.970021145395,58.83623746935834,1,5,1,2023,sup,0
1,2,6,7.172071215259911,350.07205691705906,499.205259049448,0.16057689563334118,2.125476889907669,,5824.0,118.0,-403.59444799355634,5.684837853813697,0,1,0,2024,mid,0
4,0,6,7.920164947550243,381.18359135659944,369.182573458123,0.20732420625009776,1.0490014843714555,,5302.0,98.0,587.1325221760842,683.478321320724,0,2,1,2023,bot,0
4,2,3,5.995418277492091,294.82010994749845,557.4965905362358,0.21128345526496364,1.586466584671296,5605.0,5816.0,97.0,-110.90304685780892,-380.44991941222685,2,5,0,2024,jng,0
5,4,2,7.842151207753759,466.90212102324404,526.6240503040054,0.23208042240112223,2.071341760277747,5794.0,5711.0,107.0,-80.15609478860281,517.6424975198212,0,2,1,2022,mid,0
4,2,7,7.495703146327638,439.0281915633975,405.54210033431656,0.1399470750820104,1.8361897126761437,6233.0,5898.0,,-540.276314481851,115.80059903914841,2,4,0,2023,jng,0
3,2,6,9.784140294894218,325.4607637094203,675.7281821379088,0.30508086745815965,1.464172607643735,5358.0,4561.0,109.0,862.0084790073857,-14.143718693008104,0,1,1,2022,bot,0
3,2,5,7.407247643581805,352.10122195983155,308.9123006296599,0.1681744288629701,1.0208058863626126,5613.0,6468.0,76.0,,267.19401076686796,0,2,1,2024,mid,0
0,4,5,9.562664084281433,357.7398803222653,431.1682583813116,0.14318082757988929,1.3748287223461702,5814.0,5596.0,90.0,658.8024228471072,,0,1,1,2024,mid,1
3,1,5,6.472123364252172,366.3545788244269,308.58649560340996,0.33496843282660044,1.2889179853549066,6352.0,6684.0,102.0,,-63.12343469950335,3,2,1,2022,top,0
3,2,6,5.7884091661100046,339.586174533827,388.38491669106804,0.26167734868371556,1.3240589114238186,5127.0,5398.0,86.0,236.668280431583,-253.46560050979502,4,2,2,2022,top,0
3,1,5,8.53181832799287,397.95171031615223,454.4495061709046,0.20741875793240092,1.5437282316083945,5526.0,6340.0,114.0,766.6222019784641,21.24122654497576,1,1,0,2023,top,0
2,1,4,8.583220598736336,317.35033117539604,629.3479899267759,0.28939268477230645,1.7338560453836216,6151.0,6233.0,100.0,14.085719718508088,,4,1,1,2022,sup,0
4,1,6,8.808474504748034,413.94076024539,308.8349596348859,0.16087465247434424,1.2719784411401518,5568.0,6369.0,79.0,359.55842042349934,-326.3320168779264,2,2,0,2022,bot,1
1,1,5,7.439913723147056,399.3765536737979,402.93698922792913,0.20215496348714454,1.3054659545766907,6168.0,6961.0,111.0,751.6626717884242,293.6232294221483,2,3,1,2024,jng,0
2,2,7,6.840741829054236,417.3888587026538,709.9472811168697,0.2560943026917199,0.9661434129227268,5468.0,5745.0,105.0,-1044.0208293160472,,4,3,1,2024,bot,0
4,0,6,5.844596392505172,355.48723409180286,308.7160246188174,0.28735568731694305,0.955959443305379,,5548.0,119.0,-381.8301036444912,186.38289482005095,1,3,3,2023,top,0
4,4,6,5.785732099099583,369.78791878738514,549.728797088139,0.3577910474381803,1.6871154050726538,5910.0,,94.0,-308.18783195537617,-700.1276272926825,4,1,0,2022,jng,0
2,4,4,6.839552414955314,447.3898235905501,461.19345225869347,0.19658042174639398,0.3,6106.0,6295.0,113.0,69.21179561353574,-107.8927997133818,2,3,1,2024,jng,1
6,1,4,8.986706310508856,416.9182862333006,589.5633675847548,0.1729924745031319,1.9702879595896188,6322.0,6300.0,84.0,,13.728139775601882,2,4,1,2022,bot,0
2,1,4,9.873318350322634,331.4282825265344,621.7378351385166,0.23462053122495002,1.4383335434206383,6380.0,6726.0,96.0,430.2133406371008,-541.0499347680086,2,1,2,2024,sup,1
0,1,5,7.9100569432550065,359.3738379859641,451.64902951195177,0.1869213438533373,1.1790582548583066,5075.0,5437.0,96.0,811.8168859784287,166.79704356574115,1,2,2,2022,top,0
2,2,3,6.983151308421397,390.14652033958066,698.0289365743847,0.1977713198797022,1.2124658377938102,5391.0,6127.0,97.0,248.5249447058826,269.2074592147641,2,3,1,2023,jng,0
2,5,1,8.674028081343927,356.239758943099,475.22290791748327,0.28192143714434637,1.5018864833364323,6323.0,5801.0,,360.6751561624549,-408.9604727482671,0,2,1,2023,sup,1
1,4,8,7.994556320089992,352.71576785396616,646.2947796898649,0.20453187321893734,1.579491492435953,6287.0,,107.0,-717.1163027755498,3.6877044940081447,2,4,1,2024,sup,0
5,1,7,8.28217342962603,339.693016631311,434.8126671342785,0.33287272455008626,2.0897484916186375,5543.0,5618.0,86.0,327.69227436987387,-359.9878149598034,1,2,0,2024,top,1
5,1,5,9.211961591322614,372.6233566124991,402.14926145396066,0.2460311302656539,1.6717624033881378,5532.0,6575.0,86.0,-196.67940095397356,-265.47366140173403,3,3,3,2022,sup,0
3,3,4,6.252895582863171,350.36852386388665,370.2296216279751,0.20876176452701536,1.1639641180857752,6433.0,5368.0,101.0,-570.0996169159116,54.65378253657536,2,1,2,2023,bot,0
7,3,3,8.34778808656225,465.50300080795375,569.2458160972357,0.20763969767647922,1.9737224950218826,6164.0,6732.0,110.0,-208.6357520063018,841.0767269171886,1,5,2,2024,top,1
5,2,1,8.683971651049514,407.79656322355663,747.6272538506151,0.17298736147878646,1.3146718570955906,4392.0,6454.0,92.0,632.7324641640769,-47.89681380159716,0,2,1,2023,mid,0
3,2,10,7.231546216600861,445.1282463624553,596.2452913702803,0.13909293156364663,1.412064705266059,5779.0,6396.0,96.0,688.7220314637104,-91.58349352983375,0,1,3,2023,bot,0
2,2,9,7.650556243867641,369.4296130583456,428.008800354738,0.2724439569275597,0.47776741671459844,5471.0,6493.0,133.0,190.84572162883933,32.08796008361087,2,3,0,2022,top,0
1,4,12,9.227779936401989,490.63142222840656,534.7550247477513,0.12822310683705976,1.2462610115204416,6383.0,6704.0,120.0,24.152356804191186,,1,3,2,2024,jng,1
2,4,2,6.864096931847881,348.18175402449396,257.71017690804865,0.11517537527890949,2.0212712723115405,5988.0,5449.0,73.0,-8.75152440057498,-91.34280370644274,0,3,3,2022,mid,0
2,3,9,8.416158608436435,299.9512477296184,500.16964626590504,0.2940260090186702,0.8698808182044684,4920.0,5431.0,128.0,543.0585981715914,-830.5920018377454,2,1,4,2023,sup,0
1,1,5,5.607159228714289,346.3421429526118,351.96395932912355,0.2552451079168717,1.1580015141280309,4691.0,6017.0,,-535.1939741894814,754.632412742142,1,2,2,2023,jng,0
2,5,5,7.389894232771653,423.6384768129222,548.4482911253701,0.31547264737784486,2.1735345412701337,5916.0,5042.0,117.0,499.964394074668,774.8579699558625,2,3,1,2022,mid,1
9,0,7,7.926583845293887,416.71418913503044,515.879739001295,0.24986195705264924,2.005905341366734,6028.0,5706.0,101.0,-51.7056592826836,345.31940207887067,4,6,1,2023,jng,1
4,4,7,8.464698272255086,371.29746807155925,469.72346545498857,0.40698452438334304,1.8877895176739825,6073.0,,107.0,,743.8709339533378,2,0,0,2024,jng,1
4,0,5,8.01583930832047,263.6004636995114,555.6525672879739,0.02,1.711689331196861,5719.0,6310.0,100.0,-232.597599806135,-488.38519497835244,1,3,0,2024,top,0
2,1,10,9.808895544745196,363.0828142994401,407.5839984209307,0.19466678890261446,1.1430486676211036,5888.0,6015.0,133.0,-307.96673905899286,-61.0795290808189,1,7,1,2022,mid,0
2,0,3,6.239441867079659,377.2577817844755,508.82780682466023,0.2797315948177692,1.7063113115654636,6878.0,6163.0,100.0,2.2813039873971235,315.88721876392435,2,2,1,2024,top,0
6,2,2,7.975766993781516,414.2847317846467,594.5793756602909,0.08507566036016487,2.085702940802833,4985.0,5861.0,122.0,393.94569650304175,68.10297388568526,1,3,3,2022,mid,1
1,2,4,7.1234187433530245,399.1971142352092,436.783993275496,0.1410436617853886,0.7967732197202875,,5835.0,100.0,143.68033272634682,116.02606016131026,1,0,3,2023,bot,1
5,4,6,7.6266595005786195,386.25647131275036,602.4592042655455,0.13264403807989555,1.1235410694658827,5898.0,,81.0,-757.2565263103352,-92.70715270713092,1,3,1,2022,top,0
2,5,4,7.412853755377885,455.85083224733603,425.1458943063367,0.21206733084616303,1.6850108924717289,5597.0,6201.0,118.0,327.90481835896355,274.46309238644085,2,2,0,2023,sup,0
9,3,7,7.256502157764958,400.05217316507935,496.6359596157904,0.30400945133715296,0.8571953355378349,6238.0,,127.0,-258.6188699592628,,0,5,0,2022,top,1
3,2,2,6.222362603953242,380.2959585531766,626.5820063869089,0.33817284350260773,1.238844075070442,5405.0,5733.0,,460.37277803816096,246.69464696776998,0,7,2,2023,top,0
4,1,6,8.989478883211635,311.22164517960624,442.5334281376093,0.07881217427053872,1.15088292588162,5071.0,6135.0,81.0,-214.51388163969145,496.1187313968875,3,2,3,2024,jng,0
2,4,6,8.416191513719564,374.8034006386174,603.0644781887725,0.20537334418455092,1.3532511206565314,5358.0,6513.0,110.0,-101.76272845397631,161.54114662981237,4,1,2,2023,jng,0
3,1,2,7.673416083232272,447.75854552591204,418.7989723232209,0.12314840742175585,0.9323519561144213,5941.0,5772.0,77.0,368.46046999663804,623.7513767256306,2,2,0,2024,top,1
3,3,5,8.386087050755847,375.85371582126965,596.4301447255647,0.19392480902048653,2.1864679739793536,5329.0,5128.0,,-33.7190481754964,244.59068411068284,3,2,1,2022,top,1
2,4,7,7.588960941061458,366.43459870663344,455.5113863457862,0.25794318846792874,1.4881543013972076,5862.0,6260.0,75.0,622.1510142440857,-350.3481302662482,3,2,0,2023,bot,0
3,2,6,8.949392436263814,423.1838710135015,401.9239930766224,0.2356452836163781,1.4887329135074214,4600.0,6286.0,93.0,-366.1976648800389,661.3431778138051,4,4,0,2022,bot,0
2,3,5,6.4641124226905236,377.4537515645594,563.6463003628385,0.24003949744065728,1.5241520292694493,5352.0,5991.0,79.0,-88.75186504793058,-372.74506511208244,1,1,1,2024,bot,0
2,3,7,7.046696780587885,329.00739527268877,610.1509010947085,0.19185925188820244,1.14755175784197,6413.0,6247.0,75.0,-800.9961675479442,95.5936553158918,0,3,1,2023,jng,0
5,3,11,8.490700432865681,411.774852193648,641.4451274560325,0.23115744213516165,0.7507311956970931,6255.0,6124.0,111.0,-362.78889663818074,-492.1184269984719,4,1,0,2023,bot,0
3,4,10,7.089376927289258,381.1242449946821,633.459728125924,0.24584717490416017,1.8388070722279726,5700.0,6518.0,87.0,-320.71604506565365,-318.6111400538434,1,3,1,2023,sup,0
2,2,3,7.620366451170958,392.26645825215826,432.008506977231,0.20486297672109915,1.2945014912426847,4421.0,6489.0,118.0,-691.580028958658,539.1582333224756,0,0,3,2024,mid,0
2,5,6,9.030383286543932,393.6941485073968,513.3359737086682,0.2241291827558471,1.3437160599526665,5655.0,6542.0,100.0,-49.853284827024396,,2,1,2,2023,top,1
4,1,7,8.614798343567362,418.06193823202875,398.75603935675264,0.20361507666506024,0.8330659430989746,6713.0,6599.0,117.0,-389.80979348333994,295.3623422302585,1,2,1,2024,top,1
0,4,5,9.666458830398005,367.2925440697216,409.7569013154077,0.30732350013589066,1.2439170521288105,5759.0,6242.0,123.0,445.8224633069436,-373.5315088920249,3,2,3,2023,sup,1
6,1,7,8.190154681806035,271.47298062894777,388.6384629612687,0.3245537964877377,1.2280066110741723,5657.0,5846.0,,234.5368509788958,6.087433607924709,0,5,0,2023,sup,0
6,2,8,9.35638449820395,382.95470875092013,774.9288172432301,0.23425997654048555,1.1080734396123328,6313.0,5514.0,100.0,,-65.48550603097928,3,1,2,2022,top,1
2,4,3,8.829881419723815,285.67059359803955,490.60215444378184,0.20135436136122312,1.1907115463459796,6165.0,7052.0,86.0,357.6250193303199,-259.63743007325667,0,3,1,2022,top,0
1,2,6,6.809324819874784,371.05176005129454,541.0161422001739,0.18381561705584,1.5566178355200877,6493.0,7177.0,97.0,248.99086247003925,19.735314155698546,4,4,2,2022,sup,0
3,0,8,7.1414673232848935,354.2171811456225,504.4855187517647,0.22364345954149784,1.464962523950072,5442.0,5798.0,101.0,-71.30785254304912,137.5505890060104,1,3,0,2024,jng,0
1,2,6,5.525182551315168,312.02226350789493,389.08041473691685,0.08304336390041325,0.922592869980079,6002.0,5732.0,93.0,-243.50016800134824,-569.2172556701489,0,5,0,2024,bot,0
3,1,8,4.84982558649007,426.1315169617079,477.88972885898227,0.22125838048466007,1.3479884556436446,5255.0,5822.0,85.0,-588.7031327750902,-213.23131264936026,3,5,4,2022,jng,0
1,3,4,7.599069569325791,450.32896378825455,571.6005658253874,0.02,1.0043167554901664,5497.0,6259.0,107.0,-120.16382606833031,-370.4650413358293,0,2,2,2024,mid,1
7,4,9,8.449109391802995,208.84309317247246,695.0695023693052,0.10912785631091344,1.1638567367725257,5764.0,5928.0,87.0,154.88356268536256,-548.0915900445407,3,3,0,2024,jng,0
3,2,7,6.985814505238385,383.0666612858608,351.22226277215714,0.37841807807443456,0.4148274689215651,6154.0,6170.0,73.0,328.84261447748605,111.93789822597907,0,2,2,2022,mid,1
5,2,5,5.711199984125734,413.8965742796294,387.56494661559293,0.30456250958650155,1.616136505208797,6273.0,5814.0,112.0,373.0604364992206,-320.6448686119067,2,0,0,2024,top,0
1,1,5,9.703052383218791,463.2437017032259,397.57751789501674,0.13366621488050096,1.742208624075321,6156.0,6156.0,104.0,116.45174410968315,76.91060936223394,3,2,1,2024,sup,1
7,3,2,7.407626248848773,264.1134648062979,556.9200286632271,0.23627677395965668,0.93551981527829,5842.0,5679.0,103.0,189.42054810330768,344.5617694640059,3,3,1,2023,sup,0
4,6,8,6.649458254385308,435.66500015569,361.328673061586,0.27769705085776686,2.0467218009159525,5246.0,6473.0,106.0,,-684.9713535221814,2,0,2,2023,jng,0
2,3,7,7.344635936658556,359.85263506169247,489.58937689645524,0.26527924049157603,1.866282656814313,6272.0,6075.0,97.0,-159.00953412697015,-251.4414182569314,1,0,1,2024,sup,0
4,6,5,9.060260583405839,348.9958005955513,671.3867750658476,0.21554814647354512,1.2271133657237787,5933.0,6787.0,107.0,213.1150550161539,-116.9183535096872,0,1,3,2022,top,1
1,0,8,8.307823516958795,515.3058179763692,486.32215441533197,0.21926122559474798,0.45553745447041794,5629.0,5511.0,91.0,346.17082418140234,-45.744655590391574,1,1,2,2024,sup,1
4,3,6,7.00174168047617,274.06982632622265,352.0481834156044,0.11863253039244119,1.456527459682364,4499.0,6151.0,,-352.6366023745039,-70.57341138041355,0,3,1,2024,mid,0
3,1,4,8.179582357876782,353.22071582988497,345.40464436141565,0.2249362907733713,1.8147557473822253,6056.0,5515.0,91.0,-148.56599170635485,-104.68546633346628,0,5,1,2022,mid,0
1,2,4,5.437337942874119,347.68757274794876,687.3134049100065,0.05313453788885339,1.4584630887820387,5444.0,6055.0,,-882.5161819729175,-154.71125442780806,0,4,1,2024,bot,0
3,1,0,7.152624020392181,314.40765573505183,343.0366631009591,0.20006322658277448,0.8228515832076365,4833.0,6124.0,99.0,,-626.68007883513,2,2,1,2022,sup,0
2,1,7,6.267713968811772,456.604671448458,630.953966598932,0.23196079276367307,0.6561418941205684,,5714.0,114.0,-520.708560225718,-1.5672320810750762,0,2,1,2022,mid,0
4,2,2,9.651016521687781,368.74263434914263,546.6576897889005,0.13664661208239645,1.3129179362026258,4977.0,6566.0,110.0,1135.744376336937,-113.63457105093156,3,3,1,2023,jng,1
7,4,4,6.052175342097889,417.0356173395785,551.6225981637831,0.29102648452908464,1.584381666626413,,5530.0,107.0,518.4988663821488,,2,3,1,2024,mid,0
1,3,7,7.338035633333183,438.58321428522754,568.5643903452443,0.10386020368304802,0.8905571642191834,6223.0,6692.0,107.0,583.0941793088233,,1,2,3,2024,mid,0
2,3,6,8.750505082090198,366.69514347857915,613.7689402670742,0.1382714137668581,1.757792668159081,,6330.0,106.0,,-455.3628174097423,2,3,0,2022,mid,0
2,4,6,6.4419476695959705,380.70844380610515,488.2071741748107,0.19992412101083284,1.4464633393272264,6157.0,,85.0,-122.7237569294218,-96.28672485982815,1,7,0,2023,bot,0
0,2,7,6.4191856123837905,255.82926693160778,448.34893355887596,0.20338419861895654,2.309407361532612,5831.0,5648.0,127.0,526.7770026305027,48.412678409246396,0,4,0,2024,top,1
3,2,1,5.052240363435988,367.24219417228954,449.8101117847146,0.27411637398227906,2.0545723492550754,5025.0,6574.0,96.0,10.329455565226738,-1046.9089370317809,1,1,2,2022,jng,0
3,2,8,5.576593036738231,344.8836361371405,684.3077865177318,0.17956670491533647,1.8217506850390375,6325.0,5911.0,90.0,375.78933631840795,,1,1,2,2023,mid,0
2,3,8,7.70252299004351,386.42986824645595,392.39541117472936,0.22827481553636328,0.7820065414991337,4734.0,5634.0,82.0,-96.02578521441694,-401.4051176017011,3,2,4,2022,bot,0
5,2,3,7.512775112067441,271.2917975114391,521.1983751723589,0.2730951879984236,1.9786489697102292,5936.0,5501.0,76.0,264.4011048410859,379.3633248474288,4,1,0,2023,top,0
3,4,4,7.210779261329239,418.29489650023834,581.9737652930512,0.041245801203733085,1.5819860083778365,5309.0,6482.0,97.0,785.957496995361,-202.76187167316527,1,0,3,2024,jng,1
1,2,9,7.171902539802956,437.8893651340577,359.88037322442267,0.0713139017262149,1.438612130697214,5431.0,5686.0,120.0,486.54164134982125,-166.94178573520145,1,2,2,2022,jng,0
5,5,4,8.353319430210542,409.72342015746864,492.05873166212956,0.29092913536907516,1.9093578684473775,5524.0,5606.0,111.0,302.57200400357874,1259.9592183492296,2,1,0,2023,sup,1
0,0,6,8.17142776002021,420.967259434314,507.6713494778897,0.1458483750096814,1.5340826170014603,5751.0,6366.0,94.0,-179.284614749107,-574.5693487933117,0,4,2,2023,mid,0
4,2,11,8.052215924136167,374.050749421062,612.5707674903208,0.0353132368517817,1.990869432471218,,,,30.14377455219767,1281.82818198091,2,3,2,2022,jng,1
3,6,10,7.967467131850418,372.55197463248703,358.8416525856758,0.2775657030721781,1.289139252462531,4625.0,5353.0,96.0,-592.0136808476091,-543.3448706908287,1,1,1,2023,top,0
1,2,8,9.336142577192193,331.1628526092052,693.3402827702877,0.19670677490123425,1.6018639006331394,5576.0,,106.0,242.26544950972954,182.59107534102054,3,2,0,2022,mid,1
1,5,8,8.941150421328752,458.3558272819177,572.0455200700319,0.32699103343844504,1.8699012246040707,5470.0,6023.0,,272.2855425477876,,1,1,1,2024,top,1
4,4,6,6.343664035239577,360.2303879432212,413.47187148539933,0.17564631426105554,1.5862860419459466,5825.0,6752.0,98.0,290.7468190506759,-20.6031027256256,2,2,1,2023,jng,0
5,4,4,6.936189060271726,322.9420647609526,387.7653724778942,0.30464680393891025,1.0588269362920986,5007.0,6299.0,,-303.93642392953893,-307.6896022505177,1,2,1,2024,bot,0
7,4,9,6.451920881044171,327.550568367349,422.029633495718,0.17965165464147329,1.652101684917847,8127.0,5801.0,,-576.7541233306865,31.03952277863945,1,2,1,2023,bot,0
1,3,2,8.712904783451416,411.1328687599396,642.1489001137242,0.28965247238829567,1.1048746563706493,5746.0,5732.0,93.0,-65.64404727323765,385.22471038737774,1,3,1,2024,jng,1
3,6,10,7.7741610291670895,286.19875203715094,333.9304139103431,0.1770841926227742,1.704009258876837,6919.0,6120.0,82.0,-793.006508695007,-68.2948184506057,5,0,1,2023,jng,0
3,1,5,8.845219789336674,435.04167157161896,644.7524553210799,0.2586995203513885,1.921244833127506,5805.0,6072.0,127.0,-510.3087793963168,681.4319898978579,1,2,3,2024,mid,0
3,2,8,10.559786658862688,402.35014212447805,426.69425488501133,0.32212355388611247,1.3473068129225032,5847.0,5674.0,83.0,478.133322107963,-90.05678055122274,0,3,1,2024,jng,1
4,2,8,8.070569810950316,390.14188332493245,612.9483601984357,0.16111897817745507,1.6162918601457419,5627.0,6451.0,139.0,-107.3071451810892,-244.72143662214836,0,0,3,2024,mid,1
1,4,7,8.561659340432861,415.94283331562724,473.12856070028806,0.0674119108906854,1.1064103212873735,6809.0,5383.0,129.0,395.9043013893066,-269.39753377925507,1,3,1,2022,mid,1
0,2,9,6.420667014289589,363.20429327988074,733.5874882259393,0.24236932160553076,1.6552530809420025,6915.0,5990.0,101.0,715.9725333578644,-94.37470520719683,2,2,2,2022,jng,0
3,2,7,7.274225989994951,283.63394945872517,644.2621400389693,0.3375346744855604,1.3745371566613551,6109.0,6521.0,78.0,-457.36610856884545,546.7168203843206,1,3,0,2024,jng,0
5,4,6,6.125753563969921,270.0682049262513,401.9270902079222,0.305594878053789,1.4047775610426323,6554.0,6014.0,114.0,-496.00648604221504,,0,3,2,2024,jng,0
7,6,7,6.874643315309437,333.42000580722237,516.8527726801814,0.1484730334574779,0.9271336663966812,5654.0,6534.0,75.0,-321.5335320899406,-678.9693571963091,6,1,2,2022,top,1
1,1,4,6.880690854939528,362.8297060014191,436.4114377578228,0.18640205549872865,0.6742864843089316,4229.0,6231.0,131.0,-555.5777627921664,146.8641085064639,3,5,3,2023,top,0
2,3,4,7.205528078758306,286.4113730063404,546.8854283976113,0.14172130538810607,0.8794173510606554,5353.0,6152.0,96.0,372.27390214892154,-18.566773259868892,1,5,0,2023,bot,0
2,2,4,8.519869997523362,438.3329553881367,450.7497878218636,0.16622077277764258,1.7678358192851444,5926.0,6207.0,86.0,-259.3898434550383,139.1512280751432,3,2,1,2023,sup,1
4,4,3,9.29842254001274,319.1525748257201,652.7113458322407,0.19327309607312515,1.781357753688888,6718.0,6388.0,115.0,-216.62964860930296,-458.4199380623655,0,3,0,2023,top,0
5,6,8,7.609245968613515,371.0667835435521,1000.0,0.2854596754445831,1.5538264650752975,,5589.0,117.0,462.04335244180936,-856.203113869045,2,3,1,2023,top,0
5,3,9,8.468468148721922,393.6933704344159,504.60080464297357,0.34894430914902497,1.6119888677236331,6067.0,6274.0,,239.08324392794339,372.72025620508,3,4,1,2023,top,1
1,1,9,9.009200145116212,335.99317185317216,489.8532228212603,0.20862392686482362,0.999850567314287,5598.0,5508.0,135.0,259.5233447776404,664.3793659269277,0,7,1,2023,mid,1
7,5,5,7.025092459182206,427.9134817771428,588.3213198730791,0.3041738562952917,1.9936143831791577,6595.0,6313.0,94.0,-99.64635355580117,483.9555445224627,2,1,3,2022,top,0
0,3,10,8.234538927732588,389.5757273161503,557.3443708314297,0.16008516907900333,1.2511738597940996,5253.0,5943.0,115.0,136.4704156135291,175.41963647981265,4,0,2,2024,sup,0
3,3,1,7.402359305278621,383.8251151246978,383.6673639219122,0.308928061363165,1.9218708764993906,6506.0,5679.0,104.0,114.06664506871282,449.1723390111154,0,3,1,2022,mid,1
3,5,3,7.659943807018942,450.5367129928248,604.8573374603728,0.08172913617589181,1.8215165069758925,6176.0,6040.0,97.0,250.95101577939332,-455.09990142852905,3,4,2,2023,mid,1
4,4,11,5.534913930336993,271.32556708032934,555.9263378349885,0.30615467491390713,0.4040092746857651,4643.0,6136.0,100.0,-131.5902050976102,71.28131593106956,2,6,3,2023,sup,0
4,6,9,8.864855342553003,338.30512051714527,408.71538299045903,0.07874390097850192,1.209975702612678,5785.0,6278.0,,227.69056599701878,-47.77592275602775,0,2,1,2023,bot,0
6,5,9,8.508982608947065,384.93404809427363,640.7441082365993,0.3104990173423953,1.7334394926450598,5735.0,6111.0,84.0,269.6408427704391,338.15169488121796,1,1,1,2024,bot,1
2,2,6,8.829672329763191,399.91622252081606,469.5030962730526,0.18014544947891842,1.8557184715128154,5314.0,5790.0,124.0,495.64112040032194,137.23243880525467,0,3,2,2024,jng,1
2,0,9,8.46111302054643,508.0755628521194,390.45453439292976,0.21443972619258644,1.5278141455217165,4750.0,6262.0,106.0,299.0652365476961,-381.90314739440004,0,2,0,2022,bot,1
2,1,3,7.528798927098848,391.8702473582621,445.80199251374097,0.36285648416961647,0.912198336352255,6494.0,5783.0,90.0,1074.7056831136829,1.3035369817841627,1,2,4,2024,bot,1
1,3,6,7.433047488029243,383.4568493704178,639.4217834104772,0.0693873211866412,1.5780907035781795,7250.0,,85.0,,-63.50944737458793,1,3,1,2022,bot,0
5,0,4,8.868138305304957,431.3354248781679,377.03163998950026,0.2940407540764651,1.1652382315234757,6814.0,5134.0,112.0,-163.82574435692658,-34.319162294063204,1,2,4,2023,sup,1
3,0,5,8.073467043765875,289.9820169623784,762.7072040457838,0.10731354572162646,1.3057920213444987,6634.0,5688.0,99.0,-801.7090928943492,,1,4,0,2023,top,0
4,0,11,6.740587809463082,368.03179331497495,806.2646049978615,0.09134188983317354,1.5116402529603137,7084.0,6127.0,95.0,,,0,2,0,2023,sup,0
4,4,11,7.057565419836893,336.9218793944895,514.0971605161444,0.21478420009035742,1.4367988753345846,5630.0,6530.0,89.0,410.53604323014446,-423.2859270947029,0,3,0,2023,top,0
3,5,5,6.643888358409002,435.80949258969196,599.297132243642,0.14648853594382838,1.2995943288471923,5975.0,5785.0,110.0,552.5030962474475,86.8242951185382,3,6,2,2023,mid,0
1,1,7,8.703597228462206,371.44340711994016,483.20214845845624,0.2561956857989,1.4761282191983227,5308.0,6152.0,74.0,-149.4759687372916,-224.515910084237,6,0,1,2024,mid,0
2,1,7,6.092912216699959,354.9449660937643,799.2616329922125,0.2878869156142213,1.4131075945420997,5056.0,5550.0,87.0,-432.6554315913514,-76.38760377456741,0,3,0,2022,jng,0
2,2,5,7.4271981783079495,421.3550862945675,489.1457714822338,0.2501525081437709,1.42680023112612,5867.0,5997.0,102.0,-109.36668963573584,396.9100511131222,1,1,0,2022,mid,1
6,1,4,8.109673984066298,348.9706858791757,612.4947059509224,0.24698121962000757,1.341748896522614,,6612.0,125.0,66.8748188729807,552.466794039668,0,5,0,2022,mid,1
3,6,7,7.569033523365999,320.0635188814332,371.06065142857994,0.16247119174072122,1.1709799890131274,4748.0,6482.0,116.0,-632.7434879725251,-462.1287330616029,2,6,4,2024,mid,0
5,1,6,9.02237463962836,424.5240906765422,637.9000689014273,0.25138175260114437,1.8864634342003932,6213.0,5604.0,98.0,611.3489430189792,654.9835657460208,2,2,1,2023,jng,1
3,5,6,6.882206198245101,328.64317429726106,430.2264079502942,0.339349191181898,1.8137047149949512,5606.0,6129.0,100.0,303.07478726182626,-63.86673165887329,0,2,2,2023,sup,0
1,4,9,7.214780613370998,358.8070483060187,368.3144203797149,0.29540020921610144,1.5819881343326203,6677.0,,107.0,-394.54588883200074,-268.77723512219757,2,2,2,2024,mid,0
4,1,7,8.890754340561232,443.9284712674232,756.4593801914637,0.36195659977229777,1.1056838596193987,6136.0,5550.0,125.0,539.0616963941379,-410.90452894310386,2,1,2,2024,jng,1
7,3,7,6.6944874856662695,405.9376884691022,497.4210053279499,0.204365321050657,2.583206557793053,,6039.0,94.0,-478.4872076277387,238.8730383965045,3,4,2,2023,jng,0
4,2,9,7.22958776772639,293.3296729043223,364.87384870097196,0.3747670721414618,1.5407210587548463,5787.0,7290.0,121.0,269.7067622246808,276.3755052982905,3,2,1,2024,sup,1
5,8,9,6.684649664194256,273.2754257184323,695.4487163406118,0.19343115601931335,1.4584201302386886,6123.0,5965.0,110.0,-210.50785859040084,380.57575018882005,2,0,1,2023,sup,0
3,1,8,5.765919587131354,360.3939036518837,450.13789557153217,0.27962050667856253,1.85665018407661,5605.0,5952.0,84.0,-161.9178587513145,-704.9973779497619,1,1,0,2024,jng,1
5,5,6,6.674723224282408,430.0395567816541,555.5533054851087,0.1500323826994047,1.4959966877653443,5811.0,4888.0,102.0,-455.34726048143455,215.38640033147155,3,3,0,2023,sup,1
2,7,10,7.551852353677008,388.930274531863,681.7900865124724,0.14639384313697593,1.2113342699960707,5888.0,5640.0,106.0,55.64335479373685,614.4363212677115,1,5,1,2024,mid,1
1,2,7,7.170315492748786,344.22868997298417,433.77279140602093,0.2138304726302458,1.5936288918791341,5335.0,,98.0,-814.2318646858303,-319.1334917926572,1,1,2,2022,top,1
6,4,4,6.200461210802987,324.97150391408394,725.628395177311,0.13196033537120672,1.525169550453362,6488.0,5269.0,112.0,-387.30657166319685,236.88790080206144,0,1,0,2024,jng,0
2,4,5,7.682853570940121,379.96928267465563,496.9870167378658,0.21091470646447474,1.8966732222321196,5731.0,5619.0,113.0,-74.8640451309033,-74.90232983713649,1,2,2,2024,top,0
5,0,11,7.0150454205039035,397.90690556806896,574.7492510705632,0.20525054021278738,1.703015829444753,5731.0,6031.0,103.0,-179.72158438229417,183.5600893662404,1,5,1,2022,bot,1
2,4,4,8.388999423747531,351.01899655610134,547.6188137769575,0.13513844549053822,1.7258456581140373,5192.0,5779.0,103.0,-173.00042265139672,-178.5221707065956,0,1,1,2024,jng,1
9,1,9,7.423292765807286,327.2961491141476,692.6141490998132,0.2431103247630849,1.8033725045272875,6808.0,6050.0,96.0,-82.11286847808553,,2,0,2,2023,sup,0
3,3,8,7.402744796546799,333.18009015715734,598.2444143835245,0.13969377127935995,1.1145003213621072,5676.0,6009.0,83.0,40.2415148025473,-63.35023463849958,3,2,1,2024,jng,0
2,2,5,6.927684646531381,368.64614908749985,479.8376903697699,0.13467173728622747,1.823169902840565,5352.0,6401.0,77.0,627.9652098116388,314.32005138928804,1,1,1,2023,bot,0
3,4,11,6.317591341731031,364.9297649595935,626.9928874672169,0.16096185378655392,1.9460545715097248,5759.0,6609.0,101.0,776.5270176453269,19.20095640886032,1,1,3,2022,jng,0
1,2,5,7.46999146804956,268.83687778645645,475.546475003179,0.30458526713595657,0.5059062980051776,5898.0,5399.0,126.0,308.2267352186376,415.5501113376192,1,3,1,2024,sup,0
3,4,7,8.151688087300009,330.49000142001745,534.0382050545592,0.17469323236609824,0.910527803393149,6366.0,5787.0,91.0,,890.6043471248998,0,2,2,2024,top,1
3,1,2,7.165067645546696,395.2612769790641,570.2524904641281,0.3066658740845219,1.2482952668189398,5281.0,5992.0,64.0,-307.2620389656937,90.10375302431413,1,0,1,2023,bot,0
1,2,4,5.793273315980625,328.32964259187133,727.2224335025178,0.21355654534087504,1.2483265289631613,,5561.0,99.0,150.34309141581593,,1,1,2,2024,bot,0
2,0,7,8.355165878518092,364.99969255643765,529.4091167088894,0.1163485167151344,1.0556787080852397,7027.0,,,-252.90053211740295,19.08166137907034,2,4,2,2023,jng,0
2,4,5,8.12724806100825,383.2882043524815,488.8701475186288,0.2789964977660654,1.6770997285813198,,5393.0,105.0,106.78258466136933,-110.68240883977253,2,2,0,2022,jng,0
7,3,4,8.75401301193462,420.40997352846017,574.4281592880126,0.02,1.513088727167358,5872.0,5158.0,83.0,27.113235900032834,-83.58338747406796,1,6,2,2024,top,1
0,2,7,7.6572663198375075,410.34419164176745,655.8762251441312,0.11322049494325884,1.3470635548321024,5186.0,5768.0,,-307.18165270542653,523.767714704672,0,6,2,2023,mid,1
2,4,6,6.544349279922931,304.53283756190893,489.739417199558,0.35630746120576107,1.5982456668549767,4982.0,5425.0,,-40.80043705452693,384.2844518997034,1,4,1,2022,bot,0
2,5,5,6.932482566649162,236.6146984819506,688.6644666760628,0.220564550370151,1.2176940839334598,6334.0,5929.0,91.0,105.70843244637385,-153.08102884013013,0,4,2,2022,jng,0
4,1,5,7.357765215204574,370.59347015815723,666.5421169223476,0.22644079985873727,1.7243144769967038,6880.0,6275.0,90.0,-429.11000963136036,-375.08232836834344,3,3,2,2023,bot,0
5,2,3,7.664560930369314,341.12149116965486,385.43886963253124,0.02,1.3516665191114776,6834.0,6494.0,94.0,325.47096624674606,145.3955082128384,2,2,0,2024,jng,0
2,2,6,8.591498900611612,343.08396559702487,576.9844778785025,0.32924566550115425,1.9704688396694974,6196.0,5506.0,91.0,505.8611655670991,166.03976091544206,2,4,0,2022,sup,1
6,3,4,8.272322836943216,357.15244638925293,431.49698844186446,0.1957012090308695,0.9907658247152454,6642.0,6523.0,100.0,12.786963009966556,-142.39331534468343,1,1,1,2022,mid,0
2,3,7,6.037606742440503,217.63176858223326,552.0212814233513,0.1703876661604553,0.9769258167883795,5076.0,5910.0,87.0,21.688472846820446,479.6993740544882,1,4,1,2022,bot,0
5,0,4,8.46117818643709,303.4151784018588,274.33821730603904,0.22110463204212263,1.3040768577706074,5984.0,6104.0,94.0,-235.1103199565299,483.6280433700248,1,0,1,2022,top,0
4,1,5,7.344935665836136,392.01216280621884,527.5384348946753,0.24414878984950328,1.9128585662160447,6704.0,5323.0,121.0,-376.9987315933571,-430.19227152326016,0,3,0,2024,sup,1
4,1,6,7.026305799463232,368.97480104747285,394.60154734515515,0.44397903735589994,0.9407902245317107,5893.0,5582.0,131.0,384.89961816104875,-305.0154133403056,1,1,3,2024,top,0
3,1,1,6.213360345918826,477.9169149274961,681.6980562701659,0.29139180355220606,1.7471447832452438,5761.0,5942.0,86.0,-485.77427510490554,-15.934459001470323,2,1,2,2022,jng,0
1,3,8,7.079938487400319,393.753268869523,470.2690038570493,0.35190764510968087,1.321028408047278,,,101.0,-273.5831213352933,330.61860861708294,1,2,1,2024,sup,0
1,1,6,8.216868884757597,397.11488831917376,503.050392754056,0.1918318526559525,1.8643478212924283,5616.0,7037.0,123.0,226.48762825096065,-49.541032595273535,1,3,0,2022,mid,0
5,4,7,7.90683560856139,318.15420123012024,524.737561589636,0.2051909373326499,1.5692279448099833,5404.0,5556.0,95.0,30.860607484075473,-101.23362681961297,3,2,2,2022,jng,0
1,0,6,9.886751704058621,328.0110674888092,504.62009191357225,0.3573237580379579,1.3375064469384281,5533.0,4883.0,86.0,138.2641868343238,84.01317187121941,1,2,1,2022,sup,0
1,5,2,8.295646801172762,353.3859433645598,337.320814305176,0.27553005770621425,1.9813080381025645,5290.0,5397.0,106.0,448.7840648723544,502.977587410531,0,2,0,2023,mid,0
3,2,5,7.4197292519347195,381.23229572300943,401.1894340727911,0.24385280545537136,1.4766226697133338,6148.0,6617.0,99.0,-358.38096161116,313.885653796341,3,3,0,2022,mid,0
5,4,5,5.086908553805165,446.56877986085124,214.76751237173255,0.292364477111351,1.806246385848231,4746.0,5805.0,109.0,-254.48193873771217,-95.74500602332816,1,4,2,2022,sup,0
3,2,5,7.823296448031229,349.5677784416154,580.3200608681626,0.18421452277340938,1.6018542543046652,5546.0,5240.0,123.0,364.54264295266773,,1,2,2,2023,bot,1
5,3,8,9.355933031565884,425.1036432479892,370.2504103133951,0.09119348971673111,1.5067764548025242,5070.0,6475.0,91.0,-87.71638938758798,-533.8300409479722,0,3,2,2024,top,1
6,3,7,6.589666060260218,412.72851182211656,601.0787396653967,0.2526544720468837,1.8435456810954207,5507.0,5539.0,71.0,,75.74099580595066,0,3,2,2024,sup,0
1,4,9,7.548451687642465,331.48150458164014,741.9327548429623,0.185599653750123,1.3951098391549863,4930.0,5821.0,80.0,,480.79950609050377,1,2,1,2023,bot,0
1,1,6,5.773168264793979,370.976174551473,568.6004979698838,0.17620450754663475,1.4001773454887658,5913.0,6414.0,104.0,,270.82453464733936,1,1,2,2024,top,0
1,0,3,7.813298353696901,306.280809555213,696.3141607557154,0.1980066567168292,1.665845854305707,,6158.0,115.0,126.44403522922417,-494.08651645737234,1,2,0,2023,top,0
3,5,9,7.016173639951099,372.5500967227686,307.34368741225865,0.2454481457072156,1.2922442900673647,5388.0,5632.0,127.0,,,0,2,2,2024,top,0
1,1,4,6.456513156484022,311.5638597521659,579.5517973724498,0.1265244457461659,1.6805058993528037,6996.0,5626.0,124.0,-10.799084308070661,-54.573707290140234,1,2,2,2022,bot,0
4,1,4,7.654100825658058,425.345804181883,631.291397936117,0.25887777720827154,1.3923971997399127,7032.0,6232.0,,-47.29721978172296,446.5434242859202,1,2,2,2024,bot,1
3,3,5,9.210129350454421,356.24556211692783,527.3548126674973,0.12041378346914762,1.6375839833114245,5553.0,6337.0,104.0,,-449.39406367589515,1,5,1,2024,jng,0
4,4,6,8.04135376218567,405.2652971712038,658.5203772825071,0.3175454264334303,0.8586906779285906,6144.0,6198.0,109.0,-223.92837809328296,212.16594717498796,2,5,1,2023,jng,1
2,0,7,8.371489520258239,350.9384645371699,487.91667265202295,0.18587096917692747,1.5594054919916498,5210.0,6006.0,81.0,-615.0539984793859,,0,3,1,2022,top,0
5,3,10,8.744484076114203,418.62938869094467,460.2733941158481,0.22638781355803086,1.1989741815352644,7396.0,6012.0,100.0,-41.73592796316598,-140.1749651898972,0,1,1,2023,mid,1
3,3,3,8.188361981521252,476.12828898443655,446.22420247931933,0.2221852104183623,1.148909436008414,5309.0,5623.0,98.0,-551.0955474336946,-241.9377011558662,2,1,1,2024,bot,1
1,1,5,8.081346833645249,306.9575628425031,494.1189977983724,0.22618317706554616,1.6562907422541426,6049.0,,88.0,-347.65669654707614,190.22235728166117,0,2,3,2022,jng,0
4,1,5,8.52049084915291,301.9449439847939,454.6991562859815,0.32901984170384646,1.6622498791231464,6296.0,5518.0,98.0,584.0878485018245,,2,5,0,2024,top,1
3,0,8,7.60528740498489,363.356267775888,523.849094593292,0.2628215706349981,1.2959990168923645,6437.0,6097.0,129.0,-186.3763178771427,-220.70729173728125,4,5,1,2023,sup,1
3,5,5,7.924031091648811,275.0949117809995,596.405303234263,0.2027410185917187,1.1811121780317122,5907.0,6223.0,120.0,-233.85091955872014,-364.99326841763036,1,3,1,2023,top,0
3,3,9,5.868856437675019,360.4229424250906,588.6263202786796,0.16124474029707558,1.6535839795129255,6458.0,5787.0,109.0,749.860272596756,,1,1,1,2024,bot,0
2,4,8,8.08900436087241,440.4933429026035,402.40961210672936,0.2129793595506586,1.479521801741874,,6089.0,123.0,-612.7832796353194,521.6480614468882,3,4,1,2022,mid,1
3,0,9,9.654910820545743,317.83662274383914,441.0345766906004,0.4275034379997318,1.5712339349909843,5091.0,5508.0,94.0,-262.71724470776735,-45.74990507924475,1,2,1,2024,top,0
2,3,5,9.855124864985745,383.063379217128,403.1317181098827,0.20529425145857,1.0028159020284153,6119.0,5643.0,87.0,-103.16242756749898,-248.705999637851,2,1,1,2022,top,1
3,0,10,8.825673161916333,371.6030219464561,408.9517213325105,0.11849992838066814,0.8520442351015478,6015.0,,125.0,-646.3559148784577,213.98046474767534,3,2,3,2023,sup,0
5,1,6,8.595367723329076,336.19616529347417,470.5707593282073,0.15219615978463344,1.2222746238373772,7000.0,,103.0,-300.5325954014891,40.439035684546255,1,3,1,2024,mid,1
2,2,6,6.970937192652864,304.8480795663226,684.3757035225267,0.17538511121286987,2.097436608956605,6972.0,5647.0,93.0,541.3440116533726,67.48017295305127,2,4,1,2024,sup,0
2,4,7,7.7632327814258,299.1363701577937,572.7493445071132,0.2835345833886088,2.314751967520837,5596.0,5208.0,85.0,-603.7437544986952,616.0339196546557,4,5,1,2023,sup,0
3,4,9,7.150936192656184,450.4354952317069,517.2251550124981,0.2120351103927115,1.8244844361151515,6007.0,6742.0,95.0,-87.963690892524,361.5646640657196,0,2,1,2022,sup,0
2,2,9,7.038108570108585,365.46614827334935,809.8283709454404,0.10305776171861554,1.092680708012487,5483.0,6488.0,90.0,-552.3142440596328,-279.1998997253377,0,2,1,2024,jng,0
4,1,5,9.691823906455138,372.6023037891077,495.04811073705207,0.24404488817938044,1.429430294694917,5716.0,6627.0,110.0,209.45827860916182,361.11946303603145,3,1,3,2022,bot,1
0,4,4,7.633541035568571,361.4489966206555,442.9354100237476,0.2240085244832324,0.356753260870432,4935.0,5793.0,99.0,-323.68606880966695,-602.8502796308879,0,0,1,2024,sup,0
6,0,9,4.80427868290087,401.963953273847,754.921512532394,0.1849972884021611,1.7961076325473981,5664.0,5682.0,123.0,407.98165996758183,447.2139045980561,0,4,0,2024,top,0
5,2,13,10.330875924555645,394.8415093096851,368.9494472225024,0.25407043215444863,1.3500239568830334,5844.0,5569.0,,107.95583736383385,,2,2,0,2022,mid,1
1,1,6,8.279282017890045,385.36739198214127,627.5359314840042,0.10035306321272762,1.3378695556285733,5811.0,5691.0,92.0,-588.7427115483833,-180.3286560721744,0,1,0,2023,sup,0
2,2,7,5.682027172851126,384.68870550944587,544.4316951380526,0.2769376612989664,1.7261254898799232,,5175.0,91.0,-279.7517304000685,240.66566008958006,2,3,1,2022,jng,0
4,4,10,7.893896322204217,357.6453281692157,375.6606548965617,0.20245361260130504,1.8203881322516213,5835.0,6173.0,105.0,-584.2664568528418,-59.3554886191494,1,0,1,2023,jng,0
4,2,7,7.858818468667964,367.0706734504445,650.9166788370951,0.16055029702009999,1.0952938309103653,5735.0,5865.0,101.0,-529.9664118043204,,2,3,1,2022,jng,1
4,4,4,6.1670182831778755,362.7745972332453,421.3222736796743,0.2217965552814443,1.8156510965465362,5767.0,,96.0,-544.2664659219101,-289.53266371283064,1,1,0,2023,mid,0
4,3,11,7.312553268922534,338.1011695953898,600.2854704857526,0.15406774195833012,1.4050844782954022,5333.0,6294.0,78.0,-676.5751691429357,191.28387445019825,3,2,2,2023,sup,0
4,3,3,9.173298043471842,458.31280320097403,781.0655342668324,0.3166783372601226,2.049919700364975,6467.0,6108.0,89.0,172.3824968356363,373.44377342715336,2,4,0,2023,jng,1
2,5,6,10.175721301136429,397.88538142344703,628.2702791509172,0.258376394967059,1.000851878537276,6032.0,5706.0,91.0,509.1873544892319,126.33974919535788,0,5,2,2022,jng,0
1,5,6,7.638305636911707,407.3350351607794,375.47160066868037,0.3082899536634712,1.6185086117534455,5732.0,5693.0,90.0,667.6065236549381,131.44667013246058,3,0,0,2023,mid,1
4,1,4,8.423149920834403,387.23982689034995,727.6003221389316,0.32190125121500973,1.0168804234835176,6147.0,6688.0,99.0,524.5798322512135,442.1712510032829,2,1,0,2023,top,1
6,0,8,7.377051803325794,446.4021296013093,598.9827911969339,0.09061351506842288,1.9645251057633308,6007.0,6111.0,108.0,485.83613949770677,62.501553169730826,2,3,0,2022,jng,1
2,2,8,7.242858854759892,377.1021529412955,517.8938482544046,0.2676137810582098,1.5114755346199766,5718.0,5528.0,121.0,459.93170367111225,71.83632458879072,0,3,1,2024,jng,0
1,0,10,6.286886980407419,435.24284280726897,421.96796165999393,0.2847263554525938,0.7607410907748143,5628.0,6665.0,90.0,-532.2874558572958,-392.2347307089311,0,4,1,2024,sup,1
4,0,9,8.863299773715957,374.492738660403,399.9777314874623,0.08838311401558716,2.1099815691613473,6129.0,,89.0,361.5316034213757,217.80808680423218,1,3,0,2024,top,0
1,3,5,7.33508785965037,383.5342908892628,451.6131682614953,0.30928017460929935,1.1767532157783358,6634.0,5858.0,94.0,-601.3064417807899,-38.18317070583997,0,2,0,2023,mid,0
4,2,4,9.234655895112562,367.7558466518459,557.940980992554,0.24471260838617043,1.6747450198536837,5523.0,6022.0,122.0,728.5691839771702,195.44821483786234,1,2,1,2023,mid,1
4,2,4,4.891832995018343,294.22630730829985,522.8116545807546,0.250288164149541,2.116764415252074,5392.0,5944.0,73.0,30.990696161914485,68.43682663882875,2,1,2,2022,jng,0
2,1,6,6.649912784267233,403.84483405397077,455.1529362739222,0.2611255141575878,1.4810834760572817,5840.0,6147.0,107.0,-322.4000858927194,-594.539012364624,4,3,1,2022,jng,0
3,2,7,7.904521778726251,466.290187817759,757.5475989544159,0.325711577215127,1.9570155150336974,6084.0,6201.0,75.0,,608.0342613481764,3,6,1,2024,bot,1
3,3,12,8.092781456872551,307.3018324972749,349.7216423810153,0.1592211047356965,1.9827750635896333,5876.0,6236.0,107.0,-226.3206170258278,-96.31066176385377,1,2,0,2023,sup,0
1,2,2,6.514278185307842,367.97439583590494,295.6428623278151,0.31435169883767305,1.2395856676516375,5518.0,5133.0,87.0,-43.460541975058334,-57.183528606176424,2,3,3,2023,sup,1
4,6,9,6.41245109774931,390.35961615416693,345.40019454386265,0.11875676088025586,1.05180931857771,6101.0,6403.0,75.0,-37.76013401184959,544.754506026624,3,2,0,2024,bot,0
4,2,4,7.728466902797683,419.1505460830742,256.8587919072782,0.15433626210090345,1.6792968533405481,5281.0,6280.0,,-260.21457312933103,175.21775812347596,2,3,1,2022,top,1
1,7,6,5.963065770821411,409.08464744817434,540.9530749440041,0.1158580788652734,1.0388969903869532,,5981.0,118.0,-259.6309304156917,-371.46367670721366,4,3,1,2022,top,0
2,3,5,9.746414876938976,294.74657716952964,591.7798013210577,0.17652870420680075,1.3381516477502493,5994.0,5790.0,113.0,310.985414161173,216.72446539711405,2,3,1,2022,jng,0
6,2,3,8.83785770505134,390.98879011988424,454.21155230028967,0.23301602220620965,1.184176105108182,5133.0,6612.0,89.0,-260.4502484073188,247.33803173374014,0,2,2,2022,jng,1
5,0,7,7.378707382871528,391.6768747960282,527.283066385365,0.2165160086182077,1.9203211164356162,5659.0,6063.0,86.0,783.367537526001,390.01174372098575,1,3,0,2024,sup,1
3,6,3,9.043701377929878,421.35447499790695,254.2550226717982,0.128839120905612,1.3158671113065266,6014.0,6503.0,121.0,,246.57457002295286,2,6,2,2023,jng,1
0,3,12,8.668010393666583,426.9446012428228,707.691111681371,0.24496635549484325,1.8525132987821786,6208.0,5836.0,85.0,,688.7118433279924,2,3,3,2023,sup,1
2,2,6,6.473339574605775,419.8746406392792,555.6653189783377,0.19107865860480372,1.0821242468734222,5757.0,5926.0,91.0,-884.1354528124051,765.8445688281512,1,3,2,2023,sup,0
6,1,6,9.047384637538359,346.04322239722467,384.76897376398335,0.19965576350253855,1.188366414251027,,6232.0,101.0,-7.125406553092262,,1,1,2,2024,jng,1
4,2,3,6.473559912894615,328.4083068856165,496.7438193850709,0.2802203685343482,1.2766471560000596,6013.0,6077.0,90.0,77.69464128467965,298.94406245821835,3,1,0,2022,top,0
1,0,8,6.697670344704929,429.85200599938224,623.1028244726986,0.18423364176368734,1.0931935752864188,5830.0,6353.0,95.0,-135.23452956640585,439.2772724039287,1,3,0,2024,bot,0
6,3,7,5.315569678977642,338.35805832505133,514.0026248782408,0.1287054362544291,1.3975391249876798,6408.0,6249.0,96.0,-1097.7837116485916,438.63026860734556,0,3,3,2022,jng,0
0,3,8,6.597939235118922,370.17447707052935,622.6375220263744,0.13475210987524971,1.7297907171115272,6727.0,5804.0,70.0,-236.50968190520996,-791.5416698797401,0,1,1,2024,sup,0
10,4,2,8.47652985121288,412.9888641880624,568.7852413321544,0.17798661599748972,1.2627616568075088,5845.0,6108.0,99.0,-241.09082462714787,181.92357997130955,0,0,1,2023,jng,1
2,2,6,8.506763934942631,403.820079971967,714.0729259315779,0.27486951476194793,1.4293357726602536,5867.0,6517.0,,288.3393062560596,444.22168890530577,2,2,1,2024,sup,1
4,2,10,8.676588322288325,407.6318387942961,490.6003508678721,0.30470789084825756,1.0159422812435557,4750.0,6438.0,95.0,-203.83699485703067,-268.30746304218155,2,6,1,2024,mid,1
2,2,6,7.73489996620298,364.80702620679926,539.3696521024075,0.2657940404707054,0.823291762561171,4992.0,6096.0,73.0,219.9171864662627,,1,3,1,2022,bot,1
1,4,8,5.467527886893937,389.2467443840085,461.0865676374858,0.28083172010652824,1.452082415927651,5984.0,6481.0,,-423.6504906430229,-230.47424095121036,0,1,0,2023,sup,0
4,4,6,8.682407742924699,421.097172607037,630.6182258398286,0.26836906899184154,1.587712625182256,5197.0,5847.0,102.0,234.71882283330174,688.1680923794526,1,0,3,2023,sup,1
3,4,9,5.977426008099303,476.6164362482366,547.9421550689916,0.2635236739242624,1.3735594426162379,,7030.0,111.0,-575.365964532858,279.52902027009185,3,3,2,2024,top,0
3,2,4,8.479215289862598,341.1570529990504,412.13562298477206,0.1271274775802423,1.2348496783544993,6480.0,6729.0,,368.6765666230315,560.9017624986789,2,2,2,2023,jng,0
3,5,10,8.55860077090745,440.7617933137141,581.9380954845805,0.17695640758961717,1.153009009618689,4980.0,5529.0,,221.60793510369402,413.926590365693,3,4,2,2023,bot,1
2,2,2,6.023369122431705,267.9393900283451,442.71923316840844,0.24480510889274285,2.139915409610663,5218.0,6805.0,111.0,-4.417927994998124,-604.1428521523956,0,1,1,2022,jng,0
6,1,6,8.266984987711906,304.1941827220465,528.1311738879591,0.17816835151185859,0.6426233313016461,5252.0,6658.0,96.0,-91.16691930440437,,2,5,1,2024,mid,0
2,3,4,4.94847322862036,355.6315341175714,293.74491734200467,0.1911512413618658,1.3680409135018057,4987.0,5816.0,75.0,-133.9272835425497,236.17528491689694,3,3,1,2023,mid,0
3,4,8,4.995594807285191,405.0708586592519,320.15176693892533,0.19303344645299642,1.0641160069029418,5427.0,6146.0,127.0,-604.426467799402,-424.83666918620196,2,4,2,2024,sup,0
4,2,4,7.810885189730721,447.7254452054072,525.7387188232497,0.22918978539937626,1.7480918611553076,5787.0,5861.0,102.0,-248.27005364828887,609.1340185150049,1,2,1,2024,bot,1
6,1,5,8.308328456637879,350.3685801244131,523.1287960109071,0.181602106990232,1.1091218271289447,5798.0,6154.0,115.0,555.3845489245427,-12.683076615293814,3,2,1,2023,jng,0
5,2,13,7.686852197528325,327.33618123740484,553.2186385565212,0.2387473075139426,1.6175482171033115,5799.0,5971.0,,-141.69274044620937,,1,3,5,2023,sup,0
5,2,5,8.178881782534011,334.14915769068216,626.2629340181513,0.2521495752045494,1.4858674530508047,6377.0,5640.0,93.0,-271.42755351851946,-434.26412145989684,1,2,1,2024,bot,0
2,2,4,7.708494366388332,401.9182931108003,646.8014854186189,0.17454663971452,0.9661940006359386,6458.0,5938.0,102.0,-86.43776157558972,-446.8718038119671,0,1,1,2022,top,1
2,3,10,7.355964241553526,386.97841068695436,602.3938916312455,0.3171998269848786,1.7503965384615934,5476.0,5625.0,99.0,529.4742064878321,,2,1,0,2023,top,1
4,2,8,7.297708643845987,459.52415721120195,441.40100283658006,0.2459664663886302,1.8673024275539294,5381.0,5884.0,,,246.9197868303225,3,2,2,2022,jng,1
5,1,7,10.608149810886918,398.7101752158599,531.0636535572359,0.11986752806136598,1.267699113439086,6329.0,6451.0,,491.7367934380869,-60.394105357948746,1,2,1,2022,bot,0
3,4,7,10.164746789123642,366.44597280072804,553.1407298941763,0.19810187772849935,1.0320273113915106,,5558.0,90.0,184.79736281663665,-175.97941046388587,1,1,2,2022,mid,1
1,0,4,6.217923786960886,361.6944978916105,618.3409473524288,0.21965556712646983,1.2373733620813314,5546.0,5970.0,94.0,-14.904130735168124,-211.78275108299482,0,4,1,2023,jng,0
4,0,3,6.892376906910695,377.1663588093935,678.8958444073896,0.1864740464706553,1.5430105658404318,5319.0,,108.0,354.1538700450561,13.330869315224717,4,1,0,2022,jng,0
3,1,8,8.227954997852628,410.82969146288195,610.0027654215936,0.22749866133633145,1.1738977962405,5801.0,5936.0,89.0,204.90318648446188,122.79039940776131,5,2,0,2023,top,1
3,1,6,7.92093916006885,413.7309816272079,567.489794351106,0.14159848417017804,1.1084727221183077,6673.0,5424.0,92.0,421.9381424399388,-638.6197852916263,2,2,1,2023,jng,1
4,4,6,6.11647672592064,411.2336495498007,419.6519066317787,0.20947283155866248,1.3198900745236894,5028.0,5630.0,133.0,-429.337039011355,260.86046385910004,1,3,3,2022,top,0
6,5,9,7.625712714607225,369.47633533761143,572.6821861662062,0.11454926178500882,0.637941979817636,6780.0,5926.0,92.0,212.17453119433816,390.0742163170689,2,6,1,2023,sup,1
1,2,11,7.237684379949165,447.82877003391354,561.0267810539619,0.2652685617435379,1.6219577145588229,4690.0,5652.0,97.0,-573.5642528290384,-61.89046316205047,0,1,1,2024,mid,0
4,3,5,7.559924197685407,316.4114408389082,316.27457731965706,0.19637172368821615,1.3137733152560251,6736.0,6109.0,116.0,-497.7525223846606,162.70549859185456,3,4,0,2024,top,0
2,1,3,5.951252275626624,401.4556268154725,543.2155028182642,0.2901616953010025,0.5575709510074729,5976.0,6037.0,80.0,21.328362852512925,13.253932229750916,2,1,1,2022,bot,0
2,3,6,8.483581946509013,251.5736705818702,603.4322423210829,0.23525013241751871,1.292586631104391,5318.0,5925.0,108.0,-540.3793031968801,-229.22762397917865,1,1,1,2023,mid,0
3,2,3,7.596168072430226,349.84476819726007,507.9186359616739,0.32665276614942734,1.2422552835957887,6028.0,5915.0,109.0,439.61522680501946,541.0616916675074,2,2,2,2024,top,0
3,7,6,7.7923826968498755,403.49651790157634,329.164038662402,0.1936870402045552,1.1906357721052965,5910.0,5245.0,113.0,435.8516307669847,-750.1698785322808,1,3,1,2024,sup,0
3,2,6,9.274452024140238,408.11486108425134,639.5266720432514,0.2330780710607235,0.9712917999118509,6131.0,6052.0,93.0,436.00992997593954,-332.2083372574598,0,3,0,2024,sup,1
4,1,4,5.439410381498832,344.9605084462535,540.5954153040576,0.20943245138758035,2.3013683800703255,,,99.0,-602.1822933552533,-221.92341377845906,3,4,1,2024,top,0
2,2,7,7.213443966350846,372.44032714539486,495.98998700303594,0.07275612523330094,1.5604890098451019,5484.0,6427.0,76.0,-350.52462159623417,-519.3905710260467,1,1,0,2023,bot,0
2,2,6,7.401539755216447,386.16478908613084,471.6997898048848,0.13992065357007588,1.1126305521719595,5332.0,5656.0,93.0,350.36683325582464,1024.1523928836261,0,7,0,2023,bot,0
2,4,6,7.2446956342450655,428.00328822503934,597.2208203028644,0.26620834564003926,1.2852392455539425,,5599.0,96.0,217.64714648095202,,1,6,0,2024,sup,0
5,4,6,7.45715381763735,422.95617595584315,571.1596848517523,0.04920973585521479,0.916104263970416,6855.0,5750.0,103.0,27.28083162233567,-77.58596303231342,2,5,2,2022,jng,0
4,3,8,7.873294013750707,376.0961519903336,597.2302445279107,0.1338748914835332,1.4039601154632775,5835.0,5862.0,96.0,856.0700913503318,-15.920330646051752,2,0,2,2022,jng,1
4,4,5,7.297678864380986,371.3379213943387,658.2700500400686,0.2692591070686691,1.3084397864831074,6299.0,5948.0,122.0,851.4247579155949,-101.33291862980619,2,4,4,2023,bot,1
1,1,5,6.309040428232623,434.19538745185395,400.20439217930993,0.23000592728260127,1.6154974201237675,5809.0,5492.0,102.0,736.0079519277285,75.27003810094173,1,5,1,2023,jng,0
1,2,6,8.646228849920927,371.8624425273852,560.0474027089466,0.2670958252761643,1.9560728500509956,4851.0,6029.0,105.0,-36.16576433051031,-507.66207205821587,2,1,0,2024,sup,0
3,5,7,7.967387585469669,479.54974714972883,494.7049713206236,0.02,2.4505488293895326,6599.0,6361.0,89.0,283.2752162878436,-30.34479349108267,0,2,1,2022,bot,1
2,1,7,8.660900766527952,307.42144458684754,589.8400953174742,0.23184749100280094,1.7464373450628847,4736.0,6019.0,78.0,307.7537268368826,736.007210376243,2,2,0,2024,sup,0
3,1,5,7.257317226131873,345.13320591734106,644.693552410342,0.239453776013439,0.8034563759916361,5548.0,6728.0,103.0,-84.04542214360627,-429.238402898662,1,2,0,2023,mid,0
2,3,5,7.408364293052166,360.9603200238001,660.3255054887502,0.17533376739976844,1.4297783124038397,5608.0,6137.0,120.0,78.87510293342643,-25.861306909343707,0,2,2,2024,sup,0
4,1,9,5.83259031949299,363.2310843162227,503.99817409907985,0.22081327807856765,1.9272829257404345,6094.0,6607.0,129.0,-376.51648836190276,619.8542563939016,4,6,0,2024,jng,0
1,2,10,8.955018705121548,323.05560442799685,683.3363812401269,0.3149344156133664,1.107130552200763,6189.0,6050.0,102.0,417.6398014013598,516.3205367770616,1,0,0,2024,top,0
3,1,5,8.233240402276929,437.3122060611738,551.3128325980475,0.1367279017425717,1.5528802889685545,6571.0,6711.0,97.0,-379.8957517084684,-501.91693655509846,1,7,2,2024,top,0
2,4,4,7.22126673322326,370.74945164971615,461.7384360619786,0.24215565828171715,0.9727933364984329,6292.0,6454.0,83.0,15.279123812097652,-49.32349139916644,0,4,0,2022,bot,0
8,2,6,4.761157170206036,355.23373003022505,498.98928699183597,0.4533552890037932,1.617598867847483,6422.0,,115.0,-435.1369927461978,139.06225964456237,1,2,0,2024,mid,0
2,4,4,6.27772663052255,341.9861800633683,589.4310342437034,0.156309337042302,0.9500612596519309,4480.0,5830.0,95.0,113.79283543216064,53.57191935670413,1,0,3,2022,jng,0
3,2,4,8.095005203650409,309.4332185097057,579.3170094238042,0.28098895428533094,1.9320323253613052,5535.0,5034.0,119.0,-148.72973886444913,40.284542470332,0,2,2,2022,sup,0
1,0,11,6.8233472100142185,421.7380702042723,485.02326714549235,0.27000103121939883,1.2552848651218633,4788.0,6797.0,106.0,688.7664940105732,-625.0986801565674,2,4,3,2023,mid,1
2,6,4,7.5968145591078855,332.1802350767729,653.0989513344406,0.21331501731940658,1.5844727823272762,4964.0,6019.0,108.0,240.25166674658038,-94.7672722528514,1,1,1,2024,mid,0
0,3,6,8.113766151447045,353.0535987486349,407.0290016857465,0.21828909210490763,1.6443815286495624,6236.0,6059.0,107.0,,-198.1514024063034,1,6,1,2023,mid,0
4,3,4,6.4579487591590174,343.98964465531685,584.7242475479516,0.34949878002276097,1.0968625668193126,5376.0,6073.0,93.0,-403.19511909049083,100.43718910625685,2,1,0,2024,jng,0
0,2,6,8.65957239344804,295.01290627065174,625.2123175441757,0.21479249871254813,1.703876569163411,5430.0,5565.0,115.0,120.61375518538486,367.00471445039796,1,2,2,2023,mid,0
5,2,10,7.0140746306934005,379.48985587803986,525.4111904722174,0.29519135588610573,1.654167687810691,5847.0,7175.0,88.0,-2.7426707143976614,650.2561390047974,3,2,0,2022,mid,1
4,1,8,7.4137703819094725,356.16426613985755,628.5529756705737,0.15328983803288682,1.194664376417788,5550.0,6438.0,116.0,-42.16181317463923,448.81668283617273,1,6,1,2022,bot,0
6,2,9,5.913521444748426,399.71859040643795,490.46880215041836,0.24828711312909174,1.3743275722676445,5487.0,6356.0,108.0,31.005165575093827,166.19954819155112,1,0,1,2022,mid,0
1,4,3,8.818751827680497,431.5425786249773,838.9161231227457,0.07314104524675782,1.2693728509475135,6146.0,6646.0,94.0,-797.8554700430908,41.91137306548346,4,2,0,2023,mid,0
3,2,4,6.75202296770331,396.6658426120109,201.3452624171165,0.3255785028632612,2.07881090376589,6054.0,5582.0,79.0,613.9238876708779,-670.5468955681071,0,4,2,2024,bot,0
2,4,10,7.365537307981663,402.5196829897305,343.9043146231878,0.15041445623489536,1.0733406665716645,5042.0,7507.0,110.0,77.26688184303347,344.23218185343796,0,1,2,2022,top,0
3,5,2,7.526479847372633,372.91414942967054,486.57387111076736,0.1023222568071789,1.067627044393697,5753.0,6420.0,100.0,86.15472714883083,67.61444085069344,2,4,0,2023,mid,1
1,1,6,8.434968081208826,478.0728903929045,305.5336041076399,0.24024128294414818,1.6261046708874425,5935.0,5835.0,82.0,-288.94870155785753,,1,0,1,2023,sup,1
2,2,7,7.917700427563963,363.1397906970524,705.0789863053498,0.258075484608807,1.5083865515054118,5824.0,5640.0,98.0,-159.00917857062242,,2,1,3,2024,sup,0
1,2,10,7.443125797483977,341.7339002180316,778.1392657799599,0.3352479206196718,1.7523918884306369,5853.0,5482.0,90.0,167.06429193140926,644.781340403477,0,6,3,2024,top,0
2,5,8,7.108985123273927,411.70552978511233,590.0474074947787,0.275397261340848,1.652662623346539,5223.0,6091.0,,100.86188951615607,157.34772816778417,0,3,0,2022,mid,1
4,4,7,6.461601827911151,344.46468108572515,526.3257169204229,0.29761855935228887,1.25319514137324,5174.0,5439.0,97.0,-486.03331185902647,407.65850960018867,2,4,1,2023,jng,0
4,1,7,8.704205208378243,301.8695143746154,254.0869878524303,0.2000506481040825,1.1882275409733984,5910.0,6057.0,129.0,-903.9141481114576,,1,7,1,2024,top,0
6,1,7,7.18235917445819,401.2072238197817,484.399362877473,0.20702633058188985,1.2448623239542598,5520.0,6537.0,74.0,121.16103840152869,-344.856236163706,1,5,4,2024,jng,1
5,4,4,6.505147289303605,387.51084179191196,475.3008727525922,0.1962160588090855,1.1725699897382134,5641.0,6119.0,108.0,-240.699176047071,-401.5002222583723,3,1,4,2023,mid,0
2,3,12,7.534396984465137,316.5330003369996,294.63847793084034,0.1630146741249564,1.0483066514947348,4893.0,5972.0,101.0,307.2802859650953,62.06249525356978,1,6,1,2024,sup,0
4,2,5,8.122373393494296,372.84112817250184,530.9692762265705,0.4044917569331101,1.6123242164209766,5467.0,5642.0,101.0,-569.4801923434762,340.8655614452497,0,4,0,2024,top,0
2,6,7,5.660030494563768,382.7389715847291,575.8888988994443,0.14941115703067603,1.5055651701335075,6378.0,6177.0,95.0,159.364681725663,295.6317647316474,2,0,1,2023,top,1
3,2,3,6.152845241032404,303.77554943887867,632.7336081794544,0.31669657030466214,1.6163476951710538,5605.0,,,17.382204938672572,20.654096639531744,2,1,1,2024,jng,0
2,2,5,8.232013544547911,445.99127919677096,579.4901188202734,0.29550389126765936,1.5863027813169017,5026.0,5835.0,91.0,191.09732465322983,-189.461589877121,3,4,1,2024,sup,1
4,4,5,8.146789296960971,398.8312161678368,652.0577551195332,0.17667556466537748,1.4473388077490337,4964.0,6323.0,104.0,-1365.302024332529,259.00805586646624,0,1,1,2023,jng,0
2,1,3,8.815571048540216,372.3627138898135,596.3312179281995,0.25480762361306886,0.698883954133291,6922.0,5856.0,87.0,,383.46636740961577,2,3,2,2023,mid,1
1,3,7,6.886812394628251,424.25243444981845,329.1297168233524,0.36925470420718254,1.1099876926408203,6319.0,6301.0,,714.3432719267955,-270.8061538543394,0,2,2,2024,bot,1
5,5,8,4.262822549692842,319.5108261376376,648.4078864356194,0.2127221750897404,1.1749111128923033,6871.0,5072.0,100.0,-367.40699153167407,,1,3,3,2024,sup,0
2,3,9,7.911351318650115,263.01092064177226,380.6283145037279,0.0332506875600512,1.4121763350177374,7031.0,5827.0,104.0,,77.16332186966034,1,3,1,2022,bot,0
3,2,5,6.047855984686799,419.95385505717695,524.7643296535089,0.3617926558846202,1.5276947021882579,5819.0,6087.0,107.0,563.5547311031581,-13.74852137656437,1,3,0,2023,bot,0
6,3,8,8.832092439087155,395.6990080204586,452.08666928329694,0.28602159282476824,1.8953373222937864,5684.0,6544.0,124.0,718.4415282420689,-263.13596282846686,3,0,1,2024,mid,0
2,1,4,6.809844589366091,407.0868428354593,137.5855460158798,0.3641013792727986,2.233123641490433,5580.0,4414.0,113.0,-87.59749555670665,-442.232170462471,2,2,0,2024,bot,0
2,1,7,6.881726754849691,491.7353528652188,673.2565894398493,0.18081197154064013,1.2252788186512578,5177.0,5897.0,83.0,-148.8424962716261,-35.88636592575662,0,2,3,2022,mid,1
4,3,6,8.290162699456832,394.12302684172636,512.7955626378123,0.3211101547748606,0.586519629819078,5026.0,6529.0,86.0,,123.74975302966304,0,2,0,2024,jng,1
0,3,4,7.4697556485144405,345.8090476553831,566.3088001001759,0.11749684120548258,0.8048982241048148,5170.0,5833.0,120.0,-77.31997983749935,123.8789021721451,0,2,2,2024,sup,0
1,0,3,8.36641828672033,401.02937411195813,704.1110690687531,0.2631252571471864,1.148985685087332,5881.0,,101.0,-188.76544853122317,-130.75894492812188,0,3,0,2022,sup,1
3,1,6,7.669376617719722,396.5609220227322,630.1333584738467,0.2107462374433013,2.685675680760192,5281.0,5831.0,76.0,442.8124583556079,-86.09217365885715,1,1,2,2022,bot,0
1,1,6,7.420918383834441,338.3592064222218,429.88980020898134,0.2686248643379944,2.216578556913728,5992.0,5670.0,128.0,-233.61198909028187,-378.1605848122288,1,3,3,2024,top,0
5,3,3,8.713862445946779,383.44506776849255,502.5581000416871,0.18921720847941378,1.2886048895460234,5229.0,6234.0,112.0,-50.9207777818294,80.8733682594936,4,2,0,2023,top,1
4,4,7,9.194848573163068,448.65755852852476,606.5624823715667,0.20270492918309452,0.3,5477.0,5433.0,,,,2,4,1,2024,sup,1
2,1,9,6.894992508558929,364.09234385509376,648.3149909375769,0.230075356894564,1.4421993601328287,5591.0,5525.0,77.0,-333.17928217849555,-184.0950942968989,3,1,1,2024,sup,0
3,2,5,8.358659321571897,332.3951843814004,459.84001147735944,0.300019307623587,1.404496655849228,6071.0,5632.0,93.0,-73.99889616150496,-134.11971392187553,2,1,1,2023,top,0
7,0,9,6.722415783836062,346.3730542053676,656.9201023118779,0.28161065024129894,2.2721088256327597,6004.0,6224.0,136.0,468.99956598842596,,2,3,3,2024,sup,0
3,2,8,7.033915687605207,318.2097814636059,443.571070988562,0.3320976497619126,1.504945429694159,6232.0,5716.0,84.0,,-356.6410297701243,3,2,1,2024,sup,0
2,3,10,8.321010660165934,340.75731675412146,689.7422935013059,0.16723240185334726,1.4663593449782522,5753.0,6917.0,106.0,84.70799835930936,305.3193861973772,3,3,1,2022,sup,1
4,0,8,9.095962258623421,373.94309889816543,414.6137581972695,0.15689321891061678,1.954128470508406,5189.0,,82.0,496.47041132862273,632.3643092969911,0,2,1,2022,mid,1
1,3,6,6.926962605730351,390.4427986300577,760.9435405443603,0.26008850337948375,2.2401694610082417,5807.0,5256.0,126.0,-594.6103195743847,293.50107539625765,1,2,0,2023,mid,0
3,5,7,6.225956332397043,538.9388490026561,582.6303631877854,0.33098910517454694,1.4101855238694052,6785.0,5636.0,88.0,,-258.85744657134677,1,6,2,2024,sup,1
5,6,8,7.470158764334676,341.80658893119653,502.6782312077919,0.15356389464974013,1.3983652556960675,5813.0,5798.0,86.0,762.8549453221568,-502.6403643047779,2,1,1,2024,sup,1
0,3,8,6.131141146704121,376.3762342546136,529.4095358336089,0.07662197312980329,1.760746098620347,4811.0,,84.0,-280.2627512284498,-206.94048498367505,2,2,1,2023,sup,0
1,3,9,5.942131170828296,342.70439046716695,662.3703816242968,0.19616730976900995,1.1842470309484419,5942.0,5725.0,88.0,-254.76106408381645,-467.5552058650903,0,3,2,2022,bot,0
0,0,8,10.011813156894748,338.56102655278397,417.72026698531766,0.18353829250987844,1.123101713559425,6631.0,5835.0,83.0,350.64458338126155,-312.5915923598068,0,2,0,2024,top,0
6,3,4,8.16690401070451,334.7043341891613,586.7213464823951,0.2382988406989092,1.263822756746796,6153.0,6223.0,91.0,-297.77822903589106,820.6474901186846,0,1,2,2022,bot,1
5,5,5,10.023815524710283,407.2385127416086,328.9053142298386,0.11036608546287274,1.7563105749086774,5325.0,6072.0,94.0,149.92718891920248,-440.33445555712535,1,0,1,2022,bot,1
4,0,1,7.002358196110125,363.9129892322794,376.5439356089568,0.13294510433632725,1.8575270326941888,6322.0,5777.0,,182.0728813170693,-90.85105869890617,2,3,2,2022,top,0
6,1,8,7.666395765410415,330.53661546275856,615.6938037310849,0.33633771170784,1.883344743975032,4892.0,5676.0,99.0,-3.8508083765465244,601.8034329429178,4,4,2,2023,top,0
5,5,4,7.315937779073017,447.71117488672377,426.7255322669928,0.02,1.4530079790103851,6373.0,6052.0,82.0,-155.0124953059553,-384.3013161459182,2,1,1,2022,bot,0
0,2,10,7.091280090092332,366.9747283813478,431.9086467237312,0.300881131315487,1.8422778844077436,4986.0,5794.0,71.0,,-58.597008107934585,2,3,1,2023,sup,1
2,3,6,7.648127725183796,399.02355515226236,635.8127017355621,0.2929411552736771,0.8099064744832213,4171.0,6006.0,107.0,501.53761734941617,234.41198624973015,0,0,2,2022,jng,1
2,2,1,7.026039019134043,453.96205075604416,514.3706181478631,0.18128915739173115,1.2455045661574327,6743.0,5573.0,100.0,-36.82828370755666,-65.51874008875396,0,4,0,2024,sup,0
1,4,7,6.029086892523847,270.51967710466255,380.4375664540595,0.20779834588109325,2.2068414598792083,6384.0,,140.0,-735.8259004935081,116.14420296470013,4,2,1,2023,jng,0
3,0,15,9.116925909181658,412.27999325974605,264.68485867855804,0.14094369129970294,1.6530734289734117,5266.0,5465.0,86.0,73.49002685499516,297.1078638391271,3,4,1,2022,jng,1
1,2,3,7.771474630048538,396.6099029840852,613.6828650422517,0.2674370363581825,1.2626960919550412,,6085.0,104.0,-74.773476886281,156.0040037292617,0,6,2,2024,top,1
1,4,4,7.59337656002909,413.25219196983505,695.4235164415318,0.18469463424158622,1.8401298148037966,5859.0,,70.0,115.71420053480043,342.0974740699976,1,3,4,2022,sup,1
2,2,4,7.407359620398344,329.33209187547016,488.0006003037628,0.36996010801221324,1.6432793891753952,6074.0,5813.0,116.0,-534.4793368222855,-524.6445186586316,0,5,2,2023,top,0
3,3,3,7.8679985213068555,403.7509502656582,475.8700501195817,0.22147424109925953,1.508482861652141,5935.0,6129.0,88.0,-24.36158776188323,-501.69223745359324,1,4,3,2022,mid,0
7,2,4,8.323609740966756,311.6023719194245,489.9546970976176,0.16468437584034237,1.6210276584933896,5548.0,5402.0,92.0,676.1072574243499,222.28386007417737,3,4,1,2023,bot,1
3,2,3,9.104674785621402,360.84982492538234,622.1019354364414,0.27801322032753767,1.5297470234631632,5856.0,6517.0,79.0,710.3955003670761,245.25322771011201,4,1,0,2023,mid,1
2,2,3,9.216379760790792,358.76942128684726,419.7742214816289,0.10878902370650723,1.3844144457969751,,5554.0,90.0,867.3294416199325,135.5458948166877,3,3,0,2023,bot,1
3,1,2,7.567563423050827,374.9033899199502,466.0180647289282,0.22422878414112363,1.265538213079729,6415.0,5966.0,86.0,95.64055287822637,-22.250690401441904,0,4,0,2024,sup,0
1,2,6,7.814031539800206,410.5612295445108,284.8850129509394,0.3644494447293254,1.083155886269282,5139.0,6857.0,93.0,-1049.1512105886616,-65.69424353407403,2,3,1,2024,mid,0
2,1,5,8.313364347098661,418.4748001951897,506.34060965591345,0.02,1.787515296901322,5901.0,6271.0,83.0,-385.60489737967407,22.089222539132777,1,2,1,2024,bot,1
2,3,1,8.997723946514329,365.3080264533156,731.2030416954167,0.3144457017390442,0.9328938543805139,5665.0,5671.0,101.0,,233.1061826093092,0,3,0,2022,jng,0
2,3,9,6.31689008177942,356.17511952298673,604.7401240468547,0.13249508028893447,1.716013758137111,5555.0,6341.0,100.0,550.3463770852035,-255.88612703305898,2,2,1,2024,jng,0
1,4,7,8.455904046977414,371.5436830227363,465.35261473353717,0.18751925378240292,1.5285959306152503,5580.0,6204.0,97.0,388.9595519453576,320.30554686812116,1,2,2,2022,jng,0
3,2,4,6.360128986450957,332.8356129844809,509.7240560704979,0.09932684164731809,1.4333515025880705,5567.0,5273.0,111.0,512.060340884829,-701.6655228126906,1,1,2,2024,bot,0
5,3,7,6.144805488496184,402.79489994811604,459.32281255167334,0.20505462135545938,1.389524714940491,,5283.0,133.0,-330.21883308526446,-349.505434881122,1,1,0,2024,bot,0
2,5,9,8.317154336254504,410.93553335605077,571.0396264785295,0.08566252208167069,1.2668469529902768,4607.0,6151.0,111.0,,-27.257602649270698,3,3,0,2023,jng,0
1,4,6,6.266921859392777,361.78744579614795,537.8167087104383,0.27088714581025375,0.9330975702994871,6272.0,6140.0,76.0,-88.68393564552748,-264.3621147768663,2,4,2,2023,jng,0
0,4,11,7.347412036446016,378.15250216829634,476.209566050311,0.2765015409636783,1.1650541091185058,6493.0,5988.0,78.0,-833.9697371157472,-269.3219940902776,4,2,4,2024,jng,0
4,4,2,6.038057097558213,443.738227576732,390.42848625654415,0.18593609847862436,1.1385969256843513,5241.0,5654.0,92.0,-482.83248805836513,302.8779037467647,0,3,2,2022,sup,0
2,1,5,9.213525114721557,463.36329571237275,380.77184912207485,0.2869921317227517,1.3235352253564814,6278.0,6525.0,109.0,183.0743563813768,889.3845452013358,1,1,3,2024,top,1
2,1,5,7.372085775191457,360.89332898481086,729.7052068905309,0.1915642149445819,1.829391500193385,5170.0,6706.0,56.0,-409.4854762054934,124.19346228740167,2,3,0,2022,top,0
3,2,5,9.000177613904684,417.590600148697,524.2992893146273,0.22653747484937933,2.406059185136209,5401.0,5825.0,126.0,396.13002809029774,-37.636272899246194,1,2,3,2024,bot,1
1,4,4,7.60375549711276,310.70073115235,804.901558763045,0.1519052275514191,1.406648654929003,,5637.0,,159.083026309421,,1,1,3,2023,mid,0
1,6,4,6.102415096867035,415.07472413481554,436.67207759337924,0.20495782495207535,1.1290929968394927,5407.0,6770.0,82.0,328.4885812280408,,5,3,4,2022,top,0
6,2,4,7.209536533727868,419.6874027855227,470.9018359646441,0.1736290391513055,1.4730122877337826,,6197.0,89.0,785.9340067322623,-69.95315640875273,0,7,2,2023,sup,1
3,0,1,8.787442902258528,417.0479383580529,588.0551861529,0.16341187283549752,1.255442324044744,4982.0,5922.0,,-136.7929955855822,129.70573865396912,0,0,1,2022,sup,0
2,1,6,7.561929699420349,406.84320574554306,515.7846878662411,0.23493421223261376,0.873063151641419,5370.0,5807.0,116.0,254.33430200468524,172.73651485063812,7,1,2,2023,mid,0
3,3,1,6.050458498455412,308.546721311031,646.2078483593873,0.16464378419724626,1.0540794115837555,,5562.0,110.0,116.98613794524985,-98.81175837239101,2,1,2,2023,mid,0
4,0,5,8.611900530866412,375.74446878077504,374.7250336840468,0.23832152476819912,0.9637897973758458,5543.0,5636.0,103.0,388.38950369842223,-360.12196998137273,0,1,2,2022,sup,1
5,3,9,7.89061664368852,312.7919384222193,637.8172337290493,0.23266682388223683,0.9369183267047706,,6115.0,107.0,-607.3442175193239,104.56668452375044,2,0,1,2022,jng,0
5,1,4,6.424242013223735,398.4449104182114,751.2215799000237,0.2949105176666016,1.0630171620501163,5197.0,6559.0,,26.802976185305354,-162.7310933579294,0,1,3,2023,mid,0
4,1,4,7.295660802263,358.55751158321084,796.9229771208431,0.12080794484294026,1.6635219201835902,6234.0,6479.0,113.0,-640.7154675219784,-575.9781025945947,0,1,0,2024,mid,0
0,4,6,8.132219843186794,371.74736665831244,482.45871046099677,0.24425129018102829,1.5860113192361982,6465.0,5956.0,77.0,-746.863820525961,-283.28694957530126,1,0,0,2022,bot,0
1,5,6,6.91417939666597,343.1800541603278,463.24807438016006,0.060201211103469765,1.9518695530690384,4744.0,5286.0,,262.5440089990356,152.33342022278032,0,1,1,2023,jng,0
2,0,7,8.55459436318563,259.8210215955023,560.0627141727094,0.2914506141425898,1.6113708327496754,4902.0,5946.0,123.0,-1068.3679114090833,-424.6402536910666,2,3,1,2024,mid,0
1,2,5,6.783189349635016,395.79240088454105,608.3364935299411,0.1951735695606547,2.0234611307445927,5803.0,5521.0,77.0,261.3278028903421,-290.9629234518694,2,1,1,2023,mid,0
2,2,7,8.053575312016077,412.4331338934685,589.1735052832612,0.23025591411478896,0.9825388643461168,6646.0,6158.0,96.0,931.9317908192693,-152.64509479143373,0,4,1,2023,top,0
6,2,4,7.95958127449356,420.59196469851867,480.3350802457916,0.25390729642684723,1.3860090148892568,5934.0,6293.0,90.0,-244.55902151517955,-75.81965092272617,1,3,1,2023,sup,0
3,3,6,9.42819213004875,327.5701878995419,511.7403310144651,0.21730120488452645,1.2940976610215964,5489.0,5717.0,77.0,-1.6540952323807403,,3,4,0,2023,mid,0
1,1,6,7.881983892233803,311.96950085934907,639.4741482699193,0.30479650340441955,1.841226023724369,5778.0,5218.0,106.0,-170.07430454870828,-82.1328037790345,1,4,0,2023,top,0
1,3,10,8.322658466212234,441.4532253826212,772.9194319292722,0.20203928572046664,1.8906884250597114,6441.0,6066.0,98.0,250.7210378399545,-180.48830763764352,5,3,1,2022,jng,1
5,2,7,8.004160919674385,366.66813908324923,462.8750629003592,0.15257352094122423,0.4509554581757872,6134.0,6990.0,116.0,559.2360294343321,928.0984603886544,2,2,1,2024,sup,1
4,3,5,6.834291542814469,375.9648947064015,580.7590347074024,0.16398252660202065,0.5046615173851775,6808.0,5222.0,91.0,481.65534797983923,55.758927129720036,2,3,1,2024,sup,0
2,5,3,7.04972331982988,444.3451612676227,398.02621838397124,0.16123637578449806,1.6707106662768698,6874.0,5851.0,126.0,-384.0304398381337,-193.041361773858,0,2,0,2024,sup,1
1,1,6,9.26998947879313,360.9071025994186,536.4210450223478,0.10062653235075501,1.480961590396469,5809.0,6133.0,96.0,48.33011759800152,60.50284579270297,1,2,4,2023,top,1
2,5,6,6.787633575454949,383.5202529887518,411.57621100380095,0.13671642902755282,1.3271728405287004,6022.0,5499.0,108.0,53.079731555754734,-544.3974333782473,4,2,1,2023,top,0
0,4,5,6.447397572272652,410.3290545201438,439.9296386147329,0.14480399520190293,0.6384049526863399,4928.0,6261.0,86.0,96.14629221738858,-10.006698035087851,0,3,1,2024,jng,0
1,3,7,8.653014018109094,254.2024030074905,511.9057211462891,0.2560109754219868,1.3457737273935997,6403.0,6333.0,125.0,-666.594236389253,448.9007581437842,1,2,1,2023,bot,0
2,0,6,6.575794865756722,368.4378691808407,746.475072418919,0.26595361249545474,1.2450736299295462,5854.0,5536.0,115.0,-70.88218391114503,-65.01578653085309,1,1,0,2022,sup,0
2,4,2,9.086089014802374,404.74039313961447,634.4564605761815,0.2687466746533741,0.3267450448997733,6085.0,6392.0,109.0,-368.1242015202457,214.87315130522552,0,5,0,2024,sup,1
4,2,5,7.966903456715295,369.57647326284234,361.4359101471879,0.24075304336396436,1.3337408700373663,5332.0,6910.0,87.0,385.39560987710763,455.82818055185743,1,3,2,2023,jng,0
5,5,8,7.103297694751034,468.6840532983786,610.3598616094517,0.1861445670290124,1.1613228644592666,6072.0,6643.0,88.0,583.5801128474898,-395.0883144575188,4,0,3,2024,mid,1
4,2,9,8.596798705107448,282.9528895179668,544.5415260954849,0.142547995947405,1.1577257226419704,5558.0,5246.0,93.0,542.8912955588792,-247.50725316871106,0,2,0,2022,jng,0
5,4,4,6.77335093099209,451.79635405806505,602.3760017360017,0.24849462356864568,1.3898798719114327,5642.0,5837.0,69.0,-235.0960128295978,-419.03438004826376,1,1,0,2022,top,0
2,3,5,7.862050462264606,410.42451506893224,495.12380458294115,0.1966120843165933,2.02981351726996,5235.0,5885.0,119.0,-182.38384880080977,,1,0,2,2022,jng,0
9,3,9,9.754904148661542,294.0023696568707,577.8453598830154,0.3422950622074772,1.8941533237541066,6190.0,5583.0,104.0,590.3414942045861,-12.10997198393597,1,0,2,2022,jng,0
5,2,2,8.066741509163254,325.4398538082597,645.1190695955801,0.1873845012581152,1.2621831462019735,5214.0,6013.0,118.0,193.07120555527806,319.6016211312767,1,3,1,2023,jng,1
4,1,8,7.696819536324061,381.50095527096664,524.2258972168407,0.27162706798761826,1.5409904265456076,5449.0,5594.0,112.0,457.68169243582474,-42.430167216149485,2,3,1,2023,top,0
2,3,8,8.465377522991579,373.8515917964348,484.2591667897884,0.2644192096752541,1.7157297866615,6412.0,5505.0,117.0,-331.73353680501106,136.52717060814663,2,1,1,2022,sup,0
0,4,2,6.726298315148559,316.4843166955209,561.4644939873803,0.15064562526014935,0.8925148215652773,6198.0,,85.0,241.5651313193071,-204.88320725926553,1,2,0,2024,mid,0
3,2,8,9.266364587523995,279.2106574628405,555.9206889127701,0.09809660052468784,1.519131079636158,6083.0,5368.0,105.0,,657.1312457160988,1,3,0,2023,mid,1
4,1,4,10.029125366963273,417.40577492175004,408.34573837797745,0.34507853051545867,2.3142762008825315,6922.0,6307.0,72.0,-238.43397339786628,-280.75659223343854,2,4,2,2023,bot,0
3,2,5,6.726739429885448,354.8814289749933,555.6752432403653,0.1316823187697199,1.4538665274469516,5754.0,5692.0,121.0,209.25252475342313,651.660224036714,1,4,0,2024,bot,1
1,6,6,8.706314155258642,307.6204609032778,477.4364865255942,0.2615724649105657,0.9357928026361158,7859.0,6133.0,78.0,-185.33621264951552,-451.85072211660435,3,5,2,2023,bot,0
5,2,10,8.175594156316011,417.5443538640054,465.1665272442747,0.33363521409375685,1.5535022624042114,5407.0,5723.0,80.0,-129.22908779031263,85.78416001150592,2,5,3,2022,bot,0
4,3,7,7.43050452859374,399.93549711661655,454.04682506852663,0.18507641047896656,1.3362890502503015,6526.0,6191.0,109.0,-603.35668829234,-743.2693317467315,2,2,0,2022,top,0
4,2,9,7.360236808300037,344.4729466997117,823.4307315962935,0.3336877014855457,1.047004410189675,6141.0,6505.0,103.0,422.052640815575,171.5693714687397,2,2,2,2022,mid,1
6,2,3,7.953098544056731,321.615995794281,865.1919447550506,0.1771295209912275,1.0188782999489123,4803.0,5275.0,76.0,-781.6380000443828,639.3970342263466,0,0,0,2023,sup,0
1,3,4,7.313659846991814,344.3571025942081,693.8461585354104,0.17088380670103234,1.1403209523002564,6143.0,6170.0,108.0,-509.0890544426091,380.03239276198275,2,2,2,2022,bot,0
4,0,7,9.04900280590126,291.1492799770764,729.7062165388073,0.27497310232424715,1.3776151440801967,6806.0,6013.0,66.0,,21.525965893990744,3,3,2,2024,bot,0
1,3,8,7.999523160161239,352.3703933649152,490.6730482282059,0.24251303871079033,1.0960795354430934,5760.0,,,-112.67590817473109,-376.957094870701,2,1,1,2023,top,0
6,3,13,7.532398597954187,287.6918224296385,437.14902247185523,0.08015750364513147,1.4676040972472566,5564.0,6243.0,105.0,303.26700101886377,183.49802882223324,0,0,2,2023,bot,0
1,1,5,8.051459180610099,366.57026503559086,585.2592546451826,0.16980197888996307,1.3440416320253423,5306.0,6321.0,100.0,,-149.17343233382508,2,3,0,2022,top,0
3,1,4,7.246504106820035,420.527261845771,639.3265797518437,0.30673918958327473,1.8112198409562823,5850.0,6484.0,112.0,-283.779067356973,-203.57586933324285,3,2,1,2024,sup,0
4,3,7,6.400396291859288,408.0768597946244,426.7018021377336,0.31142077179810135,1.8428509684660968,5201.0,6047.0,74.0,-102.20705294602713,-106.22269439619956,3,3,4,2023,jng,0
2,2,9,6.111995178996312,303.0408167743816,464.79947357172745,0.2465847074685977,2.113437351740086,6296.0,5625.0,74.0,-337.54565013990776,,3,0,1,2023,top,0
4,3,4,10.447944839259662,368.0519355860204,643.4050980836524,0.2569719738202768,0.8692951526321161,6490.0,5457.0,115.0,158.3505099576996,31.177186856657997,4,2,2,2024,sup,1
5,3,6,7.995528305934608,433.23132603427433,330.6976821308664,0.168367385372944,0.7739245870968194,5707.0,6084.0,94.0,-539.5277818035238,,0,1,0,2023,top,0
3,7,7,8.277109911096401,350.1180381310951,370.40396444625424,0.1793696795314032,0.3,5144.0,5027.0,102.0,-864.2439836609918,0.6955325548063414,2,2,2,2023,jng,0
5,1,5,7.703665800103189,390.4764698950763,517.1632470369802,0.23731251582334217,1.2812942585501437,6498.0,5892.0,133.0,193.9372105325956,-86.5151676130429,1,0,2,2024,jng,0
2,1,12,6.529890103094429,357.3444603859473,634.9852634655749,0.40881526871386076,2.1714573217478956,5903.0,6009.0,90.0,-726.9908186843363,476.72071506408224,1,2,2,2024,jng,0
3,3,8,7.846675728972944,302.5749356015278,670.7512069903727,0.20695221027246427,1.910154196613485,5682.0,6216.0,112.0,-343.09543575912454,7.340276936024161,3,3,0,2023,sup,0
3,4,7,9.404932186898455,446.1985616478793,490.2759726001664,0.12451804564308112,1.498636914367694,4522.0,6111.0,113.0,671.4384732567225,104.27551008953014,3,7,0,2024,bot,0
3,2,4,6.138229038764478,317.04855227452214,558.5290831155717,0.16104890466400282,1.4939280475693684,,5743.0,99.0,4.203133212337349,-18.430956678686453,1,2,0,2024,top,0
3,3,5,7.741687549166499,386.54949170206373,580.9176399713244,0.25483379781611226,1.8670738975449466,5759.0,,90.0,99.30321991798675,-24.66413034543408,3,5,0,2022,jng,0
2,1,11,6.997389099053981,347.16006214749757,178.72397543781142,0.16871508934482796,1.5760978333266769,6309.0,6290.0,60.0,-155.00879584634046,635.3142726477146,0,4,2,2023,mid,0
3,5,4,8.771814951483467,394.7180646870964,540.1811987085555,0.18920916322327494,2.035943967267761,5081.0,6575.0,,-323.8142875241914,-378.6421085820909,2,3,1,2024,sup,1
0,5,4,9.772737199954172,283.5611939786859,656.4231122327424,0.28519424993965004,1.144443180928341,5480.0,6272.0,99.0,-869.3811446938312,213.80049031464966,2,2,0,2023,mid,0
4,3,5,8.718295113301345,344.1589756503733,530.8614063289159,0.2852354244050425,0.8654376786877412,6138.0,6801.0,99.0,-277.17044156030863,-707.2382326158846,2,1,0,2022,mid,0
4,2,6,8.433903458187107,319.07942076754443,372.39866952573175,0.16136542071474602,1.067506683455049,5434.0,5555.0,113.0,,390.4943543501076,1,1,2,2022,mid,0
2,3,8,9.802673611759875,435.30135077434784,417.66962500764737,0.23232718084928036,1.7084881027781051,5743.0,6404.0,116.0,-165.86250019244653,-6.276747763395662,1,6,1,2022,jng,1
2,6,4,9.811074003591404,398.1056583951538,484.22787387574795,0.21408028236966695,1.0104404431597485,5533.0,6110.0,97.0,803.4693084289303,38.099703554196765,0,3,3,2023,mid,1
0,3,5,5.459293494027236,354.0736368943727,296.1839402336225,0.1058722568927849,0.8600258064322347,5201.0,6187.0,84.0,50.27855558255811,182.51733906231712,4,3,2,2023,top,0
4,3,6,7.7551443141221865,382.0778357813398,619.149170669075,0.210537965732914,1.8227268248425097,5632.0,6267.0,123.0,-473.606904720281,833.983007577796,0,4,1,2022,sup,1
2,3,3,7.12674410986973,425.2521186012096,426.87623517972065,0.27309388966095843,1.6181298626452545,5752.0,5617.0,108.0,,108.02580064425229,1,3,2,2024,top,1
3,0,3,7.41776068502855,369.44870703446196,670.963204511424,0.3039573993519734,1.631917552618897,7048.0,5899.0,100.0,63.96360873737581,-115.29077047104232,1,4,2,2022,bot,1
3,2,7,8.705241382050033,368.9218222308206,390.79415623430464,0.39522594755765306,1.122286419357057,,6252.0,93.0,439.3143493360228,-447.5056411584317,1,2,0,2022,mid,1
2,0,3,9.353521457312155,411.58396140774454,498.96618690726626,0.2918512847219751,1.4276762399613807,6324.0,5694.0,130.0,444.04378705661514,-143.94134545402596,0,5,4,2023,top,1
2,1,5,8.474424666505227,359.43184047192113,450.6821954948124,0.26423588737804793,1.5651341153296903,5497.0,4842.0,77.0,879.5842816459464,-658.3417425126249,0,4,1,2022,jng,0
1,3,10,7.604627762126997,314.93160071014677,432.1634854194412,0.34037423478536455,1.494436580372445,5179.0,5794.0,97.0,-158.2480802771761,-117.43195880742499,3,4,0,2023,sup,0
1,0,8,7.591394829897034,438.81224433831756,573.601097994322,0.2677599134607823,1.120780742315403,5923.0,6745.0,91.0,-130.46698495059422,500.8058665568583,1,1,1,2024,sup,1
3,0,8,7.352630311426858,325.56222269717307,719.9540809944062,0.20339430617686294,1.4638907005114201,,5936.0,81.0,16.645599697383773,-282.19883727847616,1,4,2,2022,bot,0
2,4,4,7.529450285242205,384.28505931068077,514.9968650359393,0.38728473572397193,1.2316712017550444,6113.0,,110.0,278.286383700565,2.4794485707877527,0,1,1,2022,mid,0
0,1,5,7.616519015143823,352.73038550990844,506.7941106136714,0.18908569114348167,1.9782671411101458,6143.0,5745.0,87.0,635.002550391044,-161.85120020266206,4,2,1,2024,bot,0
5,1,14,9.029730229539899,410.5683203910562,420.7128782207012,0.14293368071018198,1.2675049432809642,4850.0,5399.0,103.0,7.20640066735686,213.03339827096602,0,0,1,2024,mid,1
2,5,8,11.008617902803557,297.92309748458183,507.09252242809583,0.2823622844273949,1.217082075426812,5461.0,5984.0,94.0,436.4210059873709,229.66757696029453,1,0,4,2024,top,1
3,6,4,7.60001664508952,445.47648057640015,505.13280082216295,0.3605407577011909,1.483834392820787,5877.0,5692.0,98.0,-196.75861159543834,-147.11761025729538,3,5,2,2023,mid,0
4,1,7,7.110448295557793,303.77552048424377,358.3405940137899,0.34389038257824905,1.189738961815812,5764.0,5795.0,79.0,-97.23447944034305,334.05159282328174,2,3,2,2023,sup,0
3,1,7,6.907971137784552,461.5368048161377,583.0769850335844,0.17615649853207085,1.2590073062778653,5857.0,5040.0,143.0,-723.0693151461372,13.065660013261905,1,5,3,2022,bot,0
2,1,6,8.136553016875434,298.0731741781294,643.5820817111214,0.19930662524314025,1.6119627656214468,6336.0,6391.0,96.0,-474.54952848712105,-104.31495550683732,2,3,1,2024,bot,0
2,2,11,8.927207073823277,372.40245357716066,285.259464722406,0.3369130972221292,1.0348114882562878,5973.0,6115.0,74.0,-24.882505291660834,389.66658551585806,1,9,1,2022,bot,1
5,2,6,8.943712567249536,487.53387909660034,576.8185387073604,0.20654389506355486,1.7788166843012108,6803.0,5897.0,117.0,290.33603629122643,298.3156414720841,4,1,1,2024,jng,1
1,4,10,5.984793045234741,333.1442991290991,417.43223930083053,0.16261098010154398,1.596916129668122,7075.0,7009.0,93.0,893.1570774156676,773.8017026872143,1,1,0,2023,jng,0
8,2,7,10.334949587598485,345.4643712360478,487.4775181660025,0.31196822170041993,1.8094399817930085,6197.0,6770.0,106.0,-222.03695701058,-129.30108805047422,2,6,1,2023,top,0
2,1,3,7.661725129517509,316.6837024433539,619.5666508889294,0.27196514561273777,1.7052280846875383,5518.0,5795.0,80.0,,-335.70702563732766,2,2,2,2022,jng,0
5,1,4,9.449049988936856,428.6513939727922,494.6251605228709,0.2708954424176854,1.3675400359552818,5450.0,6500.0,116.0,820.1517266390738,107.88236287117098,1,3,2,2023,sup,1
2,4,8,7.821257511004987,367.358842532102,653.6791436512136,0.21509894091801596,0.797396840535371,5735.0,5189.0,,503.4958160780946,706.2727938007539,2,3,2,2022,sup,1
5,6,4,7.717715711461677,364.15802211706057,640.7506591310666,0.22300564145912644,1.113872752245389,5907.0,5429.0,92.0,-108.1050732988329,,2,2,3,2022,bot,0
2,2,7,8.438654067884373,321.2451051976577,716.4114371970511,0.21501003886573908,1.627468276986379,5758.0,,96.0,-171.53616672021445,475.81612157353004,3,1,0,2024,jng,0
1,3,8,7.996006285165526,420.5804349987404,425.6313843455286,0.29803866269331236,1.7018927448987153,6249.0,6422.0,80.0,30.03624154896005,-523.0628065257843,1,1,0,2024,sup,0
2,0,12,6.8518993275550155,410.93579873957043,402.1917113966722,0.052192164406309915,1.7627657797183498,5663.0,6987.0,86.0,-300.01532638619955,24.936079767425085,2,3,0,2023,mid,0
2,2,5,7.644558031512301,448.6020320657085,647.8530419607732,0.2681974651676992,1.1875784062139303,5821.0,5963.0,95.0,690.9956887229504,54.131336456443705,0,1,1,2024,sup,1
0,3,8,6.4134707905062545,331.9770741937109,470.93415804951377,0.22028453423841166,1.5353944645042874,5601.0,5964.0,113.0,5.349257198861196,-533.3602918904801,1,0,0,2024,bot,0
2,0,4,7.382683416774484,386.4553495921556,531.7219057032928,0.0916481662241185,1.9125749307604079,6147.0,6356.0,118.0,686.8127013527583,250.80139523022277,0,2,2,2022,mid,1
3,1,5,7.382700759756474,413.64678874854366,522.4008737166395,0.2919991090195436,1.7649207065424504,6445.0,,90.0,439.33588401410816,-72.46112810392236,0,7,1,2022,jng,1
4,3,5,7.560444808178239,441.52613554952325,407.7069107410454,0.2576053317972565,1.355848402690524,5075.0,,104.0,498.01046516769196,,2,2,1,2024,jng,1
2,4,9,7.164956855140094,347.2636779533449,434.18657546025224,0.10615785094077544,1.311939897283454,5913.0,5363.0,101.0,462.98610379961883,373.4731384208483,3,2,4,2024,sup,1
8,2,7,9.347002969577467,376.8989543915855,506.721723909559,0.2662501674710517,1.4205691824527493,5784.0,5147.0,122.0,589.0617564808429,,1,4,1,2022,bot,1
4,1,4,5.819263683759678,361.6736357481292,520.7839016005435,0.24040968676802335,1.2337712603803557,5911.0,5941.0,105.0,-133.22986941197968,-696.5143837720512,1,4,1,2023,sup,0
5,2,6,7.274253976293031,435.35863529417395,480.482621405635,0.029989494066190087,1.4239483652879248,5624.0,6279.0,100.0,-540.603966895653,169.7474532272773,3,1,1,2022,sup,0
4,2,5,9.143951490149908,453.8029329967012,624.4714811514102,0.4094050397519985,1.3842858241246991,,6072.0,99.0,619.127140354007,463.4033448749181,0,2,2,2022,jng,1
1,5,9,9.256225532382727,353.0132266385011,477.3528284871362,0.32155326967871833,1.9476641097342948,6910.0,6315.0,118.0,-166.8936571320136,-379.9115470667315,0,0,1,2022,bot,0
2,7,7,6.77820038980699,318.21967704128053,455.7440284575458,0.14612186172668168,1.1574429272695994,6623.0,5489.0,100.0,-307.83636119938876,170.43811689569043,0,1,2,2024,mid,0
0,0,9,6.396574275622004,321.8633497074067,604.9124204478135,0.1597208997922116,1.3220111582502678,5409.0,6221.0,104.0,-383.5275303800141,329.4321569877601,1,1,2,2023,sup,0
1,1,5,8.316399897279851,385.2724460574193,594.1824058200388,0.14762894606945978,2.0481851318007314,4874.0,5490.0,98.0,658.4306575763328,797.547437527307,0,3,1,2023,jng,1
2,1,5,10.062479021704952,420.19832054278385,640.8269118653127,0.15067407589843082,1.452300840962702,,6346.0,115.0,707.06765866297,241.89132324516544,4,6,3,2022,bot,1
2,0,5,9.0119411667733,382.84496273773027,674.0992428341917,0.28039605120748684,1.3960230842157133,5602.0,,101.0,539.9036365266857,143.56917213740584,2,0,2,2023,mid,1
1,3,3,8.933068128859208,370.70880576500514,518.9424860043282,0.25106400263174394,1.4923019333531085,4158.0,,117.0,485.2396315483128,530.4265270096625,2,3,1,2022,bot,1
6,4,9,8.939369568256842,440.0992034835464,498.77614032139365,0.14156405773261832,2.0374769226228624,5924.0,5588.0,96.0,155.31797953809712,258.4372097008903,4,1,3,2023,top,1
2,4,5,6.588332999420287,359.05885178234666,380.9226236560917,0.3372483281840837,1.9342939240655848,6162.0,5999.0,,-505.43243084493974,-494.55796549792706,2,1,2,2022,jng,0
1,3,8,7.574317527478096,332.631768005766,698.0626597578666,0.2570922493278367,0.6533481109218942,5144.0,5794.0,117.0,-446.9963607606686,-116.19644498166085,2,2,1,2022,bot,1
3,1,6,7.873372780831703,408.97166209166073,460.6744860226298,0.31610180322110915,1.6377238167964154,6518.0,5922.0,,-318.0055704728937,385.15287539910025,1,6,0,2023,top,0
4,1,11,7.922247521577756,437.8472892639329,387.36702479016674,0.21522023331141532,1.6830416832031614,6626.0,5677.0,121.0,-745.1572091164915,107.29295587311833,1,2,1,2022,top,1
7,2,8,7.261988535561441,367.2414988190615,554.6081940412388,0.22689639897984748,1.0275597201398627,5860.0,6673.0,94.0,-210.01960263938534,-256.9493611921821,1,2,0,2023,sup,0
4,2,7,5.9230589456960665,213.4600457200764,762.2727446876539,0.4327198575110809,1.2548029477472118,6528.0,5487.0,97.0,-127.01547990692512,-498.0462701357236,0,2,0,2023,sup,0
4,3,6,7.233597443990358,425.7309384379517,421.74210879598775,0.279365333980027,1.119625371106486,,6314.0,120.0,1220.32275500926,-748.6149230691384,1,3,1,2024,jng,1
2,1,5,8.592674613628411,432.8848943377842,393.2791096249332,0.29152470071354986,1.6707953548245498,5496.0,6402.0,104.0,-261.5495414924018,821.4788643616268,0,4,2,2024,mid,1
4,2,5,8.981118830681297,282.7334396200208,417.13505881857736,0.3835381997338236,1.3694931687453122,6198.0,5169.0,102.0,866.1239123048139,570.2195392072413,1,1,1,2022,sup,1
5,2,10,7.558963238962056,382.5852459151642,443.00404215287716,0.20904109027248402,1.3790023646471457,5485.0,6178.0,97.0,-127.82671162801942,652.7798007689488,1,3,1,2023,top,0
2,3,2,8.768861693522222,366.46551043503104,555.4085152368797,0.07749780920627572,0.8468168961724426,6661.0,6418.0,87.0,451.07080101801637,175.91674407377695,0,3,0,2023,jng,0
2,1,7,9.40877471571162,441.77433458711664,726.6247153318483,0.22248433531647901,1.1315245631108641,6164.0,5792.0,107.0,477.7073681730144,354.48193313326277,2,6,0,2024,top,1
3,4,10,9.957564807575338,392.97964434904446,383.58225412119305,0.2219818893344278,1.037237389528456,6382.0,6294.0,,249.76897833610704,413.56419704814425,1,2,0,2023,top,1
0,1,6,7.97430319717766,438.94936697326807,471.4657169342291,0.21910627501080818,1.1190273122588423,5486.0,5133.0,103.0,307.83391852269017,229.38068100688486,0,3,3,2022,top,0
3,2,7,6.231444028380139,342.7478267730231,522.8125926398226,0.2617586518192438,1.5154784099055303,6432.0,6366.0,103.0,1.3195327689688696,83.1049288262397,5,1,3,2023,sup,0
6,3,1,7.76655395921309,287.8573656397509,339.6524617748696,0.19611186575035316,1.4317226725639465,4990.0,6048.0,108.0,-731.6233710630537,9.812222157959262,5,0,1,2022,jng,0
0,2,3,6.89309014795651,364.0388071813417,634.0399387828891,0.15019875875878208,1.8179961404666476,5975.0,,110.0,21.303055912836115,-277.535140427941,2,4,0,2022,sup,0
4,2,7,6.588338893928519,443.78352358509204,514.998785859947,0.1885991953641495,1.2499408443800515,6407.0,5915.0,104.0,472.88844587667984,669.4574987070199,2,2,0,2022,sup,0
1,6,8,7.681834616351702,411.78716056638865,488.1603560363834,0.42373114439139115,1.9281806214236663,6332.0,,123.0,-134.9936536437441,-151.23193551036258,1,0,5,2022,mid,0
1,4,2,7.667864892701185,300.4062895876001,483.87811773377814,0.18690802453448413,1.8193412149308754,4721.0,6413.0,129.0,-712.7843523355302,-173.71849340743842,3,2,0,2022,jng,0
2,2,7,8.454526825676233,407.85273787144877,545.1955124566952,0.24069422254608921,2.053382866219711,5568.0,5970.0,96.0,-3.159273456464348,-70.84126846419892,0,1,0,2023,sup,1
2,4,3,6.234596140417186,272.69997267422696,463.77875792753673,0.1928435432590269,1.284188815512327,6871.0,5399.0,99.0,334.87398293965634,-533.7928964323912,1,6,3,2023,bot,0
9,1,2,7.0222424821123,305.8916172497559,607.7875536911436,0.21019576215058478,1.5065782509138612,6548.0,6795.0,,-502.60811155065795,240.8193132450196,1,1,2,2023,sup,0
1,1,7,6.879580290261558,355.7972089054726,631.1114392127979,0.21381216648153556,0.5451207011305752,7201.0,6011.0,64.0,-481.2909821498811,-308.7069566743159,1,2,4,2022,jng,0
1,3,6,7.809228465272453,434.817606197525,555.2486513935281,0.2585268860008858,1.0848952301017802,6745.0,5102.0,107.0,207.07846069240753,386.1676871407911,1,2,3,2023,mid,0
4,0,7,7.200860563717205,315.0564934264196,386.3060473121842,0.1404668274114237,1.5406144770118293,6926.0,6705.0,,-206.93602816406536,41.592714041231005,0,1,1,2024,sup,0
1,2,11,6.380257504109068,360.9008062219246,335.2180573505379,0.4653016642380999,1.3973710213679036,6123.0,6034.0,106.0,73.43229542921841,316.00880899735205,2,3,2,2023,mid,0
5,1,11,8.073964443670409,467.4311967425521,583.1736044581311,0.20223392520229083,1.0431414669863912,5287.0,5028.0,96.0,360.7623979272074,485.91892483367445,2,1,1,2024,sup,1
7,2,3,8.404858974498186,290.594177150079,230.15317903522305,0.07378635713482132,1.8287560749124947,5447.0,5632.0,114.0,-674.3313358857811,96.2175053401213,3,2,1,2024,top,0
0,0,4,8.189586502473913,383.2236219736136,462.8949674309091,0.29257653943136286,1.263206635939805,5905.0,5055.0,96.0,-730.1032523577345,630.8483315744311,1,4,0,2024,bot,0
2,5,11,8.308927573683,374.2574896675642,555.1092338033718,0.2580284146659691,1.609576032785057,5571.0,5414.0,128.0,-1075.58797681156,-313.41835877449375,0,2,1,2023,sup,0
2,0,8,6.899607414269826,341.76543172374176,444.4699482063931,0.40831800315322897,1.4717225426872125,5171.0,6424.0,105.0,43.66793660437551,296.1947724035,2,1,2,2024,bot,0
1,3,7,8.16325279694246,373.65228206487535,501.94808224510894,0.3067616034486226,1.863680049539874,5584.0,6264.0,91.0,-123.63805776855273,-782.5212920804586,2,1,1,2024,sup,0
3,2,6,7.232592558791161,324.7668660882829,599.337331029879,0.1936250266403414,1.8048219059414237,,,119.0,32.48313777562575,-420.95917159808425,1,1,1,2022,sup,0
2,6,10,8.398691719084766,403.4348220126291,471.22673608121346,0.14109335136592666,1.8254277751780132,6244.0,6400.0,129.0,334.6291587223643,-276.95021569290344,1,4,1,2024,top,0
1,2,6,8.422582104432887,389.6525906743053,559.8776840044227,0.3121951647472972,1.6456692997141837,6260.0,7197.0,105.0,421.2116830009079,279.55359713804194,1,2,2,2023,bot,1
4,2,6,7.992004776060915,387.39192991877195,712.1489961492687,0.339531569237371,0.5083317862383443,5177.0,5891.0,108.0,212.01640247422068,-310.37173993374046,0,1,3,2023,sup,0
6,1,5,6.642659614823637,295.2904310754128,659.8749355734947,0.1730050834017347,0.7671982687121749,5428.0,5898.0,101.0,-110.52401160413388,-554.2419167015426,1,3,1,2023,mid,0
6,3,6,8.694730457013655,459.56854016394453,557.2079100572578,0.16137877590634092,1.0611199945045353,6813.0,5967.0,105.0,475.089882112852,340.5808189180261,2,1,1,2022,mid,1
0,3,3,7.372378425848783,355.10067780065924,580.1616509530388,0.28777599004067345,1.3383133667499387,5356.0,5788.0,111.0,149.65580498889153,-589.6080345884637,2,2,1,2022,sup,0
2,5,4,8.938556884345722,352.1218640048735,586.5796188782349,0.29062245630214645,1.8531736089074289,5854.0,5706.0,97.0,700.0617000808672,253.26472991669226,1,3,0,2023,top,0
1,1,7,9.401426309715903,354.06010917888096,514.0156085488145,0.32654312955593184,1.5678503703167834,5022.0,5718.0,,,-747.1527632577912,0,1,0,2023,jng,0
5,0,10,9.446870786112713,333.8706321860111,470.4093468555857,0.21967083722314448,0.7562551503870324,5590.0,6122.0,122.0,654.4292704932172,,2,1,1,2023,jng,1
6,2,8,7.860217266721841,394.4285140849348,481.3571702909184,0.2386401194340016,1.3265805018350934,5060.0,5298.0,,108.40267487730954,,2,0,1,2022,sup,1
4,5,4,6.731122269984814,399.02560137876145,529.9491043153669,0.22422285398937186,0.5956541375951478,6133.0,6139.0,,-4.408809506061843,-436.77028760474394,2,0,2,2024,bot,0
1,1,1,8.143194457298575,378.4424230749452,516.4093029158208,0.19646032438219693,2.2134889473256196,5573.0,5411.0,111.0,266.2181226208369,-66.04700587776115,2,2,4,2023,sup,0
0,3,4,7.929857271380307,312.6156720636912,401.91629565231347,0.0669757090244256,1.0557916173258108,6568.0,6425.0,69.0,-273.56457789527116,-957.7727476917044,3,2,1,2024,bot,0
3,2,7,8.304052011630116,365.98415455446917,432.8264435600867,0.21578055860328113,1.3278238604226817,5065.0,6012.0,109.0,,-329.9877521608779,1,0,0,2022,sup,0
4,1,5,6.377559840129773,403.2665726853675,373.4681109506803,0.20322030113856732,1.6353689688100217,5832.0,5796.0,88.0,-95.18584129611111,,1,0,1,2023,bot,1
2,2,7,7.620271297264631,398.27740263346067,568.9175556023984,0.18520952777558958,1.5612641336152562,5663.0,5277.0,110.0,163.7938794710451,-46.69163451187416,1,6,0,2024,sup,0
3,2,6,6.592157901514422,401.45422501969705,592.9749951984346,0.1683056752356144,2.081435734588569,5164.0,6138.0,,-40.10998546175508,-312.99093273610146,2,2,1,2022,bot,0
2,0,8,7.961720008864441,429.2431867813339,452.0653128039601,0.3362532436341825,1.0757727035635893,5596.0,6018.0,79.0,-167.17803877872427,-188.98290686604278,0,3,1,2023,sup,0
4,3,7,6.334589301165706,440.71917996135653,594.7256997835236,0.23110499348334584,1.732564782127415,6602.0,6105.0,96.0,,-438.25454294556437,1,1,2,2024,jng,0
2,2,2,7.510917559776993,276.7144372831471,633.0391345441421,0.24608326192789043,1.1376834369330973,6192.0,5929.0,92.0,-235.54144119238737,-379.9447766572089,0,1,4,2023,bot,0
2,0,7,8.113568430482555,357.1380290638154,496.3456320610177,0.2248930489307544,1.6272942502818706,5283.0,4551.0,97.0,-311.5156901343102,429.97892005078836,1,1,0,2024,bot,0
6,0,6,7.864131845878459,452.2769896505698,368.331162257665,0.2094515378251636,1.151036800055251,5504.0,6086.0,112.0,262.2646464237236,-155.3813282459372,3,1,1,2024,mid,1
0,5,10,6.088265377726181,358.2561242814437,343.14096048195245,0.14250024950789933,0.5833245705000188,6075.0,5268.0,95.0,-761.2733880849192,,2,2,2,2023,top,0
4,2,5,7.089219711518412,319.34915867791375,487.2194761825678,0.11125778581490073,1.225975042319592,5161.0,6090.0,100.0,345.55822608801355,135.26908532495284,1,0,0,2022,bot,0
1,2,8,7.345041556772901,338.0267035577453,450.97449239621153,0.23269769903246276,0.7465939585566111,,5177.0,94.0,,-214.04323452281437,0,2,2,2022,jng,1
0,5,6,8.29311728154419,273.44780562425433,426.3592594136472,0.14185431634326257,1.1275611654900992,5773.0,5257.0,123.0,-11.36824511259384,-198.87513216190231,1,1,2,2024,jng,0
5,4,5,8.661606084858063,373.6677731554845,537.8336821818634,0.30549256931604546,1.4244412387652412,5402.0,6135.0,94.0,-250.35299609923607,319.363792181951,2,0,2,2023,bot,1
4,4,6,9.766540458020069,443.9713044938849,448.08307166058535,0.17621289994457287,1.5167256709502268,5577.0,5780.0,104.0,274.74417467379794,-168.98637186486292,0,1,0,2022,bot,1
2,3,8,6.80613022537964,336.58027935298753,477.9782798870522,0.2444886537761483,1.2163875094648482,5254.0,6771.0,109.0,-231.24667909555896,-240.2960161811315,2,1,2,2022,jng,0
3,3,6,7.943627029147474,356.0177935472174,520.440129930259,0.15116542977273356,1.479841288681379,6995.0,5803.0,95.0,,-217.8412631278766,1,2,2,2024,bot,0
3,4,4,8.999687192882012,437.656740570583,330.435486833764,0.30699665186294867,1.6970985512540397,5562.0,6040.0,101.0,508.88177614071856,545.035066793891,2,1,0,2023,sup,1
0,2,7,8.488570000067671,391.1086326701012,649.0887844363218,0.20818496382370233,1.7157172648234968,5233.0,6778.0,,-98.22781588407192,121.58291290236699,0,4,1,2023,top,0
1,1,5,8.552551802236282,395.73488393444205,564.3748723532336,0.24296026616174402,1.4014160031771445,6854.0,5491.0,,,-119.70686561881936,0,1,1,2024,sup,1
4,1,9,7.215562623775914,360.3138504704405,561.9798032182623,0.2831775018023595,1.579350261837935,5903.0,5856.0,83.0,-478.99070586898625,163.75414659214425,1,2,3,2024,top,0
2,5,8,9.125351777637357,335.4865064032548,425.21652531958614,0.2219580820138025,1.546864933390628,6572.0,5228.0,101.0,-161.28529932607898,805.2423427871317,0,6,2,2023,mid,1
3,1,5,8.292138381392038,433.66432133312327,445.5849144423814,0.1418661533125774,0.9766935846063487,6555.0,5446.0,90.0,363.4377555446649,-639.4003644834153,2,1,4,2024,mid,1
5,1,6,8.572603357660759,301.4990218133511,636.3286853817846,0.19743068986858014,1.598396620252085,6299.0,5672.0,92.0,-423.27907293283397,123.55511842165018,2,1,0,2023,sup,0
2,1,8,8.341297270497074,394.21329675604215,523.6642468231809,0.28243173669007915,1.5905014241546687,5327.0,7177.0,,-210.20388245302786,-665.7065781693751,1,1,2,2022,jng,1
2,5,5,8.702141213542134,457.56437178577016,586.9373272518831,0.27753489105073187,1.1967171741712526,5135.0,,108.0,681.53928833145,207.6033742518618,2,2,0,2022,jng,1
3,2,7,5.402434521409029,271.105358208385,592.5922026186597,0.2701499459751022,1.4531778053176165,5929.0,6368.0,119.0,371.8145215264531,-408.1108290533529,1,2,0,2024,sup,0
3,3,6,7.582568383767448,379.4555770980188,458.5623685228773,0.14784549784696682,1.3200649930358122,6196.0,5274.0,78.0,-265.9466912809018,78.56607449089415,6,3,0,2023,jng,0
0,3,9,5.997937388181373,355.9428597621387,437.79637267537805,0.36001988889033276,1.1782666445035086,6075.0,6518.0,112.0,-347.13168159128867,-694.9755520183694,0,2,0,2023,jng,0
7,0,4,8.278894084234999,289.5112425034736,522.6165872628095,0.21483855464876703,0.8109635829960249,6168.0,5836.0,94.0,989.8017769034259,-209.20928096195652,0,1,1,2022,bot,0
2,5,6,8.094880943853806,333.484997566759,577.6900639714271,0.12207704221098169,1.3668209222089824,5528.0,,104.0,-411.74548701942393,-23.164874916805108,1,3,4,2022,top,0
1,2,5,6.790915211414157,391.57805987835576,597.8276972697279,0.2862572425399005,0.7670735505937584,,6648.0,,,12.540182952491776,2,2,5,2022,top,0
1,2,6,8.312299037416855,375.9748629344963,594.3694881014878,0.33782565218523763,1.2020587204819342,5581.0,5992.0,104.0,-773.9102995702114,469.3649137331106,0,4,2,2023,top,0
1,3,3,9.008754640709336,392.1023293218305,653.9260256518407,0.2581351622907699,1.1966155638360658,5849.0,5796.0,102.0,209.13791305517395,76.38060008678804,3,0,1,2023,sup,1
3,2,9,9.213628459552032,429.47134177139765,542.4134090996101,0.19490877181766506,1.283988855517439,6186.0,5761.0,79.0,709.1511350494012,794.2720509111061,3,3,2,2024,mid,1
2,4,7,8.38518325263434,360.62712326517743,555.8146358161555,0.3122898177369937,1.6062140717449205,5518.0,5184.0,91.0,291.9784501835065,,1,5,2,2022,sup,0
2,1,7,6.644336974106843,377.30833965944356,512.0157538819903,0.19105149321457165,1.2535676476634787,5951.0,5663.0,101.0,-132.1644507342225,279.5848438101021,1,1,1,2023,jng,1
4,4,14,5.308102118064373,235.93551141803852,335.2624792438437,0.2894956291883465,1.4338977221075484,6091.0,5825.0,119.0,-382.4208562602947,53.29181642867307,2,6,4,2023,top,0
1,2,6,9.281494101387722,357.4545415911405,534.6270897663568,0.25449712485426557,1.5785278237429905,6257.0,5340.0,113.0,-93.46474492816212,-435.9195626043185,0,2,0,2024,mid,0
5,5,9,6.8903093195884715,380.038831339931,340.6629587840901,0.2800693533095822,1.4511439857450317,5298.0,6583.0,109.0,-30.877361384667715,105.56317955537628,1,2,2,2023,jng,0
1,1,2,8.09245020421628,385.3742705559231,697.1284081231618,0.1951150235758873,1.3545191309346547,6749.0,5499.0,90.0,264.5137837870459,35.13940576949253,1,3,1,2024,jng,0
1,4,5,8.227707723253838,339.5766015677901,760.1268810953613,0.1913229936198019,1.3081667777525023,5163.0,5452.0,85.0,-648.3295172640495,-491.349656495272,0,3,2,2023,sup,0
6,1,5,8.521529363611306,407.3731673887253,517.6968831763227,0.23337693854826386,1.8250690903455162,5760.0,6560.0,103.0,,358.54873819211235,2,0,2,2022,sup,1
3,1,7,7.5811662983778,407.31899796077226,449.0334033387934,0.3295190718779567,2.04625434053435,5126.0,5804.0,96.0,-109.7799164797014,488.6885023428937,0,3,2,2022,sup,1
7,2,7,8.20648326541287,327.0989747761201,522.5459370564159,0.2828659870166889,0.9519358604740882,4429.0,6625.0,92.0,112.25087217532243,-181.012060991728,0,5,1,2024,jng,1
4,1,12,7.767289903694518,328.5028725379654,600.7053983030303,0.23246606527092323,1.1499361786056355,6300.0,6353.0,105.0,274.9701793079894,-694.216518178402,4,1,1,2023,mid,1
2,3,6,7.984324658449449,410.0038161410584,320.2170709057832,0.15460200588470985,1.648671326161049,5486.0,6314.0,115.0,331.6175651154642,190.40117100276393,1,2,0,2024,bot,0
5,1,9,7.376654017232413,285.2819189304859,354.3536945552545,0.30049625255514295,1.5195498482208754,6233.0,5966.0,104.0,-124.20116201603037,,2,0,0,2023,mid,0
7,6,5,8.347089524010812,476.0741771129064,723.5946923689723,0.19608295059345254,0.6506445564736354,6027.0,,79.0,19.731160952049095,945.8269114600483,1,4,3,2022,bot,1
4,1,13,6.8933442774586915,357.3698753831939,703.7459426911432,0.26341014688796754,1.1263896014750403,,6026.0,83.0,-163.71364511327673,-271.01693043538967,1,2,2,2024,top,0
3,5,8,7.96124168198438,314.83286684389867,534.3536256388342,0.2631990904978289,2.024059597435551,5411.0,5966.0,85.0,526.1137240089649,-162.51834598268124,0,3,0,2024,top,0
4,1,4,8.090390552857478,387.73619553474583,579.1425807062902,0.051675694265442856,1.2085116272055942,5486.0,6376.0,109.0,-80.19635284229287,384.17353029187814,1,5,1,2022,mid,1
3,4,6,7.137527564519072,353.5394415732883,637.4402170137504,0.20364483358128688,1.1464769746040808,6099.0,5737.0,112.0,-103.4085024420591,-101.27291725828987,2,2,2,2023,bot,0
3,2,5,8.313360681182832,395.4297813689525,657.2799246523191,0.2111824825977352,1.5498670371846006,5675.0,6043.0,108.0,-410.0905803843703,977.3722848791958,2,1,0,2022,mid,0
4,1,7,6.86951959179543,369.7386346018207,515.4982750013844,0.33050506473725083,1.2835689198685556,6810.0,6593.0,107.0,-248.8891045262319,171.304438595148,2,1,1,2023,mid,0
4,1,9,7.963167957120735,248.94649258191976,443.3803759479703,0.19126596411792945,1.1147442666211418,6418.0,5087.0,89.0,327.51535518969325,108.2162898236007,0,1,1,2024,mid,0
3,0,8,8.899609149593163,390.40336716558534,621.0364114700718,0.23573161667555848,1.7532133973302115,5171.0,5843.0,94.0,96.18690952002152,262.77136745614087,0,4,1,2022,jng,1
3,2,6,9.397998976245882,407.5279818948405,431.29714162468326,0.16940514210554458,1.0006715395660009,5561.0,6091.0,122.0,71.02581834797763,402.77702783459466,2,1,0,2024,sup,1
3,4,13,7.042820681034466,463.96112240810055,285.21537290659705,0.23110237502648737,1.663079108070416,5861.0,5514.0,94.0,-276.64060651190226,100.21756678132382,0,4,0,2022,jng,1
5,3,5,7.39142078670026,327.58321777015567,513.8110490069141,0.23296048049890306,1.228337226189356,6900.0,6314.0,120.0,-469.41439387293184,387.40480954373817,2,4,0,2022,sup,0
1,3,4,9.580742807257554,346.5678039416474,629.7602790529136,0.19768569546614367,1.432351893919019,6106.0,5954.0,88.0,50.420806740273804,,1,0,0,2022,top,1
3,4,4,7.769177964668823,312.2753641541531,671.8272192945515,0.15543386003311477,0.736934458841344,6424.0,6768.0,94.0,748.7845047935124,-39.76907904887358,0,2,0,2024,top,0
5,2,8,7.2423856622736675,255.16454392317274,560.5372620594453,0.27120952400329834,1.81097978370823,5670.0,6641.0,87.0,98.7411028019124,221.4164975962679,1,2,1,2023,bot,0
6,1,6,8.713716910162121,318.79256004901526,536.4171340381115,0.13183646212752714,1.4436583442864406,5706.0,6414.0,106.0,736.8455862232662,-41.08604175470401,1,2,0,2023,sup,1
5,1,9,6.8614800147575625,309.7607038696075,702.4187167962594,0.33959068975343715,1.375659070709044,,5253.0,100.0,128.22719788837097,-384.3757731946453,0,2,1,2022,sup,1
4,6,8,7.9424451084672,336.6757327039847,601.4909671587915,0.3650495956039502,1.2831652546530474,6841.0,5754.0,,715.0583728608046,-136.8185628290782,0,1,2,2023,jng,0
3,1,7,7.362778783091641,431.68349799673655,534.5833601744986,0.16369693952316247,1.7002876870118229,7089.0,7139.0,,-129.1143945321743,217.97995277181235,0,3,3,2023,jng,1
8,1,5,7.9150898566637125,345.42416022159773,554.6898538054047,0.21699529637293474,1.796610013500452,5913.0,5447.0,94.0,-519.6581635220758,83.42783659426627,2,2,0,2024,bot,0
4,3,7,7.491418533218852,349.04406313602976,441.7810734534284,0.21037124792439066,0.780498364358297,5379.0,6685.0,100.0,300.34527944083914,93.42815736253955,1,3,3,2022,bot,1
3,1,1,7.760317860402273,443.1009260575862,439.5476882876511,0.29680248194224834,1.0689684274780993,6582.0,6252.0,106.0,-216.3194058798841,-514.0200492608972,1,0,0,2022,top,0
2,3,7,7.541702917673263,451.81984747877556,489.1839391894533,0.22200118570248323,0.7842547611005334,6467.0,6490.0,119.0,458.0280326226459,-391.7553329367943,3,2,0,2022,top,0
2,2,5,9.194347718302208,440.927720647899,665.878981337979,0.21625381133410304,1.9246383154126687,6727.0,5512.0,97.0,-638.1637232544815,,0,4,1,2023,jng,1
2,3,3,6.3632696366029515,374.1943261120346,640.986130687196,0.3664916201240317,1.7324466457539436,5434.0,5698.0,78.0,216.8384183074446,55.96885511781781,2,5,1,2022,bot,0
4,2,5,8.926169206913906,422.3613858593013,528.3032973381819,0.3045442083914646,1.1360948691005806,5261.0,6178.0,120.0,878.2715671169639,9.278917413169424,3,1,2,2024,mid,1
5,4,8,8.910394306813727,432.80614647927825,635.6337390031177,0.1810151723084391,1.099502405819396,6403.0,5404.0,,172.7392644693219,-46.54447271765136,1,1,2,2023,mid,1
0,0,10,7.9881936816671795,328.1530749227625,467.582463615724,0.24209283840083548,1.418995075517146,7174.0,5433.0,126.0,-11.971020145217977,,2,3,1,2022,mid,1
5,3,8,7.666224116345429,438.3987891096617,323.8944574890494,0.20453714724457375,1.6330208023685016,5773.0,6201.0,97.0,-343.23328804250264,-315.8437360956738,0,5,1,2022,mid,1
3,3,11,7.954399864293042,392.41818946679683,516.6723027592653,0.2533376641889087,1.5693355128435902,5349.0,6258.0,,-877.2251419613483,-274.2266142380337,1,2,1,2022,top,0
3,5,7,8.104034675845854,337.8783644798685,593.7897334654426,0.256347980364381,2.0785345349165,5483.0,4367.0,75.0,641.9052362546219,-418.92115972010845,3,3,1,2022,jng,0
2,1,9,7.239635206727662,372.42210846099806,553.5935990783773,0.24790864854539207,1.6948594793976324,6161.0,6304.0,,9.999578877335495,552.5024362144236,2,2,1,2022,jng,1
8,1,9,6.313173147697008,371.72363281337306,511.7557801818719,0.07442968350118828,1.110718536028324,6797.0,5870.0,,245.030656051956,591.7367151197785,1,1,2,2024,jng,0
1,2,2,8.291648402069836,413.4797263418884,527.7526432316432,0.3577359545886396,1.6917891249738308,5350.0,6309.0,,672.8974707373898,803.9496936574074,1,2,2,2022,top,1
3,3,3,7.227772150635206,392.6829471831826,449.69095951187126,0.2671898144108383,0.5691774953571338,5459.0,6223.0,123.0,210.06854998799247,-121.23256407221055,0,1,2,2024,top,1
6,1,6,7.686748526417573,421.8439307129383,355.6504969965645,0.17991956684550148,1.011446540635247,5647.0,,99.0,4.1331694469566855,67.71277696739746,3,2,0,2023,bot,1
2,0,7,8.045973420439447,349.1428938923747,507.32636050480005,0.2509556672104958,1.1290912232872534,6450.0,5305.0,100.0,-622.0282589959462,-420.46942116240456,0,0,1,2023,bot,0
3,2,6,8.949299628092573,464.86752233822824,494.1952526362613,0.18331267826367106,1.93608590071702,4817.0,6929.0,76.0,533.5621214273183,,1,3,0,2023,sup,1
4,1,8,7.374090141332224,334.8481444645364,393.30410913048485,0.1645026317861647,1.2323324673933183,5305.0,6662.0,72.0,-723.3332029862481,-176.68615379861143,1,3,3,2022,bot,0
2,4,4,8.95062506278911,424.38263823881977,502.56457055321164,0.10427841090233073,1.1780306817090567,5375.0,6088.0,,-579.9959513164879,42.349412094870004,1,5,2,2023,mid,1
3,3,5,6.372162150273026,351.2710341140153,411.88513040792,0.14183565675828969,0.6839575644324368,6275.0,6076.0,,294.3709803850069,127.73184335053213,4,2,3,2022,mid,0
6,4,3,6.467344703578734,367.64473649269746,284.63635536586264,0.22102548029930819,1.5332422556613903,4845.0,6300.0,120.0,,214.3231545883292,0,1,0,2023,sup,0
6,3,5,8.023018678966503,464.39630039335196,624.7982959632848,0.1097373616017064,1.0741292825616713,6394.0,6630.0,91.0,377.7564009978479,-248.28429366628683,1,1,0,2024,mid,1
1,1,6,8.041346198217804,329.660732599624,573.3006422032826,0.1983740983382528,1.7745258293074828,5417.0,4704.0,80.0,,618.535348034529,2,3,1,2024,bot,0
4,0,5,7.838373816589814,361.5401780952842,782.1735101155905,0.3682746085510481,1.6976537412766335,6383.0,5784.0,97.0,-189.76775224112998,64.00005091005461,0,4,1,2023,top,1
1,3,7,8.096353334892546,391.48362626995925,641.4938072684097,0.17104494164242595,1.5862782679667486,5188.0,5828.0,130.0,541.1305804177516,-66.05810124617062,1,2,0,2022,top,1
8,5,5,7.845936782790427,314.6925381619957,495.8214448942452,0.26090825541485957,1.4396598846187993,6963.0,5595.0,,-201.60116872770226,-193.47922433447786,0,3,0,2022,bot,0
4,4,6,8.371326277369672,373.7613229224034,645.3401910079906,0.23266479967020043,0.845993938612264,4948.0,,85.0,-502.94404979786515,74.46601163447421,3,3,1,2022,sup,0
5,4,10,8.586092198781303,416.44453955763436,394.5832327026819,0.07730840053318538,0.650798412257262,6025.0,5303.0,84.0,270.39913142206825,-63.67681505038238,2,2,0,2023,sup,0
6,1,5,7.527249702767778,424.94895145394855,764.348503718621,0.19091314360157238,0.8754039211634944,5060.0,6449.0,88.0,-412.6052475667418,83.01546233873106,1,1,4,2022,bot,0
3,4,7,5.889635542371074,401.54160899723075,399.26107396619176,0.19634389041253114,1.7448116832928067,5423.0,6131.0,114.0,-539.9892940596178,-338.00776403530466,2,2,2,2022,bot,0
4,3,9,9.175599106252918,403.7689969233109,539.5197499446309,0.33271827840542606,1.117638481497049,6664.0,6051.0,113.0,-990.4775502151853,412.6028866089806,2,4,0,2024,jng,0
0,5,7,8.916472031963103,349.86616434437593,520.0890755443162,0.3020938980406439,1.6688707917171204,6790.0,6670.0,86.0,289.7513943491317,99.90036507446067,2,3,2,2023,bot,1
1,1,7,6.979119425268434,399.1836861017802,781.4225785142736,0.2472294618636114,1.9087866075627022,4995.0,6300.0,82.0,-705.6973969869888,219.11054555881987,1,4,3,2023,mid,0
1,2,4,8.970213998576895,348.9949720808567,674.4884366448201,0.2098477687556779,1.2841980075328758,5305.0,6008.0,90.0,-531.2932438105217,-392.54871160336376,1,1,3,2022,jng,0
3,3,5,7.813160524162501,328.7630384457152,477.7232076051854,0.17254010697346742,1.3575051901877504,7044.0,5534.0,109.0,349.1075435881899,-323.3631877497174,3,3,0,2022,jng,0
2,4,6,7.9580811064916235,371.0061957898873,515.8631611193904,0.13722708291400904,1.2983950724788293,5494.0,5440.0,113.0,2.6616315573654106,200.95396274572107,1,3,1,2022,sup,0
6,2,3,7.066261614085627,403.49487165487216,733.1950344486728,0.1731423439884865,1.1770759432285263,6493.0,,,-85.03700649113496,-324.5357110216832,2,1,0,2023,top,0
1,2,7,8.73718172741395,299.24359457991545,430.47104058871395,0.15331279232885436,1.9260004324344966,5990.0,6733.0,,-274.4294893356864,113.41225066769454,0,4,2,2023,top,0
2,3,9,7.4709971338261925,379.70208425281487,442.2416559024675,0.18190650660436863,1.917214563563471,4440.0,5612.0,94.0,-721.7476576656603,411.91050008464225,1,3,1,2023,top,0
3,5,4,8.07540283263964,367.2805181019182,584.1445564543567,0.3020501042811695,0.9237281676640392,5983.0,7189.0,122.0,-451.74144112879395,-588.1841831496079,3,2,0,2022,bot,0
4,1,7,9.396844596221445,424.7092742539274,440.5340949352156,0.27111562646107584,0.9939099003052903,5383.0,5558.0,113.0,391.36354743750326,566.916503999699,2,5,1,2023,bot,1
4,2,2,8.247879442500023,365.63986444857295,609.1056841390649,0.22086053975517445,1.203633993557787,6380.0,5980.0,107.0,-443.0873539490882,-306.43277875931307,3,1,0,2022,jng,0
0,1,5,6.804051250254982,436.89163296443235,556.0270437092004,0.256006593409128,2.4872089481198993,4867.0,4982.0,101.0,-502.9017803978402,-434.5121322662817,1,7,0,2023,mid,1
1,3,7,7.452477452896698,381.0412907924926,505.4989402739861,0.24840091271892673,1.4272182677034968,5074.0,6536.0,125.0,-150.62129440981266,,1,0,3,2022,mid,1
3,4,6,7.2862720082294254,356.7395263396858,374.92365158281206,0.08729946326472424,1.3365156144996098,5986.0,6122.0,76.0,370.79390048396397,,0,1,2,2022,top,1
4,2,4,4.291077328992432,276.1104170154422,423.37590831951024,0.3226362824372069,0.8173774563253777,6147.0,6487.0,,-362.6291783497909,-64.42986977725727,1,2,0,2023,jng,0
0,1,4,7.228121570730269,345.08550906043024,635.0904614926444,0.22169641751563118,1.8589912186794217,6351.0,7015.0,101.0,8.968631980570649,-60.03239280310473,4,3,1,2022,jng,0
3,2,9,8.551580548062162,414.7968495913296,391.89409600870346,0.14603038612481095,1.3979463209017844,6542.0,,99.0,736.3899018398837,393.5148575602392,0,2,2,2023,bot,1
6,2,3,8.39143791850631,340.5148027459525,426.9810751675616,0.18212519438120903,1.1942955957226977,5771.0,5865.0,109.0,-522.35734157767,,2,2,0,2024,mid,0
2,4,4,8.242703688135679,300.4395539916293,789.3118843374366,0.02,2.1367719888819354,6601.0,,105.0,284.44632370272274,,0,2,0,2022,mid,0
2,2,4,8.870279126896929,410.84505429678256,326.12502058417203,0.31004776819310037,1.6976296150814303,,5228.0,83.0,-185.02828642398782,22.69303914506264,3,3,1,2023,jng,1
3,2,13,7.169660281462381,343.10398950162886,312.4375606948669,0.3016397755338221,1.7957940511107893,6443.0,6109.0,90.0,-154.50676150862583,-138.72676167078868,2,2,1,2024,bot,0
3,3,6,7.446680982602296,350.00137876681003,785.8103634130518,0.13626477214034327,2.0538317136219044,5773.0,5919.0,102.0,-452.0614226554104,171.5735967999852,0,2,0,2024,sup,0
4,3,4,8.743150742569629,353.4109277203946,776.113377164336,0.18945321284670125,1.4476234626281173,5163.0,6459.0,86.0,361.0170342674875,-52.32109061071418,1,1,2,2023,jng,0
0,2,5,6.278038143292802,387.12652251426135,620.2920331889222,0.30325065793390943,1.0312766419810715,6155.0,5466.0,113.0,319.058985729293,83.30248055086912,0,2,1,2023,mid,1
7,3,4,6.875821194175816,368.0397856564863,407.0838709659067,0.26850288342994677,1.7474630193483662,5884.0,4904.0,104.0,-218.80724942785028,-315.36870485955046,2,1,1,2022,top,0
1,0,8,7.164482214872674,329.7503129026486,446.0110465873976,0.16832374062327482,0.7181795361982742,5234.0,5446.0,99.0,148.50738276431312,18.525109167361492,1,2,1,2023,top,1
4,6,6,9.704838719314115,418.773175095652,513.6436462097489,0.2365574320126169,1.5046296241198287,6943.0,5678.0,107.0,312.083876916326,,1,3,1,2023,top,1
4,1,4,9.256825113966359,323.900213070342,644.6232022939192,0.07198909878041973,1.2976479561031817,5796.0,5876.0,,504.07661849562635,-39.849258567265224,2,2,1,2023,top,0
2,2,9,8.131555429452588,232.099502139048,871.5975252396759,0.23036913816869148,1.8238560366117047,5668.0,6161.0,94.0,594.1783662589764,164.83563847226384,5,0,1,2024,jng,0
2,2,9,8.141343830089822,339.23239874458915,611.223248179592,0.2646732419338742,1.034258471661465,4501.0,5462.0,114.0,346.6121871515264,199.09252940695478,0,8,1,2022,bot,1
3,0,9,8.350039604156583,330.3241342832671,553.4052739712881,0.33620917614910617,1.5507744617730057,5907.0,6344.0,90.0,-605.4513787826206,-221.6469581570115,1,2,1,2024,top,0
1,1,3,8.240002856380249,368.50779771266224,305.7603318887376,0.1579600264704672,0.9022543665753529,5973.0,5454.0,131.0,210.073916783117,477.9605283869642,1,3,2,2024,jng,1
5,1,7,6.930488315876179,343.90163207957005,638.1623695987861,0.22291099903942166,1.4246346099299059,5439.0,6296.0,114.0,532.3030139606201,-83.22773430201195,1,3,1,2023,jng,1
4,1,3,8.357276548257992,317.93409784817425,466.0384171236244,0.2428858542120231,1.394357466408203,5865.0,6996.0,109.0,-150.20914650058887,-479.09334534615385,0,4,2,2022,mid,0
3,6,4,7.843156729088282,357.66431702145957,622.2542483326536,0.33276721199412057,1.6516114167734863,4807.0,6098.0,120.0,317.1875320195323,-122.08058271187261,1,3,1,2023,top,0
8,3,3,7.1339496700345855,361.6524502466575,690.9235246250277,0.2723738211279185,1.8693509556385286,5529.0,6719.0,,289.21655006762717,-220.99463263105235,0,3,3,2023,sup,1
3,6,5,9.076649094429886,427.48934699465786,574.8175947870235,0.30596774833529383,1.5248654688840135,6273.0,5888.0,103.0,-610.9943775079677,20.821510554542172,5,2,1,2024,sup,1
2,1,9,6.9355661624546086,340.88417561151675,550.1980689271139,0.11010682130845083,1.6791864804530279,,,100.0,118.31640016793472,217.03426134263185,2,2,0,2024,jng,0
3,2,2,6.422096106200254,282.6659522533924,569.1715511710973,0.2226712139540299,1.2115371351045487,4824.0,,91.0,789.5858967766537,,3,5,0,2024,sup,0
3,0,3,7.098829012356772,463.67692414337813,524.232487669944,0.31155514060745637,1.7489913989144004,6426.0,5692.0,89.0,-55.843653736340826,698.8381993829169,3,3,1,2022,jng,1
6,0,9,8.865555527575692,344.35866409754,555.6461679740942,0.28815399978627393,0.9306950054182183,6246.0,5721.0,97.0,-328.6635444508155,-550.9996072424682,2,0,1,2023,mid,0
2,4,7,8.652458065585247,352.42991791497565,520.9973023670285,0.30315003480709096,1.0565912894601734,5310.0,,98.0,700.2460218611737,-502.8824409904413,3,1,1,2022,mid,0
1,4,7,7.787630833610923,436.5433179597724,409.9924655019893,0.33318996803730827,1.0462960578878793,5430.0,6864.0,102.0,105.64095612588659,-49.70829684493003,2,1,3,2024,jng,1
1,3,8,9.032091151906418,315.38254875731025,554.920016786407,0.20542087467693587,1.545178082628115,6478.0,5521.0,84.0,-85.18365219057542,-23.100514048549424,3,3,1,2024,top,0
1,0,7,5.96769878911756,290.8270682460217,449.4522322530537,0.24777778072840206,1.3255766338800792,5738.0,6509.0,96.0,-501.77796534813865,-426.5936578752344,3,2,1,2023,jng,0
6,5,8,6.891294777413156,397.86383250135515,413.3481667280941,0.2684408864401719,1.8193189609530163,5478.0,5652.0,108.0,407.34137922558597,-313.96576704013125,1,3,2,2022,sup,0
4,1,3,8.819568695374961,361.76187110530657,537.0933137780332,0.1358074670109509,1.390785619531593,5688.0,6556.0,96.0,221.20715564027034,-67.69240725621225,3,3,2,2022,bot,0
4,2,9,8.063014467045537,367.09468808213205,622.7904641680251,0.0812408007164743,1.167408477609092,6081.0,5963.0,91.0,-11.061478551774186,48.8807326572191,1,3,0,2023,sup,0
4,2,6,9.300213793775939,289.5678796774849,601.8425912767204,0.13108066492481435,2.027290962298232,5868.0,6762.0,111.0,90.18944312777903,227.71187038710664,1,3,1,2023,jng,1
4,2,6,7.877218074454891,394.8710234685178,431.3856729975801,0.33691065098962136,1.7913854019954871,5853.0,6453.0,95.0,,357.74379952770175,2,2,0,2023,bot,1
3,2,5,9.295622048466543,492.9213339205076,596.951766848232,0.2867816383835061,1.745706279091028,6123.0,6243.0,93.0,595.0260961145418,381.46741016761285,2,5,1,2022,bot,1
4,5,5,7.093264421684678,364.93973292090897,694.0544628748744,0.24575894226343667,2.3115834871213936,6212.0,6074.0,91.0,-31.1870365399448,318.4106624744232,3,1,1,2024,top,0
2,3,5,9.947675656501573,344.45946544877876,741.6389377938945,0.3176283389513229,1.233825637922407,,5585.0,106.0,-715.7535717554024,-954.8243997438308,3,1,1,2022,sup,1
3,5,6,9.261920623821903,331.70408615799636,504.89174547377985,0.23874034464091187,0.921125814903462,6212.0,5594.0,94.0,-129.6355740513321,,2,3,0,2024,mid,0
4,3,5,6.4700898163035925,410.9248563252354,567.0127537363044,0.2019050251448819,1.4247254756265806,5740.0,5185.0,98.0,447.04119767519626,499.72583330333146,2,3,5,2022,top,0
2,1,6,7.061656227968017,328.8353318652391,473.5431327346903,0.14377336580283995,1.7078299955708487,5327.0,5822.0,62.0,501.72722572102475,126.25684552530785,1,0,1,2024,bot,0
2,2,4,8.682434452978818,276.89120451463253,649.9234954151225,0.06426211957073039,1.090418350988265,4863.0,6512.0,113.0,-10.640145257165415,102.63377401514683,0,4,2,2023,mid,0
3,2,6,8.604287649303519,386.13844224991766,592.6142558924008,0.3978667787479186,2.550910329385437,,6145.0,107.0,,-574.484004901461,1,0,1,2022,jng,1
5,4,4,7.026531553261255,349.9924358791279,649.8120456860238,0.3973104497665971,1.5770146703926482,5916.0,5617.0,86.0,18.705108862930786,-119.05374809964991,0,2,0,2022,jng,1
2,3,6,5.593718672015966,293.8882016889767,620.5712291835256,0.1462251637960329,1.5117729705479226,6110.0,5859.0,127.0,129.93217467187347,-443.81985931831053,1,2,0,2024,mid,0
2,4,7,9.17802518623265,400.2383282729108,516.4905078449574,0.2738992407774052,1.8601471360528112,5460.0,6014.0,120.0,-177.2508540536283,-213.48351415553117,4,7,3,2022,sup,0
6,5,4,7.015151302077847,443.95450855515975,591.8792411917749,0.18050942857923744,1.0794287016846478,7330.0,6123.0,92.0,693.0761367118977,-394.0820880954981,1,2,0,2023,top,1
1,1,6,7.902090109543095,404.9240133431834,360.07764111939434,0.2643832516429859,1.3659039051493085,6586.0,5574.0,108.0,44.15700898618866,574.9805730382453,0,2,1,2024,top,1
2,1,7,7.365684841926138,359.3239961139558,619.9885215300811,0.19079797085378475,0.9398267636870372,7201.0,5644.0,104.0,105.01612876287786,-184.66761247468972,3,2,2,2023,top,0
5,3,8,7.264289263199799,425.7079211530761,558.4205065743421,0.22519419141189032,1.699072314943114,6397.0,6399.0,123.0,-455.3985558861435,,2,3,1,2024,bot,0
2,4,3,6.455070665418316,263.72994972654766,346.0332077368071,0.30038353146465513,1.569376211870009,6217.0,5840.0,112.0,-19.258087306346724,265.72540265592613,2,1,1,2024,jng,0
2,1,5,6.947261124321829,287.50738931181263,478.47135736461274,0.37575292592811665,1.0825150727792008,5976.0,,103.0,-62.63624857797281,-745.5517376650938,2,6,1,2022,jng,0
6,2,7,9.392988894119423,362.9536486519021,439.1860924484201,0.2576840092615819,1.1504100620934252,6178.0,6299.0,97.0,603.2532514187657,274.5386141111384,0,2,1,2023,mid,0
2,2,8,8.22642505036902,369.15090006157226,572.0004649140476,0.11302601898053441,1.417190285731927,5057.0,,77.0,137.87292735411057,184.52208214834576,3,3,0,2024,top,0
5,2,2,7.953609194075555,314.54390202251227,635.3551098040728,0.06490207139276324,2.05657006744388,,5715.0,142.0,-819.9206366438013,-255.24041010375655,1,1,1,2022,bot,0
2,2,9,7.379323735286996,346.4033170011856,337.8848859748471,0.18101731209892047,1.4010514889178554,5653.0,6208.0,,959.8921662792732,-259.99844906112594,2,4,3,2022,jng,1
6,2,6,9.929857375557951,367.4377610091908,521.6959426383863,0.14861243187160544,1.4217018950755156,5293.0,4909.0,99.0,340.6366167720426,-20.07693773587609,2,2,0,2024,top,0
4,0,3,7.288336663694813,358.6376464934683,486.4796943349454,0.21581302611723122,1.6591291408452031,6431.0,7172.0,104.0,209.75927655392587,55.748824186655256,1,5,1,2022,bot,0
3,2,8,7.509305283524819,394.05128819685143,675.0151052973889,0.24275097647066332,0.49445022476423284,5709.0,6129.0,,486.1061138317424,,3,4,3,2024,bot,0
1,2,7,9.043515066769817,399.9141976138371,697.5859661493814,0.16904753827750274,1.650771261345952,5820.0,6223.0,94.0,-104.13580784615678,-97.57480791464798,1,2,0,2022,top,0
2,2,7,9.432184759897511,425.1260767265003,534.4710122466918,0.2156057861160365,1.0146606503123232,4811.0,5857.0,114.0,90.7012020176641,-162.289951632853,1,3,3,2022,sup,1
4,2,7,6.985244078034496,430.3603053833011,547.0751501175891,0.42206646509904183,1.8149647524605628,6283.0,5400.0,92.0,538.348944128449,775.6448416980945,2,1,1,2022,top,1
2,4,4,10.30711160505321,376.61883141016995,374.6590639614443,0.1493954438709902,1.9145852946420223,6579.0,,118.0,,-295.58994855256265,1,3,2,2023,bot,0
5,3,11,7.632920416300646,388.0530606247511,640.4478982387791,0.2971956828643224,1.6631263891700658,5694.0,5568.0,80.0,,,3,2,0,2023,jng,0
3,5,6,8.963575699792447,412.53661201259433,549.629463001171,0.09270855639322209,0.8990371413655903,6201.0,,73.0,192.9068729938649,615.1611619930922,2,2,0,2024,sup,1
2,2,0,8.897922169357619,370.13731264321234,437.7639835075812,0.3096840201511311,1.6424432546834329,6309.0,5915.0,82.0,-359.2495344176207,110.04113478248576,0,7,1,2022,bot,1
1,0,2,7.577837044201651,402.97103181852054,585.1524347691051,0.1395316549742831,1.6855005406539518,6428.0,5143.0,95.0,,389.42962547421195,1,4,2,2022,jng,1
2,1,7,7.731907824574546,445.148914733853,669.7843789060023,0.27707371523799146,1.3239257674210183,5163.0,5727.0,80.0,,-6.332552580057879,2,2,0,2023,mid,1
2,2,5,7.5615765272999855,360.5572243561763,454.67855993510545,0.17668389749765884,1.2353827053423325,6177.0,7006.0,96.0,11.019561195394687,-238.54586688217893,1,2,0,2024,jng,1
5,1,7,7.854767587474274,408.5465934977093,631.6990393514811,0.25364604690799175,1.1945587515162215,5835.0,6100.0,113.0,-1047.2864899863866,275.6015117305988,2,1,0,2024,sup,0
3,2,5,6.184619351922616,411.06210078617414,666.8656590556147,0.26441288825227827,2.2594827300910234,6696.0,5884.0,69.0,-429.81051353691123,309.359938718019,2,1,0,2022,jng,0
6,7,1,8.52329644505451,468.0276902120811,650.0738648166549,0.36765400992286146,1.2312696082220262,,6082.0,109.0,-76.29568817468709,871.096519185736,2,4,3,2023,mid,1
2,1,5,7.679332840369485,401.4428890379274,427.3012158623904,0.2773458818265894,1.511714806634196,5893.0,6259.0,89.0,-101.38573584294812,3.048296177043106,1,1,1,2023,bot,0
1,1,8,7.587920818845819,313.45778657816214,485.5044872505866,0.19264905802503637,1.990128686004871,5309.0,6486.0,86.0,758.2103547430453,-305.2767687403142,1,1,0,2024,jng,0
4,2,8,8.390131553440414,299.46441916177764,532.7368587070273,0.04690548971444458,1.2866494582444263,5951.0,6089.0,85.0,357.2707840309614,-630.3168737696309,1,1,2,2023,bot,0
3,4,7,7.977150014464928,390.71597587107027,583.3279923362293,0.2649056122504306,1.254952496130369,4343.0,5511.0,82.0,729.7924415599429,219.64191912330608,3,5,2,2024,jng,1
3,2,5,7.6681205689138805,291.03600640458126,534.4755289970482,0.2762999807336898,1.3435016197096634,6765.0,5026.0,109.0,520.8613160162224,-297.9197149331313,1,3,2,2022,bot,0
3,2,5,7.792033236718158,266.0584630796404,405.4179388171707,0.19000911616066224,1.0508972230330427,5716.0,5868.0,108.0,-73.28738400439244,201.5526910411304,0,4,0,2023,top,0
2,2,5,7.551314976039386,418.37153421919584,440.2614816823718,0.28346904196663864,1.3351353350467305,5924.0,,,283.26688005783774,129.46092101731065,2,0,1,2024,mid,1
2,4,5,9.083159916268924,349.5867019719253,612.82012945158,0.207323285789252,1.2901954368704418,5561.0,6316.0,102.0,106.6940432771847,-486.662272579956,0,2,2,2022,jng,0
4,0,8,8.573478178497492,425.97512874374337,673.063308425604,0.2580611745746271,1.1225758686320688,5927.0,5653.0,99.0,-147.58786029482786,133.60606121095114,2,1,0,2022,bot,1
3,3,8,8.273031682636125,346.0689715653033,597.2946306270685,0.2892709478619633,1.5921943137006336,5903.0,6079.0,121.0,137.75862217838807,,2,2,2,2022,top,0
0,4,6,9.752765146418957,393.8186661692657,342.03707138493724,0.23293809585262448,1.4045842447246457,4763.0,7116.0,129.0,504.08265834543266,337.91013906559544,1,2,3,2022,bot,1
3,2,6,6.439676949766676,385.47296432832604,639.9871666833606,0.21919413363667442,1.6408349160492877,5115.0,,107.0,937.2332399944142,-31.64474650843404,1,2,0,2024,mid,0
7,1,10,6.876047925703095,350.3798112503571,618.6181136543811,0.10352559702608337,1.8394808144110306,6198.0,5128.0,84.0,-445.9123606965072,-389.69970733499997,2,4,1,2024,jng,0
2,4,2,7.940794669525203,394.72050339039384,579.0743022492827,0.24810365007209886,1.7710605518441334,5911.0,5990.0,101.0,,419.75837496275597,0,2,1,2022,jng,0
1,1,7,9.31739148131084,387.3330866307608,623.4211872935831,0.15983497006344793,1.5935914078717355,,,127.0,326.59297264847316,-238.91330536290803,1,2,0,2022,sup,1
6,7,7,6.46841370265988,434.21583025616786,481.54396688372,0.19168587832963008,1.0031563480577335,5940.0,5878.0,101.0,78.53843800517403,500.7884702329992,2,2,2,2024,jng,1
5,4,7,7.710829727287996,278.86033550226404,582.5684288195436,0.13913376053739035,1.0438783238991114,5097.0,5434.0,95.0,-191.4611377494797,177.78167466026707,5,3,1,2022,bot,0
5,2,5,8.968265636547002,376.79139070988947,417.72905547651663,0.22540550185613045,0.6900554875426441,6131.0,5925.0,91.0,-192.98494131890038,-209.5980641760235,2,0,3,2022,mid,1
1,3,4,8.471799482351159,343.5077133074832,434.420564479836,0.26664995808201913,1.3173751576411903,4659.0,5582.0,100.0,-595.4342560275167,-350.6945727744609,4,1,0,2022,top,0
2,2,9,7.463282435805694,475.2175691895041,585.9085301596028,0.08849548970197751,1.193929490236143,5723.0,5652.0,,277.26279348033114,-486.68052451602534,3,2,1,2023,top,1
3,4,5,6.968907770590046,405.04400976298933,605.0307801120885,0.14494663855654832,1.8908479076095779,5000.0,6382.0,127.0,-38.77762910655488,295.4816142688205,1,4,2,2023,top,0
1,2,7,7.807778748186395,352.360521902082,595.777677485777,0.2804250453228996,1.804764467070138,5381.0,6623.0,107.0,504.604838476998,312.81122374933307,0,0,2,2023,sup,0
1,2,7,7.434725120764086,409.4553213830264,429.60291070304896,0.19857948361255748,0.9960690866742582,6343.0,6828.0,77.0,-828.3118378858136,81.45623744616333,1,4,0,2022,mid,0
2,1,12,7.992272666666696,423.3167142007673,279.3609606962858,0.13215875257127774,1.0528517466011527,5914.0,6015.0,86.0,202.09567441595337,-176.42363459087585,0,2,1,2022,sup,1
1,2,2,7.404852290559442,324.12971783287696,807.073148264098,0.21020911745181664,1.3686779050151052,5459.0,6429.0,103.0,259.5906642024497,,2,3,0,2023,sup,0
2,1,12,6.1798422804459845,418.270585457399,604.497702862012,0.2448221158540314,2.127878765735711,6731.0,6156.0,77.0,-47.07080426935532,-405.07824246896143,1,3,1,2024,mid,0
4,2,8,7.683120188109941,410.5167507152348,477.06437531948285,0.2940118716182923,0.9762233044486957,5087.0,5768.0,94.0,634.5982474532174,-539.2184263128469,2,5,4,2023,bot,1
4,3,4,5.557301513305706,355.0362792980841,571.4775031100282,0.26781935416909275,0.7649015654476468,5294.0,6243.0,111.0,-912.7786168255201,-725.196357478694,3,2,0,2022,sup,0
3,3,4,8.81653586326619,422.434108652457,549.2889125411195,0.34361530505218346,1.2464467836693185,4179.0,6673.0,106.0,228.39413162547015,349.5327483605873,3,3,1,2023,mid,1
2,5,7,8.32451589620146,335.9985261408849,597.4064508530992,0.11655207718251302,1.8878585451692085,5632.0,6104.0,85.0,507.2779469351276,-533.6334288747119,1,4,0,2023,top,0
1,2,5,6.339164531211381,334.8746964621089,530.554687732436,0.09596549636312929,1.5957929025341235,5836.0,6709.0,87.0,-283.1194073946026,-370.2261629988305,3,2,1,2022,sup,0
5,3,7,9.259940605091524,392.6403559173216,709.9534936787132,0.0793161017788874,0.7917037941518403,5425.0,5952.0,96.0,-142.40094999666644,298.36041614249933,0,1,1,2023,mid,0
5,2,2,7.4244664242188225,348.339963263468,555.8790362449333,0.24917720085860987,1.1678571766757526,5510.0,,103.0,-79.36779703983811,1.0785698809137187,2,6,1,2022,jng,0
3,1,3,8.505724056504794,316.70429455933566,619.2245539692992,0.38810706650106064,1.2726005494470665,5673.0,,100.0,-767.059613794765,-123.01520460023336,1,1,1,2023,mid,0
0,4,7,7.251793970980019,460.33411032252866,525.108459530251,0.1800219873644429,1.30027457893108,7323.0,6140.0,,-238.04796092318537,263.7268998076536,2,1,1,2024,sup,1
6,5,5,8.192221744718847,400.6467716490175,641.9809900799561,0.10466432370291157,1.089327917780316,4714.0,6389.0,102.0,396.76592435430393,,1,2,1,2024,sup,0
4,1,7,9.121477649071814,434.43886563545175,635.5192717067052,0.23636473264111918,1.2301357769825618,6844.0,5580.0,95.0,-93.383796069205,,2,3,1,2023,top,1
5,1,6,9.467894754680634,377.5872899540807,385.35652307850523,0.288159514391529,1.3672439930894624,6072.0,6036.0,93.0,751.6408172316056,-9.618598793243699,2,4,0,2022,top,0
1,3,4,7.50636971026798,339.1672820060754,531.3568970296527,0.10923038702676957,1.939232420078016,6381.0,,117.0,683.3152234393606,175.20276061731482,0,2,1,2023,top,0
7,2,6,7.605374743832385,419.529229955293,558.6869501669048,0.30830231342281356,1.3550567110161764,5689.0,5831.0,105.0,443.4179220011649,97.61274285797728,0,2,0,2022,sup,0
1,3,9,5.989476962382683,401.3446513506267,451.5395608288011,0.14944829565275497,1.4690158369205661,6728.0,6092.0,98.0,307.4187086292136,-81.49211653730273,3,5,6,2023,sup,0
7,1,4,8.237684506335812,427.4938333775034,532.7846183038843,0.26111482972593286,2.1444473196866767,5191.0,5645.0,108.0,664.4925599326841,89.58222309633211,2,3,2,2022,sup,1
1,3,5,7.60793205939277,406.8315427737524,765.4899975181071,0.17105536936509372,1.5913934044375753,5672.0,6783.0,77.0,-337.21080017771146,512.5398066512173,0,0,2,2023,jng,1
2,4,3,7.58975762039423,376.596646189213,557.846092653703,0.23999046035537788,1.646608872052579,5253.0,5680.0,104.0,457.61938787356144,-74.01368926356358,2,2,1,2024,sup,1
4,3,5,8.169961769016624,285.6103809105923,585.0279914016554,0.21676363742517898,0.7065180951349777,6876.0,5984.0,120.0,1139.0385314847706,,0,1,0,2023,bot,0
2,2,6,5.9165747773625235,299.5673314967397,596.4696826646057,0.21402915534038597,1.8170266842952958,5531.0,5659.0,99.0,34.019696820690655,921.3319610179532,0,2,2,2024,bot,0
1,3,7,7.934066708990076,396.4652229727399,576.8642380237659,0.335815190765752,1.64426241822582,5260.0,,123.0,633.8443056960032,384.62307596092313,1,5,1,2024,mid,1
1,4,6,9.540932113266694,328.5897862689511,422.251747155536,0.1659673158777663,1.3212953562025207,5310.0,6145.0,87.0,852.2349871663336,-503.1554431831354,2,4,2,2022,sup,1
2,2,7,9.32164905529022,411.1880410824166,642.4801653289333,0.25868249187666825,1.022707345841024,5499.0,6709.0,84.0,284.1493424134207,11.371131228881453,1,3,2,2024,bot,1
5,1,3,8.323503068306087,377.89537156202675,457.78044628335266,0.20378013954295107,1.2214238520507918,5672.0,5666.0,110.0,484.2635451335622,79.64148025900533,2,2,2,2022,sup,1
9,3,5,6.736023530408721,346.5507539881547,465.2712633850776,0.355836861304045,1.4181512149977382,,6729.0,76.0,-242.76423233176905,-227.32149390356625,1,2,2,2023,jng,0
6,1,8,6.769488138605499,349.6572670104773,527.2636453471965,0.1288984779769668,1.84522106128036,5388.0,5855.0,109.0,-772.8602873841493,188.4932445621642,2,1,1,2023,top,0
3,2,5,7.708437016668183,433.2942429539323,683.5459681016489,0.1863698110668301,1.3192839797302296,6154.0,6381.0,105.0,65.84767157346786,14.000824208423126,0,4,0,2022,top,0
4,3,3,6.980311686514413,409.9205169195636,399.6085028728477,0.06023549272689066,2.158324453955472,5202.0,6212.0,131.0,-829.4862792757099,-65.09938990289076,2,0,1,2024,mid,0
2,0,6,8.789307573430726,294.504582135516,481.46316017509463,0.14221278400637757,0.3,5486.0,5633.0,97.0,288.82090541153286,-8.491191969531066,1,1,0,2024,sup,0
4,3,5,8.896328267750503,359.92960457693255,389.9195641836843,0.15939204006209895,1.6653279280157984,4591.0,5551.0,90.0,-7.502018476329056,37.74711842498047,2,3,2,2023,mid,1
3,2,5,6.442817780434177,291.50781363368594,367.946832052016,0.35866236197222445,1.5333325876065833,5780.0,5545.0,89.0,-120.69625254260603,-265.5700613814648,4,6,2,2022,jng,0
2,0,6,9.79506469368569,282.05629742433126,413.79890168572354,0.09267888790262632,1.4757538181060603,6041.0,5627.0,91.0,-1222.9167059626816,-43.28953433690131,1,1,0,2024,sup,0
3,7,10,6.356379808843,374.8974423378801,755.3384512378727,0.2029337108869012,1.6305557416016119,5722.0,,103.0,300.06899360862343,-410.73118838306124,3,1,1,2024,sup,0
1,4,3,7.704932014382842,430.4958831098379,368.0204384543066,0.2083853746274062,1.9487472127816572,5297.0,6433.0,83.0,-604.8116192629902,38.546236613021364,1,2,0,2024,jng,0
6,1,7,8.154030926635212,398.42053096158105,695.4815059905904,0.32587125349110424,1.1951528247122676,6428.0,,106.0,-469.45985425127003,58.5162360251477,3,5,0,2022,bot,1
2,1,4,6.28520052277997,347.1223716382677,272.33663672199987,0.4652771334322463,1.7924884326170887,6314.0,6045.0,,302.0486788264636,367.57375065143043,1,0,4,2022,top,0
3,3,6,8.95301829980191,361.51648263740367,508.14895063278914,0.2262858863007487,1.8277544993712884,6254.0,5984.0,111.0,-42.89521368409214,78.84074394420352,3,5,4,2022,mid,1
2,0,9,8.046226049925728,312.23178472744985,666.6680552031438,0.02,0.9009631975169887,4592.0,5854.0,,589.8688132844218,625.4249710991446,3,3,4,2023,mid,1
1,3,9,7.438395570646181,307.0649351204099,634.8518830358988,0.37244266706032203,1.0470243764997598,5503.0,6317.0,96.0,-352.4088967622579,-304.27077532163463,1,6,1,2022,top,0
0,1,7,9.077466782778924,445.59335398032505,497.2102280907531,0.22991524860106954,0.5279022802532434,5778.0,5453.0,122.0,69.39694609659779,362.6030284993991,3,4,2,2022,jng,1
3,3,5,7.565232753257882,343.61151125796675,630.5894637578061,0.31954681735798823,1.348712705541169,4428.0,6023.0,128.0,142.6073027143182,-285.3353856961084,1,2,2,2023,mid,0
4,0,5,8.241551993776563,430.80818077783755,340.812777581183,0.101186234803587,1.4113570719570725,6121.0,5550.0,77.0,-842.3120866625598,-382.6046086904487,3,2,2,2022,top,0
1,5,10,8.678102698881148,372.69351699004716,626.6945901102808,0.11372541058469952,0.8870947993640554,5543.0,6357.0,103.0,,195.523645672251,4,4,3,2024,mid,1
8,2,8,7.515698344939858,369.1861592885664,559.8981031610201,0.13145394404674315,1.4919699264709891,4773.0,5232.0,121.0,-126.51130871996907,352.41825953731086,5,3,1,2023,top,1
5,3,7,8.263875027964458,333.2653665985554,501.99606257750787,0.1520816326258739,1.3464499756903665,5428.0,5785.0,84.0,-326.49170491778017,504.0796100920504,2,4,0,2024,jng,0
2,6,6,7.835481446083219,400.8063036464804,451.5228859990505,0.25905264948573675,1.4134958866013752,5886.0,6854.0,,-253.9422224390642,-412.38617763794946,1,4,0,2024,jng,1
5,1,6,8.388595019931856,365.21174242823764,454.4516083939844,0.22708622913740048,0.6659760000764773,6330.0,5190.0,91.0,64.45424559451278,38.92673027804439,2,2,1,2022,bot,1
2,1,10,8.089182361667909,354.6510953714153,749.9626387948139,0.2649762585677602,1.5367953504498804,6013.0,4690.0,98.0,-65.95406218110932,13.420182102694241,0,1,0,2022,top,0
2,2,12,6.600286748308585,415.0063695459718,473.65926243475155,0.33681773328365217,1.711218780967925,6594.0,5691.0,86.0,,113.52295387594796,3,5,1,2023,top,0
1,3,4,7.0745203914927925,328.5240479155443,740.0538523721459,0.0714450456607442,1.8260605257638791,6356.0,6551.0,88.0,-858.0888089096181,-501.56575902427954,0,3,2,2023,jng,0
3,3,5,6.046088102612509,461.28609266651273,393.76539368669063,0.22259952787090484,1.4637129432288218,4922.0,5876.0,,173.03099499859033,329.26484129180267,3,1,1,2024,jng,0
2,0,4,6.112267147391853,381.0639483300393,398.70055361265213,0.09882288471326812,1.2791791177192986,6204.0,5805.0,100.0,,73.50423012071644,2,2,4,2024,top,1
2,3,7,6.349255199181896,375.9316885234174,610.510515987858,0.24694071153446048,1.7254598750048271,5828.0,5923.0,108.0,-365.20517433233266,,0,1,1,2023,jng,0
3,3,3,6.268718292501338,427.1848165112184,417.304006200352,0.1125707733463486,1.3999439508432958,5241.0,5647.0,121.0,-141.4841400564286,-182.79259123472968,0,3,1,2022,jng,1
2,3,7,8.76310039206849,375.81162190721346,593.9727069462044,0.22755998367265073,2.006513549482272,6217.0,5859.0,99.0,-591.0519629295017,-437.51894458870254,0,4,1,2024,sup,1
4,4,6,10.154961063768585,396.33145452538673,600.1797334048985,0.2612573792198354,1.271917866363791,5424.0,5345.0,106.0,-412.9986969033099,774.918752623269,2,2,2,2023,bot,1
4,4,7,8.592798782308169,348.5519943719893,413.6243586382118,0.2262272277452244,1.2847947852906056,5855.0,5517.0,83.0,-594.6392381341537,-205.09570352069153,3,1,1,2023,jng,0
4,3,10,8.251733376282857,405.2442252989606,451.7171773026722,0.14239108342925655,1.0152865004576477,,5995.0,85.0,694.9926579844314,404.22284310189724,1,0,1,2022,top,1
0,4,5,9.830746779859291,432.14730829963537,655.8290354906122,0.22920397331984957,1.3056135210242747,5650.0,6328.0,98.0,56.8432508245223,59.068404297805564,2,2,1,2024,sup,1
7,4,7,8.082377325479746,459.5877243731557,702.0440489919729,0.13182723054418366,1.7648904526287699,6086.0,,127.0,32.66598314140573,91.29646499779616,1,0,0,2024,top,0
4,2,5,8.439975072556797,390.9262015082864,475.48318286363076,0.3548239787121073,0.953812609856706,7179.0,6697.0,105.0,537.4027333630778,,2,3,2,2022,bot,0
4,3,6,7.664116653609646,371.04718000017914,468.72976905410565,0.27592486280641426,1.6863513959194856,5513.0,5964.0,106.0,-189.83971461487323,-258.3751427804861,0,0,0,2024,top,0
2,4,7,7.527511781125136,378.0167935017678,598.5713979686387,0.1533138921553253,1.488447697286626,6471.0,5814.0,102.0,1021.3227331344738,-242.6620456498241,1,3,0,2024,jng,0
2,2,11,9.175887287613351,335.2377355492893,553.2662804904919,0.13743405346401577,0.914126900531571,,5542.0,95.0,573.9105320691195,-151.71611109787375,1,4,2,2023,mid,0
2,5,3,9.10216153031842,487.92687489402624,432.22892644994937,0.14964989232208997,1.9695352174188248,6185.0,6091.0,,426.383815700256,-199.30124921018063,1,0,0,2022,bot,1
2,0,7,6.910540973229915,359.39864327259573,448.43371633045507,0.2571015841653014,1.864279688685639,5759.0,4533.0,108.0,-237.5460847397649,114.56731905305807,2,4,1,2023,jng,0
1,2,9,8.90918070699068,214.21953373112933,419.47114302225236,0.28856390642214313,1.5509830722887707,6509.0,4729.0,107.0,-96.47959799630195,363.1863333181649,1,2,0,2024,top,0
1,1,6,6.27225568762834,353.4667554133635,644.9741484673425,0.1410758509401658,1.5190620655184515,5657.0,5828.0,104.0,-603.3399023619447,-153.81300883112695,2,5,2,2024,sup,0
4,2,10,7.966385664260306,394.39602215253973,421.80800168018044,0.23376105767155347,1.8843919160717775,5267.0,5820.0,95.0,,,1,1,1,2022,sup,1
3,1,4,8.545402774877836,386.03537079477456,540.5832685233206,0.1746532539342834,1.9604179410067413,6015.0,6402.0,88.0,-109.0778454633807,54.531171409350165,1,2,2,2023,jng,1
7,1,8,9.326546157849608,424.18818481863985,291.1525128378176,0.2616027219581611,1.3617330955601976,,5207.0,69.0,-361.1345408478851,,2,3,0,2022,sup,1
2,1,9,8.28011209231956,316.60225887352385,398.6397423756914,0.2002469558323029,1.3774342538389568,5600.0,6310.0,103.0,-113.06914972097628,-96.72102797964075,0,2,1,2024,top,0
0,1,8,7.500358806595103,421.32997412943445,496.9442410532825,0.2614163592285422,1.392785985226976,5418.0,4971.0,122.0,-36.31559432127568,82.30268693491051,1,1,2,2024,mid,1
4,2,11,5.971768106769082,349.20913133378576,575.7106651613767,0.06711027900052044,1.7495951087255142,5806.0,5239.0,,689.7817382677333,-343.07898717283086,2,2,0,2022,jng,1
0,0,8,8.537320533547412,218.3888922128399,527.4635472934533,0.31660008590993544,1.5262171941573754,5997.0,6312.0,85.0,-717.0827436238123,145.92309569456447,0,2,0,2024,bot,0
4,2,6,8.883762065076143,310.65007957407215,471.56202784023344,0.3132794367830555,1.0478458704410554,5582.0,,113.0,527.3961452695374,-126.7600028664723,0,3,4,2024,mid,0
4,0,4,6.737032037211182,320.34175149495996,360.9602733507662,0.27627078311090836,1.6173428000918935,5413.0,,87.0,-0.19519938158671835,,1,5,1,2023,sup,0
4,1,5,7.572558409467725,323.2663526209538,505.45593761548696,0.19768522541889175,0.8056369179714424,6167.0,5656.0,86.0,-273.77013900456706,232.79572434997164,2,1,0,2022,jng,0
1,3,4,6.841408547412079,351.1737885598651,586.9300930587739,0.09377703583124553,1.6099695290643958,6008.0,6567.0,120.0,-164.03135545604084,,2,4,1,2022,mid,0
1,5,2,7.826984366271952,331.9719914611985,657.253290301702,0.3083183031279989,1.2814427499547536,5985.0,6462.0,85.0,-57.24297417169187,469.6689139392738,0,2,0,2023,jng,0
4,2,8,9.086549572751585,408.0873561346761,595.6610417104997,0.15256297704904268,1.318693538308832,7220.0,4994.0,,588.5975549470486,-170.78643250821295,3,0,1,2023,sup,1
3,2,8,7.313502574424563,261.1138927403641,291.87455306357685,0.31232370605451865,0.9771360600312373,5376.0,5665.0,59.0,228.59469046923044,460.47625914052645,0,5,1,2022,bot,0
3,2,9,9.436028362786583,390.52310844639607,376.30734938574517,0.3062893487976114,1.2000412689590465,5839.0,5781.0,121.0,785.3533556671588,239.55024910749484,3,1,3,2022,top,1
1,0,8,8.244901042335853,334.6381213254115,610.9496988419372,0.16853309023870916,1.317627472169069,4630.0,5956.0,103.0,-513.6907510226183,1117.8744941267746,4,3,1,2022,top,1
2,0,8,8.14720900513147,373.3121566924473,461.61918981115343,0.36768750875194967,1.5075871032677397,5644.0,6390.0,119.0,,320.7475124031587,1,2,1,2023,top,1
3,1,4,6.785746916851881,427.52709644596,562.9187058933124,0.34301775551521896,1.1885575768719405,5363.0,6804.0,98.0,-837.2042241445245,107.81894948146487,2,3,0,2022,mid,0
2,2,5,7.255199816151501,312.1580606167626,661.2691127612934,0.23938926679376074,1.3956303265047123,6608.0,6112.0,84.0,-155.22604986307718,117.70977270353106,4,1,2,2023,jng,0
4,0,10,6.047450803952861,347.9396981779127,521.5159217111158,0.23407319178867828,1.750451268359539,6211.0,6602.0,97.0,-352.8471105251621,-255.15151303452896,0,4,2,2023,mid,0
3,2,11,8.357677898853796,441.6972010140677,657.2017114780689,0.1434740576263676,1.6050122619429337,5565.0,4888.0,94.0,18.232905248371395,581.4560736414145,2,5,1,2024,jng,1
4,2,6,7.765205010511289,296.1742428922554,441.4898271877321,0.2321228190881867,1.0410488160349134,6603.0,6219.0,102.0,-465.7954934003024,-181.19691608729195,1,2,3,2023,jng,0
3,1,5,7.617515241823076,274.4353099875238,605.3465504537678,0.19389969181634564,1.0829736253531737,7050.0,6332.0,105.0,-65.89779878584174,-455.1646571435315,2,0,3,2024,jng,0
4,3,5,6.655231373797279,448.3806634114165,526.5997633969905,0.20236526819798598,0.8889022167929148,4889.0,5814.0,120.0,690.2302275477196,,1,1,1,2023,sup,1
1,1,3,6.986475627006466,308.1559653914077,387.8374121404314,0.31344649243498707,1.8576137770696148,,6300.0,115.0,39.82501109103923,343.20741947515444,2,2,1,2024,jng,0
3,2,7,6.916654559762169,378.4449432839024,441.7858157110209,0.2511551491039776,1.4889928729412678,5806.0,5602.0,76.0,364.9136236042264,,4,2,3,2024,sup,0
2,2,8,7.250736235304962,265.32112661798357,465.75396399110684,0.14046767944968547,1.5771134689332515,5037.0,5668.0,81.0,144.7685201326638,330.2334165396462,0,1,0,2023,bot,0
4,3,8,7.251266441181724,330.6566144378729,483.68920795833617,0.14131544166090562,1.1972227576707377,6069.0,5961.0,85.0,-1020.6851718611573,-255.1019984202198,2,3,0,2024,mid,0
3,0,4,7.288164916125796,381.84567765144595,476.31326375172176,0.12911054786365014,1.4158852933344637,6678.0,5728.0,110.0,270.4929996324335,114.83498282735232,2,3,2,2022,sup,0
4,3,5,7.450308847710898,374.62922927422295,711.7819286351653,0.13324965916377993,1.9985590434962455,5133.0,6109.0,84.0,421.0167096659752,168.10268189997532,0,3,1,2023,jng,1
3,0,10,9.022574952438184,412.03876366738484,674.4252346306426,0.12175354732297154,1.985395104042595,7411.0,6304.0,,-540.4331260498825,460.727470791366,2,4,0,2022,bot,0
2,1,8,6.874257436570115,354.45414726254626,706.508864720383,0.37246980285510156,2.3499297135695905,5459.0,5885.0,86.0,-416.99676445270177,229.5765939134601,0,3,2,2024,bot,0
3,2,4,8.305441314210201,472.607698644688,453.7258885931977,0.3326054294728971,0.7196478279355232,,6498.0,89.0,-406.6503898048354,205.33661847146533,2,3,1,2023,sup,1
3,2,8,7.099368392622265,327.95587264001426,564.6297235038583,0.2060765146225372,0.8118657068004812,6355.0,,94.0,-925.2275498531646,-973.8972502822504,0,1,2,2024,top,0
3,1,5,6.742486261512993,323.5311466149603,424.68980783470454,0.19748760233269397,1.1288165081759323,5557.0,5176.0,,,-75.74229625380933,2,1,1,2023,top,0
2,0,9,5.765851939138982,268.91465958838546,356.1083235753973,0.285136157736006,2.208182242198393,6158.0,5292.0,108.0,57.97756989855188,,1,3,0,2024,sup,0
4,5,7,7.632275869426985,415.95330693031775,520.7969894685134,0.12701221577449254,1.5499806817900874,5553.0,6519.0,106.0,-834.9792162395177,-79.58662927797496,2,0,0,2023,mid,0
0,2,3,8.2108855201841,426.6884127570751,464.18912476148637,0.1627928475334444,1.4812953134116738,5300.0,6019.0,85.0,299.8473026859186,264.12509658024203,2,4,1,2022,sup,1
4,2,4,6.04000436949646,364.30415648868484,611.1133967527923,0.14435826017876124,1.392930559985384,5585.0,6662.0,85.0,-4.6626022460173004,492.9673820052841,0,3,2,2022,top,0
0,2,8,7.348994383930999,298.61402965093424,338.60300807009185,0.18550377198968282,1.702086906134573,,6456.0,107.0,425.5534741817252,-281.39910869754175,1,1,1,2022,sup,0
5,7,5,7.753585656405642,301.22194956710774,602.663829074566,0.3069188435719876,1.7700335525048154,,6083.0,78.0,193.8934400066546,895.7766075533871,1,1,2,2023,jng,0
2,2,10,5.997751143266264,297.211661670783,388.843397735379,0.17066116764702713,1.677015662580012,6677.0,6012.0,103.0,-275.3508052061676,24.226109773460507,2,1,1,2022,sup,0
3,4,2,6.023204005675655,374.3006596165947,485.52342998642257,0.07971679864336398,1.7026812463830012,6110.0,5581.0,98.0,-549.0602531660913,165.1358767227462,1,2,0,2022,sup,0
4,2,6,4.428770044924494,373.73785695690793,383.8405130319433,0.18461331278145643,1.9139499433680047,4679.0,6623.0,100.0,22.08746435392274,-382.6864321324141,1,1,1,2023,mid,0
0,0,7,7.232878668573244,314.42413394282073,461.79797362320244,0.1693156718290218,1.188850260649496,6711.0,6341.0,72.0,-204.46359998873925,92.61683786904808,3,2,1,2022,top,0
1,0,5,6.474589403055722,374.45241573743755,669.6160670567033,0.23496103902211746,0.9813652074418968,5018.0,5597.0,124.0,-137.3830416876603,174.98411364666768,1,2,3,2023,bot,0
2,4,9,7.791712779893157,356.90565982325484,255.0111513238386,0.2008749021544764,0.7932636724392959,4832.0,,105.0,-111.69916643021321,353.62797942741327,2,0,1,2022,bot,0
3,1,1,6.174691516391278,270.2351509015946,602.198979178918,0.2355192395187106,1.4208177656603838,5975.0,6585.0,105.0,,-239.20500176188276,3,3,2,2022,bot,0
1,4,5,7.47495998086309,375.964066400494,157.6698413357999,0.19020626536207974,2.125474185248056,6170.0,6682.0,105.0,510.95988829313444,498.4224618611147,2,3,1,2022,sup,0
3,3,3,7.664592915631509,300.01833170894605,740.1821736841446,0.265742352555151,1.831692440421113,,4707.0,74.0,,-156.42233868159954,2,3,2,2022,mid,0
2,2,7,8.321521161307402,368.7533469756912,677.1943627612959,0.2860551858864503,1.1899419953027812,5526.0,6926.0,100.0,-209.50445503267275,370.3289196835463,3,3,1,2022,mid,1
2,4,8,4.711877399143401,352.99432646935844,629.3768655521558,0.10293363940454334,1.189362386505338,5726.0,6652.0,,-21.23698586242125,-125.24253441877595,5,1,0,2024,top,0
4,3,11,9.073197934542359,345.7698634812972,462.58886520599197,0.26648395009969755,2.051901532488607,5697.0,5732.0,90.0,-678.1629059624682,-97.91492904086559,2,5,0,2024,jng,0
3,2,11,8.604019496985737,374.34389591029645,476.3961078755439,0.21358953233558642,1.1640890744153705,6048.0,,113.0,90.9004341648675,-905.6618887784683,0,1,1,2022,top,0
4,1,8,8.449102447060936,500.38435297197645,234.02056562568288,0.17281330125248853,1.0271781106843163,4521.0,5804.0,,,-227.79163034109587,1,3,1,2024,top,1
4,4,6,7.210588233521362,340.09578864000144,615.0081551274002,0.22448106894945824,1.0313696498316585,6417.0,6705.0,115.0,405.2589993049598,-368.4228974674364,0,2,0,2023,jng,0
5,2,6,8.13984170180743,330.1900622721139,730.9476445671055,0.12346569928875675,1.2603790441332265,5386.0,6135.0,99.0,342.1435752346241,177.71671285470197,1,3,1,2022,bot,0
1,1,7,7.4606886918071025,338.7837036588996,755.2259251869933,0.2010544661231901,2.2522958572658887,6737.0,5755.0,142.0,167.85331081891073,-187.00792204708017,3,8,0,2022,mid,1
3,2,4,9.923344821184509,389.171864652442,661.335473069677,0.17900918643966407,1.2741125792372587,6082.0,,,345.0091035033373,-692.0346796500696,1,3,0,2024,sup,1
3,2,2,9.349096498439755,343.3196885636275,551.9189112903723,0.28006181641220806,1.2992768763708813,6215.0,5866.0,,390.35367100288227,350.3232377207186,3,5,1,2022,jng,0
1,2,6,8.824304811421024,405.98880828269904,280.46902984776375,0.33534004648454474,1.089260214689153,6523.0,5430.0,122.0,-660.470111147829,619.5704833293656,2,3,1,2023,jng,0
2,3,4,5.835702757351712,437.44041550992256,624.6568101017567,0.21808694626246072,1.831322456576355,5588.0,6113.0,117.0,243.82820663921632,294.19405771213064,0,4,2,2024,top,1
3,2,9,7.514282300363911,389.906879932317,524.4191642487447,0.21517690654988877,1.271706901251856,4880.0,5970.0,80.0,,145.8977284441984,4,1,1,2022,top,1
1,3,6,7.702454774582986,376.6787768759957,744.0065430464203,0.33914735060655504,1.432557333086712,5978.0,6347.0,83.0,41.57439343067969,-756.4506891930547,2,1,0,2023,sup,0
3,3,3,8.566228847853107,335.1713521894064,701.6301644504823,0.2594090790713646,2.0462788640609486,5866.0,6933.0,126.0,,-143.03717196009467,2,3,1,2022,jng,1
2,2,3,7.50343312297642,485.27178560687906,362.8002096921871,0.24206535326290288,1.1151785302814474,6138.0,5252.0,99.0,-48.35222747118564,-100.45139435440746,2,5,1,2023,sup,1
4,4,9,7.168171267392213,417.63541150429484,554.5010876608017,0.2210084469109874,2.0647583546440362,5439.0,6298.0,92.0,530.450369813097,449.86153335373166,0,0,0,2024,bot,1
6,2,10,7.828507086832428,329.4499161424278,801.8812026895635,0.331867476531187,1.7244376161107358,4865.0,6456.0,82.0,-439.2366807924785,-55.7172401772029,2,3,1,2023,mid,0
2,2,4,6.291969460564477,335.5090947632801,833.323787472319,0.261546688334826,0.8805721000617123,5308.0,5659.0,99.0,-375.1026864196259,-558.1963150353031,1,0,2,2022,jng,0
4,1,4,7.636674000445173,349.1173223158407,386.6701399417527,0.30483090558630355,0.7022126623480793,6317.0,5805.0,102.0,381.546920233217,,1,4,0,2023,top,0
1,1,6,9.442107760128783,468.8566784157198,572.1698669829642,0.32165462711960013,1.548441197411572,6025.0,5663.0,75.0,-48.497220979385105,622.5975278256576,2,3,0,2023,jng,1
0,3,4,8.100550791943808,318.1901623350167,272.7465659845099,0.19370157965092782,1.057136027301435,6053.0,4966.0,109.0,-1024.2453533815296,111.50669269248749,0,3,0,2024,top,0
5,3,5,7.037846538090774,321.2651114704018,427.16984523753536,0.1370531152886817,1.2170705693010242,4948.0,6528.0,82.0,239.93092431703502,-579.102282530781,2,4,0,2024,mid,0
4,4,5,8.131218638512637,283.7816985402983,510.62152418742124,0.1654327084296033,1.0834231877811522,6751.0,5855.0,104.0,,-205.85835084269843,2,3,1,2023,mid,0
4,3,9,9.263742115569464,346.29648181638555,510.92858887047686,0.25753163706972915,1.3242353236224584,5454.0,7396.0,110.0,96.48458415344004,401.887530125148,0,2,1,2024,top,0
2,4,10,8.332188683114438,344.0384942557249,327.3423751524458,0.21847843200242534,1.3161539035392074,5803.0,5682.0,96.0,-286.11790517938283,-136.4597191386295,3,5,0,2023,jng,0
2,1,10,7.995358934097336,351.82978915243206,561.9472896894681,0.17613616228869297,1.187187076811396,5323.0,6754.0,94.0,-37.65998876722257,-286.16595427498174,3,6,1,2024,mid,0
2,1,6,6.471964386539235,423.65923089300094,748.1607867925071,0.2093599375403588,1.343223268370123,4669.0,,108.0,-294.94167598257445,301.9549025206506,3,0,0,2023,bot,0
1,1,13,8.023568075870376,283.9238348527232,581.0677137572736,0.2376746821525111,1.8108040970749826,5767.0,5607.0,112.0,-112.25137932493571,609.3274779314561,0,0,1,2022,top,0
1,4,7,6.605647760660658,401.9244331784716,518.0201092630914,0.18300434066219923,1.4450739081483748,5550.0,5085.0,,-189.02483677123968,58.030760547016826,1,3,1,2024,bot,1
2,0,4,7.606311306929539,338.2267336844692,485.7692691571075,0.1286319423278886,1.3028631731117255,5870.0,6024.0,116.0,491.4597894434196,-95.79806284694136,0,2,3,2024,mid,0
5,4,8,7.770492854377968,409.7134119847366,441.37979345655026,0.25980391114286194,1.313822363691945,5787.0,5351.0,79.0,-178.76401731848685,-216.7660181700539,2,4,1,2024,top,0
5,4,10,6.632558689115704,388.51495017106674,327.89362468452657,0.2569886169692653,1.4783195659506412,5628.0,5770.0,85.0,-242.4918202805614,164.09020094825163,1,4,1,2022,jng,0
3,0,3,9.342564460724349,417.02861562750024,454.0916637307779,0.31479694664986235,1.1369022473920443,6069.0,6074.0,,-59.34031714156342,-218.86136369708623,2,1,2,2023,jng,1
3,2,6,7.9688684469126905,389.42485646793995,694.6411613731332,0.20874397029845207,0.6072333804316972,5031.0,6491.0,101.0,284.3698403488261,,2,1,0,2023,sup,0
2,2,6,8.570039760535748,313.71259674935243,499.4580626678565,0.3826393428325445,1.3424613593794776,5423.0,5522.0,71.0,639.1374162671378,-367.7765654927897,0,4,0,2022,mid,0
5,3,8,8.267999082008908,469.3601019466307,692.923775667253,0.43801393039840214,1.692796909678653,5235.0,6261.0,75.0,474.52488753026125,-173.92168385851647,1,0,0,2024,jng,1
6,3,10,10.64542099597045,428.9572602432624,373.49769794914124,0.19527435958983883,1.5754057575846185,6031.0,5408.0,111.0,647.8631782912923,367.11129979887545,1,2,2,2022,bot,1
3,2,7,8.266824871543236,303.5777854395499,584.0492304714425,0.19211055453791087,1.0391168187398845,6360.0,5775.0,120.0,-298.4357929421358,-348.938027767927,1,2,1,2024,mid,0
4,2,6,6.696686618148564,315.44887666131285,597.658891815321,0.3568762358662032,1.59214276094585,5339.0,6119.0,120.0,10.566008471234056,633.0570358621193,3,1,0,2022,jng,0
4,2,5,8.312230251769625,424.58754134361635,297.8101151370048,0.16490720528424133,1.6994015961029405,5493.0,5302.0,123.0,462.96229634890096,9.330407075899089,1,1,3,2022,top,1
3,0,6,8.643503663607206,439.4924398275798,438.57711502246417,0.29721131064224904,2.2184337785947688,6070.0,5149.0,92.0,222.44004339610146,-30.712636267980855,0,5,0,2023,bot,1
2,1,7,5.171586434293385,419.94381838715725,563.7780419630124,0.11128031426987692,1.684597574958546,,5902.0,74.0,37.85551362859327,-120.82341933658975,4,5,1,2022,jng,0
4,4,5,5.392389223011428,315.4741117254455,226.43397955212123,0.20705730643383044,0.7795208247834077,4605.0,6093.0,104.0,440.90711354003383,628.0812872418535,1,9,3,2023,top,0
3,2,4,9.531184921214402,437.19662133999697,428.01927443247945,0.3048321313171801,1.680246817402334,5623.0,5825.0,98.0,638.2477810970381,-109.07136694552756,1,0,1,2024,sup,1
7,1,7,8.401566724103153,363.20167219039973,663.4319626448364,0.24654957843342867,1.9972073612755197,5534.0,6723.0,112.0,969.2114771447269,-184.28960870525407,2,3,3,2022,jng,1
0,2,3,6.681566338644921,358.5519577584642,591.2724981233637,0.2429119317422196,1.8834189842319993,5869.0,5898.0,99.0,216.71666723762513,-170.20686123064775,1,5,1,2022,jng,0
4,6,7,8.950944669433412,438.56122949867546,698.8678392460389,0.2752651590721339,0.9502466349175052,5537.0,6158.0,118.0,179.24830682048417,721.4724996463099,2,2,1,2024,jng,1
5,1,3,9.02835379216422,345.3637903594665,712.2371850720631,0.21899630721953495,2.088096927899536,5071.0,6059.0,,-381.59806937909013,,1,0,0,2023,jng,0
1,3,7,8.101552103067904,353.43258895293445,520.9263719509858,0.24880526566166355,2.0436694066291636,5869.0,,90.0,316.7022022969369,-367.77038197541845,2,3,0,2022,mid,0
6,2,2,8.732936184790022,356.8292709208767,563.2659095380271,0.11507515240192287,1.801140697501669,5945.0,5800.0,99.0,307.53656275132164,418.67983713923394,1,0,1,2024,top,1
3,2,4,8.319784158352494,424.9619726214708,378.16887239801144,0.23533333849901608,1.4076881374897947,6142.0,6805.0,113.0,258.015508142952,-504.00747662875824,1,5,1,2023,jng,0
2,1,7,10.271893183545608,305.6053381690238,530.9237697137215,0.163147751351446,1.4372181348134239,,6017.0,91.0,367.36143194369504,38.3107140286742,0,2,1,2023,sup,1
2,1,2,8.280785538384734,435.42753766756977,555.3487595553959,0.05681618126080945,1.7921810836367316,6584.0,,96.0,626.196373108563,505.019958960676,2,3,1,2024,top,1
5,2,4,7.814871453599109,347.5403052294354,500.1845531726789,0.1628419454110128,1.192582157873015,4900.0,5197.0,116.0,-746.2354596661244,-414.3267772546126,2,1,0,2022,mid,0
3,2,2,7.475007450674521,392.5932473792459,441.98890519610075,0.32575455877269865,1.7178063422742422,5686.0,6270.0,89.0,-457.64135548344393,166.57414591149654,1,2,0,2022,jng,1
4,3,8,6.995292645394725,377.7347507047656,630.7708724640097,0.16895247072002773,1.1035329373331664,5585.0,5745.0,126.0,261.47445860278526,,1,1,1,2022,jng,0
2,6,3,7.792504264947399,363.18634666336953,584.0526227151729,0.24916559210906397,1.5933092173238381,6543.0,5982.0,99.0,128.64561216248387,329.3193366441833,1,4,2,2024,bot,0
1,6,3,6.5939767008120045,341.4014656173629,368.0441773648572,0.1074201550478943,1.091759175253744,,6217.0,102.0,-208.60430716322807,379.9428553723649,1,0,1,2024,mid,0
2,2,8,9.403142606014269,396.7804892127755,515.7749554707678,0.29074381421376433,1.5630794173216134,5536.0,5946.0,76.0,522.2075209493792,197.8135655378055,2,3,2,2022,top,0
5,1,3,9.721096774503426,374.1873281085025,609.908623734738,0.11506274373449989,1.0858078549301342,6213.0,5525.0,122.0,485.68282279046696,578.318186213056,1,2,0,2023,top,0
4,2,6,5.978577914853887,344.84947488736634,604.4541304264396,0.2551777377528648,1.238543265703301,6466.0,5575.0,99.0,240.83369177999424,-375.41664669829163,0,1,2,2023,top,0
4,2,4,6.273669445420773,365.8193521363667,687.3457333034177,0.02,1.5304032883267928,5495.0,7656.0,87.0,,,0,5,1,2024,jng,0
2,2,11,7.603839318088121,338.4037869317081,450.52720108746655,0.20570776575478114,1.2804367531651992,6028.0,6247.0,125.0,-370.52698314859293,152.86178755185097,1,3,1,2022,mid,0
5,1,2,9.082550158206594,351.5740481210277,585.2395014095097,0.2048198934993135,1.2141060626736353,6284.0,6187.0,90.0,87.3743671795261,656.6800320359702,2,2,2,2023,bot,1
2,2,8,8.09974545834044,318.29978282034887,645.0493550424472,0.23885246725004458,1.0079495144605386,6209.0,6558.0,104.0,553.348277447012,501.67493647869503,0,1,3,2022,mid,0
4,4,3,7.41023120778621,323.6494595872513,561.4089506624102,0.2587211578238792,1.9401491980956,5401.0,6017.0,76.0,,-238.72198806577674,1,2,1,2023,bot,0
5,1,7,7.033837565304206,357.8244566073822,620.3834912930162,0.22882233142484087,1.6140846244685652,,5381.0,118.0,-214.44873328195075,-370.9687087833999,3,1,2,2024,top,0
4,0,6,8.933591167667828,415.58035991700433,340.01060008553657,0.2503008964470475,0.7835915582891451,6806.0,5609.0,110.0,,-348.9455371666589,2,3,1,2022,jng,1
1,3,5,5.866742643691918,413.8353319537668,700.2940636379691,0.3889951775479216,0.6367462533789798,6356.0,5912.0,97.0,-697.0171685767565,-653.3135882391057,1,4,0,2023,top,0
6,3,7,7.188725722810318,325.93091142593426,470.9888173868221,0.24201708896609045,1.3578521499785263,6759.0,6233.0,103.0,31.732587418780184,236.27184580602,0,5,1,2023,bot,1
3,6,5,8.423882933616127,356.9855684283744,416.7700174565784,0.3190580417600135,1.7226277469244338,5706.0,5731.0,112.0,488.865882698536,587.5768644095731,2,4,0,2024,sup,1
1,3,9,7.502455700439704,360.37378140533275,593.4715411341193,0.2073000358364633,1.2052650140106158,5596.0,6195.0,115.0,638.9401452289551,290.5890837499204,0,3,2,2022,jng,1
3,2,4,8.363420659501541,335.648050696092,637.4631135764567,0.1666037393231898,1.3687876310586962,5517.0,5890.0,117.0,320.2017987875985,41.25080800799422,0,4,2,2023,mid,0
3,2,8,7.313315077799844,360.00757296335587,621.8318173484347,0.28739221389064906,2.2169993674866526,,7077.0,104.0,-109.26144710245387,272.16563010381253,2,5,2,2024,bot,0
4,2,6,8.468169534756273,395.36050836235705,701.1917559063043,0.30012658545352566,1.2462612617776703,5198.0,5196.0,97.0,17.401141442923773,-150.4089447958429,2,4,1,2024,bot,1
1,2,8,8.695124461887323,371.48678772085026,660.1369271427632,0.29311264328645825,1.4592808816093261,5865.0,6134.0,99.0,-356.6916671877048,-140.5851444749789,0,4,1,2023,jng,0
4,3,5,7.166092623536654,298.05252802096913,534.4052934884194,0.24554020857562683,1.1305339337389253,5648.0,6635.0,107.0,735.9617834943605,127.94470190405099,1,2,0,2022,top,0
2,3,11,5.339845604811259,253.71107427234597,476.04352612022217,0.2247807743795048,1.7137825846856993,5288.0,5596.0,70.0,-120.67416763243214,226.82794743538074,1,2,1,2023,sup,0
3,3,3,9.362001691240792,319.86635124155526,475.1077783178879,0.13699112487135467,2.0392075180439924,4986.0,5929.0,115.0,284.4023538166377,-583.8523685365763,2,4,0,2023,bot,0
5,2,7,9.061110210613181,448.6759494722753,384.07533731440117,0.2620862164828762,1.4879632104079392,5695.0,5550.0,119.0,520.529922770527,389.2012730711097,1,3,1,2023,bot,1
4,3,6,7.2596173677265865,344.68527742738445,584.4064882542492,0.30034649112942163,0.7734276308764423,4600.0,6272.0,106.0,22.708653047580214,,1,0,1,2024,mid,0
4,3,6,7.925128178545592,278.78423119071556,723.9155911025953,0.3309614699283897,1.9062020890890157,,5804.0,91.0,-344.6020343613292,292.39737877448664,0,1,1,2024,jng,0
5,3,6,8.057051069295396,336.888750594847,483.38096284002313,0.09772243336812486,2.164394871122111,6370.0,,99.0,-50.709617548846836,-153.02364563100014,2,2,0,2024,jng,1
5,2,5,7.678499080750601,423.3826651557165,545.515725582618,0.19691011134171932,1.2214713876974055,6202.0,,99.0,458.85632118723885,79.37124547247767,1,2,0,2024,sup,1
0,3,5,8.555230067738282,328.6227533307907,450.86247212288623,0.19311755072733533,1.5552287779375542,5853.0,5393.0,96.0,231.21243984821785,-444.8638515254049,1,4,1,2024,bot,1
2,3,3,7.57411290963007,388.6539502728593,566.0286130831857,0.10551112096930206,1.507050137085762,7178.0,6451.0,76.0,-368.46139308223155,-513.8870327749747,1,3,2,2023,jng,0
6,3,6,6.96307455394337,309.3179163026696,501.7305075605809,0.2831646953377971,1.1985352947510237,5067.0,6269.0,113.0,-161.78194534746814,547.2368231390557,0,5,1,2024,sup,0
3,1,9,5.92956357106817,335.60400011894745,384.88186152989636,0.36642699640939624,1.029274467171849,6219.0,6701.0,,,135.53962015882973,2,2,4,2023,sup,0
5,1,1,8.577467132692746,436.8248835487842,620.2257164925954,0.2127274827051705,1.2981533681875579,5898.0,6865.0,64.0,-270.6117602251885,77.87793410459939,1,2,1,2024,jng,0
6,1,8,6.361994538434138,293.41096721828967,379.0634350480864,0.28442926049873074,1.7674972364303783,5500.0,5545.0,,512.4625384721742,-381.52470807314273,2,2,0,2022,sup,0
3,2,10,6.5140158288528625,378.8779015674815,452.2916770391862,0.3855908920148974,1.5015452899969235,4925.0,6268.0,95.0,7.934776499389045,-320.82661975143844,0,4,0,2023,top,0
7,3,6,8.36678093927757,368.80177051282755,488.2843936005891,0.08349014138337515,1.577292751986573,5158.0,6025.0,123.0,314.4173024474937,131.97234938059972,0,5,2,2022,mid,1
5,1,6,7.718245514354045,416.88470555483195,639.7823141484889,0.19958508408570713,1.857564673232294,,5891.0,91.0,839.8050338078002,248.53050307621083,1,2,2,2023,sup,1
5,2,7,6.604079628870534,336.45666833709197,570.3648504580594,0.31861457811433735,1.6933898924716384,6706.0,6315.0,69.0,645.4093298693401,418.1060415751873,2,5,1,2023,bot,0
1,1,6,7.663495167815945,407.0692194316677,851.7563186648904,0.2689629801679877,1.0599770064630312,5634.0,5833.0,90.0,218.52803109311736,-428.9056668614333,2,2,2,2023,top,0
2,1,3,6.63070601368388,371.1449911041874,439.43267458138064,0.277754284993339,1.0230859298735504,5406.0,6171.0,90.0,-673.268251105746,298.37700640132624,3,0,0,2023,jng,0
6,1,7,9.648729560177287,424.40777370906756,459.91306078804564,0.2417307667763343,1.3609773963811522,6336.0,5358.0,116.0,-236.5644324751508,430.1817319114344,0,3,2,2022,sup,1
1,3,7,8.318630273589047,383.1624536896146,355.8016581577132,0.24958604053441794,1.269164770246895,5269.0,5148.0,90.0,767.0802350584087,72.45338223529166,0,1,1,2022,top,1
3,2,10,8.582022376420076,474.5783682875684,807.9737420371789,0.29423721614425563,1.7696347817842613,5428.0,5675.0,105.0,506.0218969908672,362.3604869727808,2,6,2,2024,jng,1
5,1,8,6.3318225973333515,359.32757537291155,535.7503615897735,0.24945967787985307,1.0017867517445156,5820.0,5899.0,110.0,569.9603862938615,153.20495704825242,3,2,2,2022,sup,0
4,2,4,7.9994687907381525,347.92009404055705,558.0665960669427,0.1621663413792511,0.8099257278532553,4846.0,6115.0,126.0,-124.7343646773197,292.0590094684306,2,0,0,2024,jng,0
0,0,4,7.700552223018553,317.9955180871998,494.2462462066541,0.1980056944146641,1.670010802600588,6104.0,5329.0,121.0,1085.679650200987,-79.06271138920292,1,5,1,2023,mid,1
5,6,6,6.195755595527116,376.46604663637396,480.03594992374684,0.19581584149396986,1.1250183803114027,5781.0,6661.0,107.0,310.059133067051,,3,2,1,2022,sup,1
3,3,4,8.769322870100208,419.9502448221257,655.7291813467101,0.11266620493848119,0.8582373044543864,5531.0,,92.0,-116.09179033576282,1086.4275896659756,2,2,0,2023,sup,1
9,0,6,8.131542867956984,341.04961496417627,458.7830853516922,0.07302082029638529,1.578544845597909,4949.0,6134.0,76.0,541.0528289665426,,0,3,1,2023,top,0
1,1,4,8.290287209263978,398.86674699235857,406.65504083622625,0.3376606952649648,1.0873337943755543,6523.0,5533.0,114.0,-51.640287209134755,127.58407335512432,0,2,0,2024,bot,1
4,5,8,8.073657255366715,388.3550923646678,468.95771162833546,0.02,1.2634113647991974,6679.0,5971.0,88.0,750.4817749427721,-131.83744317181092,2,2,2,2024,jng,1
2,2,7,5.500726639359784,381.10794683487194,481.10778129507713,0.2188869388614719,1.5894869532865206,6115.0,6374.0,96.0,-500.9417126448341,-733.7888269928346,0,3,1,2022,top,0
4,0,6,8.649188238862404,424.3601705145765,457.28179108635106,0.24047154241253754,1.4378968767132896,4702.0,5635.0,90.0,164.080021573801,-304.98870642624604,4,4,2,2024,jng,1
3,4,6,7.911347001345259,404.5845141222489,489.5034863717035,0.14828330131973289,1.0436634317101077,5564.0,5677.0,116.0,,746.4955570035796,2,0,1,2022,sup,1
3,1,5,7.180956257078951,319.8186232826769,429.8389141425202,0.19336047075869553,0.5633576164177564,5168.0,5827.0,81.0,-296.72542519331046,-255.44876120837338,2,2,0,2022,bot,0
3,3,6,8.925643596584594,391.30597155190264,516.8701698830976,0.3051584102007603,1.4637293645710885,6584.0,6756.0,88.0,92.74122240527906,335.24635691568346,0,1,2,2024,top,1
5,1,5,8.710180428029036,330.03653395684995,519.1759063468262,0.2303343649775291,1.4697261878017434,6342.0,6225.0,127.0,-418.3573037649668,-72.88052284963885,2,3,0,2023,sup,0
6,0,4,5.756478749271035,313.48580744197307,685.1726969892479,0.15296086282818022,1.940599885891531,5595.0,6096.0,88.0,613.7524233259957,-30.05099571525599,1,1,3,2023,sup,0
2,9,4,7.208534933862374,399.9749462241147,497.26980557489696,0.17721455327613672,1.4762101058093695,6195.0,6200.0,86.0,291.21963552598334,-92.03644602292349,1,4,0,2023,mid,0
6,2,3,9.41703752338016,383.474542415414,489.7365461761566,0.23175588906327768,1.4322231559695784,4281.0,,89.0,-682.2604751339306,-85.52213163674867,0,6,1,2022,mid,1
1,2,9,6.2917778592358795,340.4069455812411,629.431854135599,0.2767542536637712,1.5525288741399845,6260.0,5881.0,82.0,-509.6263961700269,800.98182115987,0,0,1,2023,sup,0
2,2,4,8.053169888187005,478.46650480698565,357.42737939971545,0.20320363827148083,0.6927653395285467,4327.0,5744.0,76.0,536.7179379636773,331.496844311663,2,5,1,2022,top,1
0,3,2,5.759835717403055,340.55540709035506,622.3868430489094,0.28979443358778323,1.4806039367477295,5864.0,5663.0,95.0,-112.74720172746049,-93.7941895998165,0,2,2,2023,mid,0
5,2,7,7.862911448757637,325.6522847444861,697.5296774614641,0.2281197194630093,1.0201936555446283,4570.0,6420.0,106.0,-101.42976965138003,60.72282718267651,2,2,1,2022,bot,0
2,1,3,8.575452849844826,411.33645297033115,409.49545980195353,0.19491040381591038,1.9127251539658943,5911.0,5010.0,111.0,-607.9627686837696,,2,3,1,2024,bot,1
1,1,7,7.370988084634247,375.50943660476594,559.3285230084945,0.1414184617550941,1.7590241490486616,,5357.0,95.0,-36.91841697465542,476.5075487345093,0,2,0,2022,jng,0
4,4,7,5.707890774209227,495.3340678306124,384.73995027460137,0.33110522262939823,0.9534937079343954,5631.0,5770.0,109.0,-466.7265620115549,467.6867130082728,1,3,3,2023,mid,0
4,1,4,7.27917041374976,390.9767555318509,528.0509923498535,0.16444113882923062,1.2414038095949567,6392.0,6560.0,92.0,,-100.42678016178569,0,0,1,2022,jng,0
1,3,6,6.830682178047169,291.8751112266653,320.8204872732922,0.14762581359936228,1.3550567639115683,6190.0,5274.0,105.0,-629.3243117653973,-170.404713011528,0,5,1,2024,jng,0
3,0,7,8.910814662441382,311.1334423794098,631.1612951467749,0.30392601700148464,0.9363878305158297,5181.0,5615.0,85.0,188.38611521448914,240.97365981173118,0,3,1,2024,bot,1
3,5,3,7.595443730471809,324.9289968542277,683.442290425492,0.25304657004452064,0.8265123767616847,6592.0,6087.0,123.0,799.4987768333872,92.57643622455626,4,0,1,2022,sup,0
2,1,8,7.367208042632553,349.0362405068636,466.7066517794783,0.21568129786517928,1.3950279635855265,,5817.0,95.0,138.63684704524775,-136.36752807388024,4,3,1,2023,bot,0
4,2,6,5.490619423492646,450.3669885137285,702.9851551681047,0.3921151649905277,1.4657163545240532,6396.0,6016.0,92.0,115.08334483465765,357.0219468487619,3,1,2,2023,bot,1
0,1,5,8.901778836631543,323.07854260575755,552.9401653492445,0.29292077774470926,1.5891067403197372,5391.0,,137.0,99.01961444500103,-314.768403198409,2,0,1,2023,top,0
3,1,4,7.142147263975096,340.24542745370803,386.81432418882935,0.29197156934161295,1.8874187029635925,5530.0,,122.0,325.9221474127217,137.7873259270857,0,3,2,2022,sup,0
0,3,7,6.654337181771223,331.13568565395235,567.170651900703,0.08544085525203551,1.606537054081727,7001.0,6506.0,93.0,397.3820047076331,28.602661748876187,5,1,0,2022,jng,0
7,3,3,7.213028503988457,298.2776425627014,781.3257145730543,0.20240381820894282,1.3951514493635073,3736.0,,97.0,417.8194089303268,367.7044548344602,1,2,0,2022,jng,0
1,4,6,6.060024178682863,386.7272432849535,552.650618219768,0.14209272678224436,1.5900105210799593,6320.0,5670.0,97.0,119.64149420928362,159.3824786045712,0,4,1,2022,jng,0
0,2,7,6.242544972650031,353.9533169374489,767.6771929505019,0.2637020764854211,0.7724577401161592,6756.0,6073.0,119.0,-11.737258275343592,21.199393914701005,2,1,0,2023,bot,0
3,0,9,7.470220405928241,502.00437391885816,470.3182700990562,0.24501294195615028,1.5028857997630982,,6582.0,107.0,4.892638944968013,139.20194048606234,2,7,2,2022,top,1
2,4,8,7.626228662460124,367.78786056430624,534.0480990718198,0.1863757166079751,1.4648603750371791,,5995.0,91.0,-200.46878154682548,,0,5,0,2023,sup,0
1,2,6,8.179413320696804,310.76305650256273,512.2128161903074,0.45395261258456654,1.2247582739647607,6376.0,5497.0,92.0,204.7145748464298,-146.79839655060215,0,4,4,2024,mid,0
6,5,4,8.727049084214597,327.9714378970543,629.6500259448638,0.1023114296636035,1.1740623836781634,5432.0,5966.0,103.0,161.16293031989062,-574.4630921143178,2,2,2,2022,sup,0
4,2,3,9.73196298702696,435.2084556873739,679.5110999733414,0.18306135952513353,1.1635960864605734,5482.0,6498.0,109.0,341.9776594402086,-412.51656169278783,1,1,1,2023,sup,1
2,3,8,7.349942686758448,357.01849043998794,434.1398080195569,0.02,0.5362199386717954,5523.0,,83.0,22.355284826862885,-23.623135822800926,1,5,1,2023,top,0
5,4,3,8.167843833143163,403.023849398595,462.5975651141495,0.18421159213830962,1.5702869688092276,7009.0,5767.0,112.0,-460.0297453623177,98.33572318857681,4,2,3,2023,jng,1
1,4,2,7.327275738326891,395.5908050531541,367.8218145076403,0.13806901554273343,1.7349950665673737,5058.0,5534.0,111.0,720.3175524399019,70.97363284790046,2,4,2,2024,sup,1
5,4,5,7.731719018105166,370.28548872453314,464.51658155555026,0.22235126769985583,2.0911825785581004,6545.0,6160.0,111.0,39.76794535173393,116.90520445964972,4,1,0,2022,top,0
1,1,6,5.520029416661813,330.9280963179485,454.78542272661343,0.17989397510482247,2.2741205288059922,5924.0,5039.0,85.0,,237.9756820185264,0,1,0,2022,mid,0
2,2,2,8.513808739447342,305.1677617841546,697.9130129948018,0.2905719355658568,1.664998897654039,5817.0,6534.0,97.0,267.27611794513837,-338.54742945749985,2,0,1,2022,top,0
2,1,7,8.335476201570733,395.6498797208225,553.9360991451714,0.2777789755197382,1.0273630745910063,,6125.0,109.0,171.27649267675383,460.51994791526306,0,1,2,2024,jng,1
2,4,5,6.906875974473763,354.9908458178158,425.38668229411905,0.1215358763453342,0.8541905951113048,5849.0,5933.0,,548.8935128710169,177.77443994588586,0,4,0,2022,mid,0
3,2,6,8.019018055470447,296.83501338130367,479.3130235159422,0.30366088474713454,1.4313736083569324,6229.0,5808.0,110.0,-259.26955996608336,-43.083610737928495,2,0,2,2023,sup,0
3,3,9,5.86303251038607,422.3116727848328,636.6056841231451,0.2624594672868245,2.218092657392524,6177.0,,95.0,4.758366850394879,-93.84978807922622,3,2,0,2023,jng,0
1,7,6,7.0715471690644645,391.2241711295851,665.5814223448585,0.30819544240767976,1.266417471140853,6511.0,5776.0,84.0,-28.679225864789146,305.6365644170802,1,2,0,2022,mid,1
3,1,9,8.766778219676912,402.5920990245088,374.8240354665877,0.23668423771104236,1.3391369682069891,5242.0,,103.0,682.3772236842949,608.4357997796996,1,3,0,2022,top,1
3,3,8,8.442989640928747,315.0220071171324,575.232458043107,0.22380874143089316,1.2204484451829392,5632.0,6699.0,121.0,80.27332487994539,-29.683468900884954,0,3,1,2024,bot,0
1,1,7,8.308265584538404,365.51634495501463,636.1574513179137,0.3548812252091067,1.3488900043362677,6425.0,5917.0,115.0,383.22679241046467,487.8336861973962,1,2,0,2023,sup,1
4,1,5,7.572820981875286,331.83904871804094,522.0523948317166,0.12310540733675734,0.9367192855672667,6501.0,5692.0,87.0,,-140.1850853296204,4,2,2,2024,mid,0
3,1,3,7.6057416832929094,416.27208484638913,570.0954013501695,0.2769215392107206,1.8395210643320619,3780.0,5323.0,79.0,-285.2208597351346,157.91515110204082,1,2,1,2022,top,0
2,1,3,6.416040120280717,422.43382103636094,252.5027750058328,0.16783474382069924,0.8101325281662229,5479.0,5853.0,96.0,257.7532658566195,726.3583363438842,4,3,2,2023,mid,0
4,5,7,7.00252458377948,382.6073691418562,473.3199658846735,0.2154669002059994,0.8872421102568798,6209.0,5215.0,112.0,,-620.605483787272,2,3,0,2022,top,0
3,1,3,9.085449308132885,425.0039116711477,605.8427666547434,0.2602290554746195,0.8243751816025469,5677.0,6291.0,83.0,14.389840242186892,,0,2,0,2022,top,1
1,2,4,6.852569809925878,305.5316282344645,613.7848560121378,0.14257911347075294,1.0874529678575469,6328.0,6171.0,87.0,,-238.24753621309247,3,5,3,2024,bot,0
1,3,10,5.513856446337178,494.74973817179927,384.41507531852324,0.17856741134165952,1.4291813167123926,6420.0,6514.0,107.0,,-168.28625442076606,2,1,0,2023,jng,0
1,1,5,6.578044491870756,342.88503870857915,329.66856208940845,0.09458814968368143,0.9064072987243968,6097.0,6050.0,71.0,-41.433557020724,-329.72737074231947,3,2,2,2022,jng,0
6,6,7,6.052458970427909,400.85300757663066,518.7972168871391,0.22297739631468166,1.0862776400281846,6075.0,6139.0,120.0,-1306.9451251169687,-92.37266487343362,5,1,0,2024,jng,0
2,3,8,7.918865365044461,323.44911448127004,199.91098520611155,0.287588417677843,1.1194101733994315,5156.0,5671.0,109.0,-139.77846318451049,-433.9698719568893,1,5,3,2022,bot,0
6,1,5,7.7473080566647505,388.3711516836243,607.2514550346236,0.23665299631213665,1.7560685661874316,,6698.0,115.0,231.36259151879818,,0,1,1,2023,bot,0
3,4,5,8.982919375958863,329.5247012129225,488.1100200744469,0.2420743486251151,1.4271555726089167,6332.0,6223.0,96.0,-138.06038026490546,423.7935730640792,2,2,1,2024,bot,0
4,2,8,7.9193626112442645,357.8700695711293,416.5457431342256,0.11771363853808134,2.016661853539519,,6814.0,82.0,552.3998627610837,185.1612895487333,0,2,0,2022,mid,1
0,3,9,7.727431837602648,281.71457633377094,523.6652311411283,0.19026859791115466,1.4376677578012533,4626.0,5485.0,87.0,285.2707780451935,423.4556689688503,1,1,3,2024,bot,0
6,1,8,6.8594262140353734,343.8400453384404,708.2139496004995,0.32674799651330394,0.496842758582144,5102.0,,140.0,376.6797788495284,-27.958620438955847,0,0,2,2023,bot,1
3,1,11,8.239244092257795,439.6114136522916,469.8248854125326,0.24716301665985507,1.5580956723618316,5870.0,6026.0,99.0,-242.99300346913392,548.7068990657376,4,1,1,2023,bot,0
3,4,5,8.13447704766683,421.5745564908009,606.4180874582612,0.12236267021639319,0.8797031546703862,6530.0,5854.0,81.0,624.9610553664484,750.0162984051274,1,2,0,2022,mid,1
2,1,5,7.0776176403668165,432.2206305075814,633.0278307777334,0.19317213150730148,1.3583173212020447,4875.0,6136.0,,504.72094637097257,-325.02974526668476,1,3,1,2023,bot,0
2,1,11,10.149864203445999,401.83087929913876,472.153404420201,0.18140809998558194,1.1455345807964152,6237.0,6521.0,71.0,-135.42463155328278,455.3081944449737,2,2,0,2023,sup,1
0,0,4,8.173743270708446,332.53684899578116,678.5754820304625,0.26631355134977897,1.6484267542227382,6752.0,6138.0,84.0,-213.8621023056028,-431.3568966898425,1,4,0,2022,bot,0
2,3,4,6.516718992824732,305.4325127815643,541.7892226323194,0.31144641687604674,0.7968594261763058,4884.0,4891.0,91.0,325.07880513521894,-546.1654130835415,2,4,4,2023,mid,0
1,0,3,9.551691878972433,428.3533262027128,585.1694114777123,0.10831872509108327,0.8802603042867959,5881.0,4763.0,95.0,-107.11348114038088,252.38465234631627,0,3,1,2022,top,1
4,2,2,7.5694515702435465,272.1151608519856,602.0684186286237,0.19732717483990975,1.2398163498382064,6267.0,5458.0,109.0,280.3681743433149,103.4580699600217,0,1,0,2024,sup,0
5,1,8,8.277908286832043,331.7665028066803,527.4491845920396,0.2785850777509738,0.4882326575309526,6122.0,5271.0,118.0,-106.70799723222952,453.6179857007528,0,3,1,2024,jng,0
4,3,10,7.512131200167361,425.6847128708679,440.9808165412967,0.19174943405625142,1.1708668246557103,6166.0,6968.0,112.0,-367.884912815974,-884.2550141654233,2,5,1,2023,top,0
5,1,2,8.28322004301034,330.5294609426605,615.4495137519747,0.3257100645462969,1.0481395770838104,6276.0,6997.0,95.0,-216.05899423078273,397.0361856633288,3,1,1,2024,top,1
2,2,9,7.017715985156036,355.79740483656434,628.946582647108,0.21342539994204862,1.0190681538198694,5278.0,6421.0,109.0,,-33.64990842152037,2,2,2,2022,sup,0
4,1,6,6.560357523711606,402.6297248909444,531.4061466278805,0.12874610827454375,1.6519367190584109,6090.0,6573.0,109.0,119.12901542150857,482.22363564808416,0,1,2,2023,bot,0
1,5,5,9.167925301370744,498.8397013707206,483.1590899326172,0.2011109348356635,2.143913653275504,5715.0,5858.0,81.0,-573.3588188496946,-278.1320129410051,1,0,0,2023,mid,0
4,1,6,7.98346963753548,362.71176519095275,100.0,0.14504294853821936,1.4750329707921346,5276.0,5619.0,75.0,227.4990690381071,-14.12447576753712,4,1,0,2022,jng,1
1,1,4,5.465765513707328,484.3392048322183,396.08440090606973,0.16768121734627733,1.5528417585587604,6238.0,6914.0,142.0,679.9508740235326,-237.09610951293791,1,4,0,2023,bot,1
2,3,5,10.564999483922133,503.9112861139446,579.4502930565808,0.29699970569779716,0.8903283526432979,,5708.0,54.0,390.5003424911822,309.93905587360587,3,2,4,2024,jng,1
2,3,4,9.37435085058356,334.5006061334328,513.0762910212424,0.17475839119284262,1.1356386018989655,6273.0,5547.0,,-58.37422687051958,585.2813551959453,2,5,1,2023,mid,0
3,1,9,8.216418641962303,391.45984715073644,583.0586805154351,0.21035622861249192,1.1298681194666529,5311.0,5422.0,116.0,-731.6128616360625,-682.2271394467009,3,1,0,2022,jng,1
5,2,7,8.538597602499529,447.84600721043535,366.52888458246986,0.27881566046293044,0.7166595142519367,5094.0,6280.0,120.0,-166.39483351193417,-38.69264042875631,2,2,4,2024,jng,0
6,2,8,7.88205123319374,444.5915929028515,681.2217404765124,0.16523756971557876,1.4578552768357305,5915.0,5486.0,83.0,199.84289408763698,676.8742115316309,0,1,2,2023,jng,0
3,2,8,7.7266504578240776,450.0078590620306,485.90797339705296,0.26304715213163243,1.8114544192761293,6068.0,5895.0,123.0,,154.85947390970549,3,2,0,2022,bot,1
2,1,11,8.742422279841136,412.802840825574,687.920609042761,0.2759115819791853,0.3,4929.0,7990.0,92.0,-392.60724733155575,145.93720036513776,3,0,1,2022,bot,1
9,1,7,8.596307207870169,293.72433687356414,495.4642899026249,0.2072429959566645,1.7223616379825124,6073.0,,111.0,-315.2694630916616,-38.18309812084436,2,2,2,2023,mid,0
2,4,4,9.800240633581684,394.61068839233957,732.0343084556041,0.07025576840723702,1.5275282225293987,6217.0,5659.0,75.0,-1018.7977464028553,629.4024759128737,3,0,1,2023,sup,0
4,1,7,5.409804168130095,400.2059717994484,492.4176541460315,0.20902184201970217,1.2665847908543924,6490.0,5682.0,100.0,597.9996707771975,-739.2361746719199,4,4,3,2022,sup,0
2,1,6,9.11915147752207,418.3467160759482,399.9935803220218,0.28061594992043437,1.4938649036574467,6269.0,6119.0,130.0,469.3169304014291,436.67304691564203,1,4,1,2022,top,1
2,1,8,6.571709168282709,366.6161782658302,565.7119086651019,0.22462251076980394,1.4379382509402667,5806.0,5730.0,96.0,-1035.6129081539696,148.20263498816968,3,1,2,2024,mid,0
1,1,9,6.601334303796855,376.06267707457704,423.7144112846363,0.19358055796085905,1.9593426128339284,5920.0,5728.0,69.0,304.63987710798125,419.26053133246694,5,2,3,2024,sup,0
2,5,2,6.18664528798741,297.80406132803614,695.6543853835349,0.11590590659852937,1.7618218093221172,5554.0,5900.0,107.0,-290.36489319474185,-110.83093456792781,4,2,1,2023,mid,0
6,2,2,6.821153234489011,386.4246567465068,435.40909346550507,0.2660940233971667,1.8844349318574196,6048.0,6405.0,91.0,,49.00798000877188,2,1,0,2024,bot,0
1,4,9,8.549988394722204,329.1756902784194,504.97398879414993,0.29779506982497145,1.6464262909325291,5180.0,6124.0,81.0,-149.77392157489314,-628.9449417525426,0,1,1,2023,mid,0
4,2,9,7.897077763996481,245.47794304862128,856.4631976958158,0.1482405450235208,1.2524874365063774,6090.0,,114.0,-453.97828580372357,,1,4,2,2022,sup,0
3,4,5,9.188597095344994,390.1297712107638,415.9343499269529,0.08052003063145788,0.7286517947440405,4967.0,6114.0,107.0,,1178.739350400306,2,4,2,2024,top,1
5,2,3,8.494849437066902,392.4101540633148,511.99438359755067,0.1720729452948248,1.8361504330318958,6561.0,5357.0,107.0,47.81637795457996,,1,2,1,2023,bot,1
2,3,6,5.2552036428074835,352.8438783241332,445.3494895241519,0.28129481725663225,2.1988436366530846,5922.0,,86.0,-50.64243535699772,128.43053028052347,2,1,1,2024,sup,0
4,5,10,7.519457108323352,336.8331968980291,798.5766729439258,0.24122764229835508,1.184424913786166,,5467.0,108.0,-134.1009152697297,-309.0898112014222,0,1,0,2022,mid,0
1,4,7,8.14986077771815,307.2021970586577,547.2009798205561,0.2472995827486457,1.253680760656711,6412.0,,126.0,-205.34837742202313,87.24681973903861,1,2,1,2023,mid,1
4,4,8,9.820190301824061,384.9461920923471,603.6511179124643,0.2840694738648216,1.1191669105790576,4940.0,5696.0,94.0,228.37863055371034,788.1063593608997,2,3,0,2022,top,1
2,5,5,7.0846903282608125,371.2109660173016,395.0913079543851,0.22375381377294276,2.0788259744858926,5818.0,5204.0,102.0,485.0812809424663,0.5277539118054619,2,2,3,2023,mid,1
4,1,4,6.4673695427758515,498.61576278605344,625.011013450805,0.20256526170217357,1.4102878997327835,6003.0,6526.0,85.0,791.8257380023693,315.830545931563,3,3,2,2024,mid,1
3,2,4,7.642702749665016,324.2047075063886,851.0406686174015,0.3172852581509379,1.2464259459614653,6174.0,6227.0,106.0,63.31004694077882,-81.0326884491112,1,5,0,2022,sup,0
2,3,6,9.305337891214275,262.85757348187207,438.96783231538666,0.14869350780313567,1.762420356917051,6060.0,6450.0,115.0,-201.8966368635941,-477.2511778015812,0,3,1,2024,jng,0
7,4,10,8.65924378700364,418.9364937158038,496.36271927211664,0.34279358147409966,1.3129453602662164,,5151.0,95.0,485.99240528956085,437.7557620804836,1,0,1,2022,jng,1
3,2,3,6.603398227891053,381.46547250048667,783.4239547890405,0.11662997732015322,1.3927097681958314,5590.0,4718.0,89.0,764.6272680113555,18.4448482892533,0,2,0,2022,mid,0
4,2,4,6.77737956926153,415.0153939665769,439.9040203995626,0.4133892946443932,0.9799744345151808,5742.0,6208.0,96.0,44.47274198681475,519.1709312324351,1,4,0,2023,jng,1
5,1,10,7.910730109574017,408.65988145060226,546.8034342345122,0.2809600619732239,1.5214880661212722,5980.0,5565.0,61.0,,-203.8068923241177,3,1,2,2023,mid,0
4,3,13,8.231607455816276,400.7973140719694,567.7528675334742,0.2021974565856347,1.428278191759349,5859.0,6528.0,97.0,-123.15777220688582,592.1429997120982,0,1,1,2024,sup,0
2,4,9,10.190444676736035,392.15983116096197,421.59762753312134,0.25523473611194486,1.8021757955105815,5539.0,5987.0,124.0,296.9687459433275,,0,0,0,2024,top,1
1,3,3,7.240480394367576,374.0733523024151,450.83835923653675,0.25185207460644554,1.1320030133218093,5409.0,5792.0,66.0,263.7243162079304,320.53641560728374,2,6,1,2024,bot,0
4,0,3,7.465368097711422,386.9089184626977,659.2633611650976,0.0640863263833299,0.9997860550762132,6637.0,6170.0,,542.1931318687684,-30.38849907050414,2,3,1,2022,bot,1
3,0,6,9.590987388178535,415.3856204252093,504.6337102217374,0.02,0.8042059941772242,5473.0,5042.0,102.0,438.3369614078873,316.7135742281334,1,3,1,2022,sup,0
3,2,4,6.548167765934047,421.5379051566783,738.2013961131618,0.32329159722709183,1.2457243725166227,6917.0,6388.0,92.0,727.664433968994,-81.46338161290561,1,4,1,2022,sup,1
4,2,9,7.314008284257566,383.64123760872627,322.0667699172849,0.26856017976478785,1.7869097679800556,5689.0,6566.0,126.0,473.39407262618374,-135.47498061833005,0,1,1,2022,mid,0
4,4,6,7.363677319070729,300.8958170318498,587.3864107480863,0.2870779347771192,1.6701583590234486,5309.0,6118.0,110.0,,261.60030691805343,3,4,2,2024,sup,0
3,4,4,7.090769672390163,441.64859953127734,477.5202164561207,0.20270587546067909,1.796212251077351,6356.0,,98.0,559.4891299748492,,0,1,1,2023,bot,1
3,1,3,7.079978737755175,309.01186359148534,656.0768310727751,0.36714405925241467,0.8759922986380753,6923.0,5184.0,94.0,257.51742085782985,11.603513474743963,0,5,1,2022,jng,0
2,2,3,7.35991910231629,355.17784905968995,642.8787383279487,0.20433740879642756,1.326835413310624,5718.0,6329.0,100.0,-118.10632769460823,-103.12654400654071,1,6,1,2024,sup,0
1,3,4,8.346855080003543,302.2545851242595,489.499679920512,0.12187160142582992,1.0517804342443984,6776.0,6059.0,121.0,377.4380713406455,543.3733665638365,1,5,0,2024,sup,0
4,1,4,7.248201315857432,412.1386780684638,488.14551951218476,0.15646320373123518,1.4593771474578972,5973.0,6374.0,123.0,-342.8501090123104,,3,4,0,2023,sup,0
6,1,8,7.191954222431008,404.87559891564695,525.5256080386084,0.030959166104942593,0.48376559030499955,5543.0,5529.0,119.0,59.436780326209,,0,3,1,2023,jng,0
3,2,3,8.318123966820712,291.0693091367159,519.905514790276,0.1844747008750133,1.9761306679731363,6234.0,5775.0,99.0,599.0275649088296,332.26268338037687,1,3,1,2022,mid,0
3,2,5,8.566926537846733,325.89446987970837,538.7920739286084,0.29667899715311163,0.9234797072701417,5481.0,,83.0,364.3834520476445,8.213915716224086,0,3,1,2022,mid,0
4,4,7,8.082178861373986,305.2390020787594,438.14366529207035,0.1771256189091808,1.320952961871888,,6105.0,101.0,-95.74661274161107,-27.67392549343257,1,4,1,2024,jng,0
3,5,6,8.255498319032121,409.70277771260277,667.8640810963559,0.2907426509175282,2.091241532565263,5027.0,6180.0,81.0,361.7503323216308,,3,1,0,2022,jng,1
4,1,3,6.9498825912615265,336.7023219712376,566.6414751296059,0.19088344999984105,1.6505334616441016,5679.0,,96.0,-294.39545945520456,-754.0238987698963,4,3,1,2023,bot,0
5,1,8,7.089098175099851,327.0271689713411,251.8565080407231,0.21878336501978857,1.4997854504463515,4360.0,5495.0,84.0,56.20425574256103,102.60394790165032,3,1,1,2022,sup,0
3,5,7,7.197344091207295,410.46490442158586,405.4249917562461,0.2575998650575015,0.9638023073568023,8378.0,5878.0,90.0,,755.8694603196177,3,5,0,2023,sup,1
5,3,7,7.544823616299246,266.20780656548834,731.4415468260388,0.3245941696199931,1.8732835016849463,6117.0,6484.0,81.0,-1107.5980267811453,741.8734926603106,0,4,0,2023,bot,0
1,2,8,6.8080543635688215,342.1220668748196,557.5220872951448,0.26085305686861526,0.8957878301405244,,5191.0,103.0,-180.63668292641358,350.5534056802089,2,1,1,2023,sup,0
5,1,9,9.086043577341956,440.12527798806644,495.9398412261402,0.2218677073394311,1.0557659281855947,5259.0,5545.0,83.0,-301.53971471647793,-194.62051477215059,0,0,1,2022,jng,0
2,3,3,6.158240305096966,425.85686398217575,463.32622643656856,0.39239440747200405,1.6658992518031384,6131.0,6017.0,88.0,-170.05545243666887,160.18782657256642,1,3,1,2023,jng,0
1,2,4,6.3467535312716015,414.9737308327393,609.2382215576849,0.25473171174317033,1.4980661709313734,5957.0,5322.0,115.0,187.8795732567334,115.9174690160191,1,3,2,2023,mid,1
3,2,8,9.546753008923806,388.76748904885443,577.5550946109089,0.1818926112045228,1.5105571943866734,5246.0,6476.0,87.0,21.70287076703835,26.25441484250493,1,3,1,2023,sup,0
3,2,4,8.82936839255365,387.7477838599677,521.1672901059687,0.14886722206112118,2.0779689697272525,5507.0,5514.0,,89.2309644676096,573.2546754511416,4,3,0,2024,bot,0
4,3,5,7.1044944181672935,304.0089047625542,380.6242964348745,0.2274373407977784,1.2982370643012033,,6528.0,94.0,-469.82964005934224,-43.55071601980421,1,1,1,2022,jng,0
3,1,6,6.588401433963944,298.8839885265206,547.6953327457585,0.08527731332825572,1.574449445825465,5866.0,6570.0,100.0,-167.47857099132676,19.72654218850623,2,4,3,2022,bot,0
3,3,9,7.413480224377629,451.9259131648132,578.1023559212218,0.3737113583453505,0.5412541590240352,7346.0,6714.0,92.0,428.20816158537906,-10.398613355289427,1,2,0,2023,top,1
4,3,6,6.6504685882465555,381.0981843863806,721.2176219774573,0.33914459924485507,2.0103983381906723,6524.0,5729.0,114.0,108.0712740373465,-60.55991494358588,1,3,0,2022,mid,1
5,0,8,7.613762984188272,302.80247047255097,627.2686108085128,0.40149913601539233,1.6993844754403118,6320.0,6322.0,94.0,43.951440870312894,1.167656768301086,0,0,1,2024,mid,0
2,3,1,7.203023207042341,398.4093654198602,682.84392034903,0.1545764540785619,0.9752892350079668,5905.0,6265.0,114.0,375.5521851230371,502.19213773903334,1,4,1,2023,bot,0
5,4,4,8.388657251492422,395.23498631972404,542.0661323045472,0.24437605242923116,1.8520144241678331,6748.0,6428.0,108.0,-133.33053786994145,368.5867653787511,0,4,1,2022,sup,0
3,2,6,10.151651069565348,432.8478774107374,366.77754880640487,0.35520358715122435,1.5061856322512683,5934.0,6593.0,89.0,433.28561929379714,288.19554675740295,1,3,1,2022,mid,1
3,4,4,11.171483746097854,460.1313045555289,395.84314881604854,0.2791972454882017,1.128614715849811,5211.0,6277.0,87.0,257.1357798263395,106.04513071416548,1,2,0,2024,sup,1
3,4,1,6.902148777164771,322.8276466888687,353.6835771112926,0.2076617887711506,1.1452572310838554,6561.0,7043.0,114.0,-450.30482339732185,,3,7,0,2022,mid,0
2,2,3,6.9841420180619025,332.2622582649457,531.6209553717297,0.2352321743420931,0.8686132681945283,5106.0,6103.0,113.0,-1106.876403903186,-893.6635092994842,3,4,0,2023,jng,0
3,3,4,7.8506215868077796,328.08556274714135,392.45375872107024,0.09175537562130462,0.7167296108659171,5983.0,,95.0,98.51183587494864,-181.20020447965888,3,3,2,2022,jng,0
3,2,8,7.91216757643251,439.24712056381634,302.55110122212676,0.2389990727203452,1.3730740040517648,5898.0,5546.0,99.0,249.39933769615257,24.42096889874165,1,2,0,2022,top,1
3,3,3,6.8472224382128335,346.3200556213834,564.1494364347516,0.2688319559532206,1.9564728760940695,5518.0,5840.0,95.0,,-238.39323592636703,4,3,1,2023,jng,1
4,1,7,6.586466598875609,339.97848921458905,621.1329515739405,0.32474682258725796,1.8862708294801769,5848.0,6984.0,99.0,322.3701223591373,-134.15891074208304,1,0,1,2024,sup,0
1,2,5,8.053776512271575,372.84241752337323,583.8912527836018,0.10081080837057481,1.2254854674408384,5845.0,5968.0,107.0,285.3247372202395,792.526967960185,1,1,3,2022,jng,1
7,3,4,8.089502442846447,410.25030427324543,290.2708216398222,0.1685136505286407,1.8460948001868693,6081.0,5927.0,106.0,-80.64351125353556,-326.6685017458344,0,1,2,2022,sup,1
3,2,9,7.279453713408891,409.2940106208184,562.1088083799979,0.31426061988701354,1.2664178372236432,6726.0,6796.0,,-3.8471875487762475,-293.23656636533167,2,4,1,2022,jng,1
4,3,8,8.365487569605316,387.33313754073004,636.2736308897163,0.306155829889572,1.6497472904509631,6567.0,6815.0,,161.13412269859174,-58.11822388518492,0,2,2,2024,top,0
1,1,7,8.565826385451498,344.36742698145247,303.5835539953081,0.3182605911151424,1.0304828287700951,5922.0,6110.0,82.0,615.4974711170822,,1,2,1,2022,mid,0
6,3,4,6.7468133012909455,343.5855148921846,435.62354837302587,0.19073488125957913,1.2673537052225852,6058.0,6259.0,103.0,111.27564755276546,206.94943041247,0,1,1,2022,jng,0
3,3,7,9.809545103276378,257.6462311144616,680.1515988460869,0.24264009685865123,1.6773127290489656,5622.0,6573.0,85.0,-557.4764552719012,-263.90957774204344,1,5,2,2023,top,0
5,3,4,8.06824703517878,325.0615221613302,384.6001447043643,0.1635091411102624,1.650841816627674,5386.0,6589.0,72.0,-143.41290659556924,-383.9208351235777,0,2,3,2024,jng,0
2,1,4,7.027803943785244,431.26295543087275,418.9939634843064,0.24539732832530847,1.762543796028327,5929.0,5036.0,105.0,74.27323357809038,-240.32982570463685,0,0,0,2022,jng,1
1,1,4,8.70744604096024,211.57723769273753,617.3432262717021,0.17243605837200876,0.47122796992642335,6548.0,6122.0,101.0,-15.303941744515782,-348.3228275363046,2,5,1,2024,top,0
3,2,6,6.45176873755511,284.418303935393,570.1128303143812,0.24363413402861886,2.1611931631269092,5594.0,5631.0,123.0,145.75058913931986,-597.9857270272859,3,4,0,2022,bot,0
5,5,6,7.507230665125072,510.4475801428448,594.8393461548825,0.2727499566795119,1.561964626178634,5336.0,5114.0,68.0,354.3468686694039,562.3076086554488,2,3,0,2022,sup,1
4,1,6,7.3806002462626035,312.7793285768433,335.0354797492951,0.3245257376736459,1.3020427801663603,6112.0,6427.0,,-399.3044991913646,51.53629439530995,3,1,1,2022,sup,0
1,0,6,8.548223105216485,433.56003167098686,725.5409422344438,0.22829480236602828,1.6926903625873588,,5648.0,84.0,126.47207574693675,19.6571082437833,0,8,1,2023,jng,1
4,4,5,8.103443634076882,367.2410650814682,489.37291326379864,0.19088634304813895,1.5328747783578636,6505.0,5881.0,88.0,140.19384955443033,-351.0898447725882,1,2,3,2023,jng,0
2,3,8,7.488797363370849,375.3473583761333,530.9785272815823,0.10644798001786597,2.0294309520145197,5161.0,6970.0,109.0,92.0296229696259,,3,2,3,2023,bot,1
4,3,4,6.584434928216698,284.2799968142217,393.83877825273873,0.2368083630347954,1.0622846859157526,5832.0,7185.0,103.0,-246.2439505134952,-839.6417178420919,0,1,0,2022,mid,0
4,0,13,7.719161205537442,405.5679721635305,490.5609222202182,0.18702143074078292,1.9061421378731773,6408.0,5942.0,81.0,694.1864452898611,105.57046884331633,2,5,1,2024,bot,1
4,0,5,9.11872762223553,445.0839132451909,573.0255185904555,0.16699404955350744,1.322140717361322,5758.0,5527.0,98.0,-367.76437027074746,72.88627936122715,2,3,3,2022,bot,1
4,3,3,7.989712870554869,337.66383441666324,670.7120863281123,0.17786967763101744,1.2494816180970925,5888.0,6540.0,104.0,43.91955357453597,50.92094057705786,1,1,1,2023,sup,0
3,2,7,9.096642207365402,326.59535219197664,734.2350720984005,0.18263879118874737,1.0849936514289091,5578.0,6893.0,115.0,-197.77979271088725,181.2000829235536,1,5,1,2022,mid,0
3,2,4,6.357904884796705,290.96805299327684,607.058025489361,0.23546966179935155,1.4091600651006535,5758.0,6802.0,116.0,-740.9316570671732,-319.01070144980474,1,4,1,2023,bot,0
0,0,6,6.879234852946758,422.3933407376503,382.890350212852,0.20309674147899517,1.8043849104595888,6647.0,5414.0,124.0,-735.853378384415,569.2604435707968,1,3,1,2022,bot,0
5,2,7,7.454999378770863,381.4288795904079,421.7149899972969,0.24983343359433888,1.2203026592687394,6269.0,6859.0,96.0,,-274.0121096987441,0,0,1,2023,top,1
4,3,8,6.366473284898929,344.89259310658474,427.16359636006825,0.24182711964994108,2.0665190615906415,,6710.0,122.0,219.06513257610806,-21.55679657980622,2,3,0,2024,top,0
1,9,6,6.336303513251714,304.7490588209423,360.6133514478404,0.24477457235655492,0.8949225118104135,5479.0,5418.0,121.0,-93.570944415416,32.851001097837866,4,2,0,2024,bot,0
3,2,6,6.894597511741543,442.8467567292823,433.12230801971805,0.23083480560992567,1.9309097386628664,6144.0,6489.0,127.0,,-721.0430241797268,2,3,4,2023,top,0
4,0,12,4.60722641798432,382.66410596599223,463.21270672695556,0.08454312658604904,1.9552787494190564,5647.0,5606.0,91.0,-592.5724508009281,-361.99694265155506,1,4,1,2022,bot,0
1,1,2,7.203540587447661,340.93143766361993,749.0471229439024,0.23204087214955305,0.6909525839461397,5780.0,4918.0,101.0,357.27451795658646,107.67975727033189,2,2,2,2022,sup,1
2,1,11,8.955588926447259,366.4172923716441,537.0045273522267,0.2733952272935186,0.9993886678292145,4966.0,6977.0,88.0,337.42586052443056,244.53487264717813,0,5,2,2022,top,1
2,2,4,7.787521386881197,351.1266274879828,484.49609354885615,0.30458632348372744,1.2730961419374307,4885.0,6128.0,86.0,652.4594430750258,-247.43667696083372,1,2,0,2023,sup,0
2,5,4,7.8093248534911455,421.9141710298845,431.4117717808525,0.29793576974635577,0.9763482084573958,5830.0,4997.0,82.0,-27.0878439877753,-178.05197145152533,1,1,2,2024,bot,1
2,4,6,7.261349023655762,373.4666980511695,603.9784752953981,0.41270416141939736,1.779135216825481,6749.0,5092.0,88.0,-1026.3934627293388,204.77423601716202,1,5,1,2024,mid,0
4,1,1,6.216664831779934,352.62597398093953,460.68024251040833,0.20057525053786715,1.6392146166592172,6054.0,6495.0,,-117.81836607125189,416.1963448840017,4,2,5,2023,top,0
2,2,6,7.479779281899185,370.04066922459066,490.0798746690835,0.08095033846144611,1.499467962663071,5572.0,6108.0,98.0,-820.5393555541269,-72.84076460250951,1,4,0,2023,top,0
5,4,2,8.188105550388006,353.8988905823109,550.9029931511166,0.22670718550815086,1.6009664032055442,6885.0,6539.0,69.0,-408.8055539202667,471.48581899494286,1,5,2,2022,sup,1
6,4,5,5.9392582815555,348.43051250694043,415.7820461751013,0.23450925866328787,1.2785806295706041,5427.0,,113.0,279.17746753208075,-388.40441667703806,2,1,1,2023,sup,0
1,2,4,9.035880133497834,368.25713331584365,392.16704474083235,0.15933384938791392,0.9048710296450093,5573.0,,103.0,-530.9626276726655,-618.3121754390072,2,5,0,2024,sup,0
3,3,6,9.621904137562453,387.72272316018757,631.9203733021479,0.0881946171659738,0.4230497542788956,,5966.0,132.0,-122.29405310690862,-361.53458811655776,4,4,0,2022,jng,0
3,7,2,8.911532758287413,428.96091921992945,548.1126218727921,0.31346993535073786,1.3177217682263151,5992.0,6456.0,131.0,-35.97402582751846,21.474505806101718,1,4,1,2024,bot,1
5,3,11,8.024985559610032,350.4771774141542,495.0882944598471,0.2905279416607105,1.135235573651327,5816.0,5885.0,,584.3766060478952,-443.80205867206644,1,2,0,2022,sup,0
0,0,8,6.697059802827015,384.45230952557904,536.791144449192,0.13987355136061444,1.1111203955936417,6079.0,4882.0,114.0,-289.2112661086293,-70.69141063739444,1,4,1,2024,top,0
4,2,4,7.033033420720099,337.51349935564383,583.3054404215287,0.26829682315471554,2.2890709324859175,4494.0,6361.0,101.0,409.5092434176007,482.1551265638218,4,2,1,2022,mid,1
5,4,3,7.753491757956342,492.10187404525374,539.7954043145859,0.26917273416018306,0.9184459868881549,,6349.0,132.0,680.1106662481183,-497.2327831044106,3,2,3,2023,jng,0
2,3,8,7.677180034931411,313.80478862496966,699.3436896304814,0.20369498988121806,0.733638760297125,6019.0,5877.0,91.0,749.8959041070877,-523.6278148081726,1,1,1,2023,sup,0
5,1,7,5.093970402632941,316.5349311413309,407.0483322768837,0.2203878607988737,1.7301891398219236,6757.0,6698.0,103.0,-438.4551441293948,-245.99573050976642,1,4,0,2024,sup,0
3,1,7,7.110937184975432,399.4323860804004,522.519242251206,0.2933551426007749,1.7048727886032748,,6215.0,113.0,-30.664154091458308,-423.34557899856986,0,2,0,2024,top,0
4,2,8,7.287691292421456,297.9756977846798,485.3309292639383,0.24003471959431832,1.405613116561867,5914.0,5644.0,77.0,-1233.7323152525848,140.76836237252675,1,2,1,2023,sup,0
4,1,6,5.8991429792848855,308.4985724806196,469.33607919129787,0.3709324864665849,1.2971789690453006,6599.0,5443.0,101.0,166.21424985364075,50.74919198541784,1,0,2,2022,bot,0
3,3,5,7.632927062708575,289.6923440271008,448.47946890872646,0.25973181232995424,1.0696953465663013,6369.0,5504.0,83.0,-418.6990238007298,-166.87091825898216,2,1,3,2023,top,0
1,4,5,7.78458956001918,346.3648838459305,447.78974628403796,0.19507982870638135,1.1973307629248073,7047.0,,89.0,-591.4048679728555,106.54500039332893,1,1,2,2023,sup,1
0,3,7,7.743973033785065,343.4840179027565,674.3109050324357,0.24649086133891854,1.614565392393537,5790.0,6142.0,98.0,865.7309063843036,-29.26800937366528,4,1,0,2024,mid,1
2,3,7,8.370572160966292,266.36994823024907,645.0614658165662,0.2616947192588995,2.221441952072364,5633.0,6396.0,115.0,595.5823025722196,259.4421554842645,2,2,2,2024,sup,1
3,3,4,8.499313904086637,387.1860234178905,423.30861279201844,0.2044877469163487,0.5390260636447096,6070.0,5456.0,95.0,-351.1672944328921,528.8597576118148,0,5,1,2024,jng,0
3,2,8,5.928188374774428,405.62679104662095,516.4315416485222,0.1155979726477632,1.214501864465812,5813.0,5910.0,101.0,-118.08455510442869,153.16576626512688,2,4,0,2022,bot,0
3,0,4,6.294517684699917,476.8977978734151,546.249640276348,0.2640248897026877,2.0161077928124915,6028.0,,101.0,8.353379689673574,367.754125970036,2,5,0,2024,bot,1
1,2,2,9.120496081950595,398.41606818356195,543.7124767969243,0.09684632023983472,0.6177816770686149,6669.0,5825.0,92.0,930.6960755987171,-22.434131641470685,2,1,0,2023,top,1
5,6,7,7.8014709101153175,346.8639956100383,593.6510294050773,0.27679847765468407,1.9043229493160685,5639.0,5849.0,67.0,103.17131311003732,-380.2557442623286,3,2,0,2023,top,0
3,2,2,5.835505501626667,283.95695721488664,579.1485074106322,0.3117233727012636,1.4994926170692258,5578.0,6173.0,85.0,-357.8378376759439,662.1295843705564,0,1,0,2024,bot,0
3,0,3,8.477647901110377,355.30472510358334,455.1757132398334,0.26815657288559497,1.3535015093219966,5652.0,6453.0,,-172.53814539903658,-948.7273855696473,4,3,1,2024,sup,0
3,0,7,9.134119935781795,339.16583598513415,736.4786335847807,0.33278293886728033,0.7425041140808843,4994.0,6193.0,124.0,443.4619666922374,-109.1259518843346,1,3,1,2022,mid,1
5,0,6,7.185249375399412,338.138501595202,394.257490594424,0.17935567480856462,1.271176193066841,5089.0,6074.0,102.0,173.1524462298845,270.9206761497689,1,4,1,2024,top,0
1,3,4,9.125643840104079,348.35530038845883,716.7302892332505,0.11361191130839893,1.2119609323264409,6190.0,5216.0,64.0,669.0487836883215,45.424464356423,1,3,3,2022,jng,1
2,1,6,8.052293036875552,292.89729912079116,581.3652730515793,0.22585289059610672,1.513398862945978,6039.0,5151.0,105.0,632.1153607941058,195.77377711085637,1,4,3,2022,sup,0
2,6,2,10.082728295179308,349.3860602675983,672.3854718399109,0.11428216757476463,1.3725251314897675,6307.0,6353.0,114.0,88.18615301689654,257.235769835834,1,2,1,2023,jng,1
1,3,5,7.371344145694308,316.44284876783433,598.9837531700227,0.15157710760668758,0.44493234036156226,6913.0,6979.0,107.0,582.8921217868235,128.6400851893215,2,0,1,2022,top,1
4,1,2,8.858578427875035,434.78139038997983,483.8734695925325,0.267281420485878,1.5482723370916227,6789.0,5173.0,120.0,555.3665385458366,273.9942676380583,1,3,0,2024,bot,1
3,3,7,7.3433880334741755,395.12599138682384,352.75567111355826,0.17841985932400956,1.4236143469065894,6446.0,6333.0,108.0,-548.1289736737856,358.19261845191454,1,2,4,2023,jng,1
5,1,8,7.815350321831358,432.28758597990395,610.4327388571304,0.08441236066820329,0.7151916972267331,6405.0,6045.0,110.0,-123.21504733010681,-687.1211727928869,1,4,2,2023,top,1
2,0,6,8.71985752852213,323.37501661373614,367.41406037843984,0.24219383938538447,1.945296348426091,6501.0,6232.0,94.0,96.70251100791195,309.5416275023688,3,3,0,2022,sup,1
2,3,4,7.283515038369502,375.52888430909877,589.6991601262879,0.28217132600542283,2.384838935989423,5938.0,6060.0,,-764.0685744644942,2.3528666870421873,1,5,1,2022,bot,0
4,6,2,8.14119035201933,390.75882383757965,624.3143296106416,0.3108796700006652,1.4244918971013936,5884.0,5744.0,92.0,-310.9210424121728,-717.9520007652168,4,2,1,2024,top,0
1,5,7,7.761043474286591,383.6071227283507,483.1325907668288,0.11111895099231954,1.6673138914626726,5741.0,6289.0,86.0,-133.13161816252762,-227.91367985470768,1,2,1,2023,top,0
6,3,2,6.743499789647403,348.90781566593915,602.1786303750702,0.21442791437585967,1.22105293969345,5872.0,7009.0,113.0,410.56795199271323,-52.75569653053391,2,1,1,2023,jng,0
2,2,6,8.019152272112938,347.42768251454663,512.5355490355823,0.13380358796203284,1.4516595168953823,5956.0,5832.0,87.0,266.0985605762418,-25.920499733210313,2,4,1,2024,jng,0
3,2,4,6.822566205010725,250.1322226899095,415.6002466432932,0.15092435450046246,1.9313596578808148,5151.0,6110.0,86.0,113.12549176766697,-616.37014936992,3,5,2,2024,bot,0
2,4,6,8.028860519408093,357.95053047010884,404.3203952357845,0.17902067695435478,0.7097950356202133,5484.0,6234.0,96.0,-898.5247793039838,849.1126212947397,3,3,1,2022,jng,0
1,4,2,8.722425013915142,344.8857561572759,526.0758341180458,0.252806562372648,1.2948732591811776,6390.0,6481.0,108.0,-372.90152944683734,-646.6519163542764,1,2,3,2023,sup,0
1,5,6,7.88847313717792,436.1990616136169,642.0458131333271,0.19836145982294362,1.1890165150759417,6248.0,6738.0,119.0,573.5882519543925,-137.30133013114335,0,5,0,2024,top,1
1,1,3,7.011141195498231,377.20692205641416,471.0452797726291,0.15488235243149662,1.6586715051193277,3948.0,6611.0,80.0,,-137.56443978416516,1,1,0,2023,sup,0
4,1,7,7.28776715704804,350.5797283262853,574.0223057673533,0.2506046426557921,1.5790936081503955,5233.0,6417.0,98.0,545.9710175457543,-179.3798247845875,2,1,0,2023,top,0
4,1,7,7.563549954799655,439.37011527525635,582.2162748260093,0.15916032067505737,0.7293645521480125,6349.0,5809.0,81.0,659.5855072411786,-103.3290656225293,0,2,1,2023,top,0
1,2,5,9.229422321682904,370.79131716034743,370.75769354802105,0.19443957722687516,1.8614056411665543,5241.0,5883.0,101.0,373.3688089037386,-305.8972316989736,1,7,5,2024,top,1
2,1,4,8.531726717616872,379.0436843021223,619.6947809858912,0.19335578206257187,2.3158606956577374,5509.0,6137.0,101.0,-253.18803878700948,-272.92103787066435,0,1,0,2022,top,0
2,2,3,10.7193856695666,360.7262655158352,292.18338631025574,0.337770853487222,0.9848362931468053,6034.0,5716.0,110.0,-278.09293298320483,160.70105156272933,0,4,1,2024,mid,1
2,5,2,5.66076630544575,293.07370415537264,634.1603025624331,0.2993218837094824,1.386104258870204,7173.0,6632.0,113.0,-288.84884400525664,489.18650603518734,0,3,2,2022,sup,0
4,1,10,9.209366558227034,409.48973486538193,426.5166865745926,0.1176137481442279,1.5203126693587083,6189.0,6252.0,97.0,-182.68685563072307,-460.4861848043251,2,0,2,2022,bot,0
1,1,5,6.347896023865822,355.6335264680229,361.35526433050666,0.19938502605773312,0.7393027038547467,6717.0,5421.0,91.0,-254.84274600013842,-358.79916406224663,3,0,3,2023,sup,0
6,2,6,7.079619392462225,330.6760955536866,469.7066835699228,0.2479910221001552,1.2720290825271854,4500.0,6909.0,97.0,202.4435634238048,-533.7993817608402,1,3,3,2024,bot,0
7,4,8,5.15046603462379,381.28918133637967,621.5152747987423,0.33329047174967324,1.941852077987814,,6951.0,105.0,-102.08134759894362,323.63894428696665,2,1,0,2024,sup,0
1,4,5,7.044240569687073,446.9867811119106,486.68684496805474,0.1832901790436816,1.2056408102431808,5445.0,5078.0,99.0,-623.1756821146735,-498.72631233224706,2,2,1,2024,jng,0
3,3,3,7.565881698175103,452.9234137856029,501.27018984531264,0.02,1.7149789124934565,6451.0,5702.0,81.0,365.99435018271834,78.68489462074203,3,2,0,2024,top,1
3,1,10,6.601328103309742,384.4312582620834,647.4214721111929,0.3009007100052749,1.195523319373842,5217.0,6838.0,83.0,-461.7650260535388,-308.3204263465843,3,4,1,2022,bot,0
1,0,6,8.25933151374102,319.5083852638079,458.6965144559275,0.28861520887062153,2.108401669460903,4472.0,5630.0,92.0,-418.67640494737793,-80.15781650355865,1,4,1,2024,bot,0
1,2,10,9.298569066224225,416.7755405892054,580.351582273136,0.10924642324771637,1.222541836056959,4631.0,6628.0,107.0,-129.23089111412725,-173.4051080581637,1,4,3,2022,bot,1
2,4,10,8.955790511147406,399.3296744412022,700.3049360104378,0.1839393534918294,1.4059841053011386,6957.0,6192.0,91.0,123.87861209107993,311.8927479495075,2,1,4,2023,top,1
3,3,7,6.694813155773018,386.28813229742065,461.81133831303066,0.29249541153579417,1.5951532085866251,6192.0,5603.0,87.0,665.6637332359702,195.44006750127278,2,2,1,2022,sup,0
4,3,6,6.748604971941758,301.7130812390267,518.0471711806944,0.20640725429994583,1.639111999173533,5729.0,5796.0,,-178.47579351622136,60.131177707726124,1,1,4,2024,sup,0
0,2,2,9.647225649865833,477.99365031649444,560.9535709749728,0.36133256742547676,1.5623411229935884,5057.0,6244.0,88.0,-261.4507240201123,,0,3,0,2022,sup,1
3,4,7,6.667988709862018,351.57319964986436,601.3564852061791,0.18802704260347927,1.7086104434529337,5466.0,7093.0,104.0,-1005.3835715390445,59.62906046377468,4,2,0,2023,mid,0
3,4,6,8.413517497737113,398.17804149251594,799.3028605132761,0.1398758110058733,1.5232226586239361,7434.0,5775.0,,378.7679923853967,339.43653745263583,3,1,1,2022,sup,1
2,3,4,8.49631773052053,396.92569016585355,685.0363043420592,0.054168656573920504,1.4030715868293515,5333.0,6086.0,128.0,745.7068462156565,460.94367979204037,3,4,3,2023,mid,1
6,2,6,7.824468216631532,445.6019107640891,466.1067141209512,0.18474221509804495,1.2500661856424684,5744.0,6927.0,89.0,763.6104453001645,,5,3,3,2024,bot,1
5,3,5,7.153280714828738,378.089037573065,693.7103940480717,0.1907203219737586,1.1556692948875968,6484.0,5564.0,99.0,11.513963457342399,-403.97455994400764,2,3,3,2024,sup,0
2,1,9,7.490491750059906,285.19058581815625,417.6717606251175,0.2026708457219788,1.7725198638023203,5555.0,6266.0,80.0,-197.7552255849282,234.75462514645096,4,2,1,2022,bot,0
3,5,11,7.779567613116388,249.17014775357433,403.709897460927,0.22855912563146807,1.556678779722032,6607.0,5651.0,93.0,240.88793559558894,-418.5955424855506,0,2,0,2024,jng,0
3,4,6,9.189850687024817,419.3272415611011,561.8657264500597,0.32425045968837224,1.4096975030425083,6131.0,5008.0,88.0,-46.8759246909822,177.52055302697624,0,5,0,2022,sup,1
0,3,6,8.853433980830635,379.1305398273594,426.3924755741172,0.32680547807289473,1.893904648626929,,6566.0,112.0,345.1665388729375,216.50529366038762,1,3,1,2022,bot,1
1,0,6,9.344176143417265,364.5216632382113,397.30080365497537,0.2041428082950908,0.8146818486504641,5253.0,5031.0,123.0,-124.1400918189905,367.6857648970269,1,5,2,2022,top,0
2,1,3,8.212369771230975,464.00242066327473,539.1110958794785,0.1891665199479376,2.2615582069339832,5037.0,6253.0,90.0,,109.74331574266026,3,6,0,2024,mid,1
1,2,3,7.9327714493012005,307.72256450895395,497.1094954948571,0.30584653078019813,1.4505200212222826,6026.0,6454.0,,592.8148939710654,,1,2,0,2022,jng,0
3,3,4,5.911658626079929,345.8931821434809,555.0752062683838,0.16105478065168352,1.3425703950562986,5606.0,6379.0,92.0,322.90704631294443,-252.84585273807915,2,3,2,2024,bot,0
3,1,6,7.175844940945771,392.0624799671453,457.2253718043524,0.0915882225808223,0.8827555622097426,5961.0,5477.0,69.0,43.38102944087976,,1,3,2,2024,mid,0
3,6,6,8.721733765513438,480.1921378451718,590.5748310791494,0.34350221656378555,1.2561168161763236,6172.0,6532.0,,-25.48829595457451,390.43523982100106,1,4,1,2024,mid,1
3,2,10,7.293095043172079,435.9354825695621,703.5988855765586,0.2348458500861007,1.3964677817264095,4349.0,5832.0,78.0,38.215753156911234,137.91415955060626,0,0,2,2023,sup,1
2,0,6,7.790826269350442,338.2318695962893,494.1753472921662,0.34733709870555385,0.8219680969413726,5158.0,5965.0,117.0,5.150731874140803,237.46746585143933,1,2,1,2022,sup,1
4,3,6,7.082978559905864,350.18049551586364,538.354329226949,0.16616810274312474,2.071928510897525,5575.0,5766.0,104.0,-216.91560067469834,-229.95813311232308,1,2,0,2022,bot,0
0,1,9,8.092371839149797,318.02211374196196,728.2194427876834,0.2160829161373936,1.2028148292082106,5704.0,,111.0,-124.94835007115353,-257.1351256547948,2,3,1,2024,jng,0
3,2,8,6.4131788648103925,419.09455011851384,683.3938576186058,0.23683303937426803,0.7021754791635765,5086.0,5639.0,108.0,891.366380102476,585.6351752667565,2,3,2,2024,jng,1
4,2,3,8.459620640333949,297.16664165675553,843.235304116261,0.3493438319526305,1.6872026486679184,5434.0,5857.0,,-774.3665042567051,69.27089368482876,3,2,1,2024,top,1
3,1,11,8.558729387241554,362.66604229498705,564.9211086942374,0.1226159847407694,1.4533266325974012,6209.0,6141.0,100.0,-611.5193504028612,625.7691546761589,1,3,2,2022,bot,1
4,2,8,6.676663778595852,330.7346259960726,500.6340186582896,0.22776022636663254,1.4593977806971847,6760.0,5665.0,101.0,132.50461555483437,-630.023277775351,3,2,1,2023,jng,0
1,1,7,5.893484804423319,348.85239048147264,418.47595830722884,0.22473180177613242,1.6063431846589604,5979.0,6619.0,138.0,-51.163535810492974,318.84128922355706,4,2,1,2024,sup,0
1,0,3,6.34489376665924,291.97162132101744,518.7009676204417,0.1559753831139769,1.5100241233945548,5712.0,5802.0,105.0,-129.72039439229462,190.91237102607715,1,1,1,2024,top,0
1,3,8,9.839164161638292,291.14287416297327,500.55081187453743,0.26085078260109307,1.9125369578125913,5501.0,6330.0,134.0,-54.46841699485218,2.923188564282256,3,0,0,2024,bot,0
2,1,8,6.328915018597752,465.2934173687755,506.6502990286002,0.2157995827951792,1.6030960162852206,4886.0,5659.0,99.0,2.7323557944519905,180.52547000409032,2,2,3,2024,top,0
1,4,3,8.059530287349643,343.2893914518289,436.4646935498937,0.3607982766159898,1.1224895401500272,5384.0,,108.0,95.74978454768879,79.23764626650868,1,4,1,2024,sup,1
4,3,4,8.017471041698327,374.45488903396034,433.9965416293161,0.25631503863331107,1.8555304552252678,6402.0,6405.0,99.0,-193.8702969570527,582.7641160895394,1,3,3,2023,bot,1
0,3,5,8.368549743569645,340.8816118604815,395.1267209135573,0.14444836585650922,1.2958046677820894,5563.0,5717.0,97.0,-74.30808709684572,-66.00021696853712,1,7,0,2024,jng,0
5,2,2,8.568819239846016,357.10594428119447,628.527785529544,0.053579735018210034,1.9171250104208482,5705.0,6623.0,77.0,-205.69387603203467,316.80187154974976,1,1,1,2024,sup,1
6,2,6,6.9435804533688925,200.0,559.8878613403089,0.32048483475513845,2.24212053970546,,5672.0,91.0,-702.828489738926,278.59329781834896,3,4,2,2022,sup,0
4,5,8,4.541378749643865,307.06389546379654,368.00025404254893,0.2842298701577131,1.5338444437025656,6007.0,5656.0,106.0,-169.03105343743613,-309.0722310766625,4,3,1,2024,sup,0
3,2,10,6.758350639458074,429.6354030414815,286.7760691495736,0.2672109014007779,0.9889813411206121,,5710.0,93.0,435.90119689844676,,1,2,1,2024,bot,0
7,4,4,7.454121549500935,407.0141582442601,513.1089813495431,0.11294341637187384,1.590264798768606,5792.0,5897.0,71.0,953.2661112900587,550.8000630998176,2,2,1,2022,sup,1
2,3,6,8.101171159301044,455.8970463175731,579.7226756839711,0.22430331574607795,1.6325226822213208,5789.0,6464.0,106.0,20.357149065077152,,1,2,0,2022,top,0
6,2,5,9.58033449850815,421.79699420168504,462.77117922806707,0.2892286561949129,1.7503560865050216,7678.0,6191.0,,-460.14743049729077,456.3484024152558,1,3,0,2023,jng,1
2,2,5,7.217053158339309,437.39051403581936,549.3687845253397,0.1769911038498102,1.5649830755757705,6597.0,5706.0,108.0,165.84296755974418,-196.3151640050756,0,1,3,2022,sup,1
5,2,9,8.02883547513491,342.2821486933811,448.16647941137035,0.1724809304822897,1.2292863002412653,6253.0,6510.0,,-11.209983019378484,,1,1,0,2023,sup,1
2,5,6,7.908956273304323,405.41014994095497,726.5687807564526,0.21422598853961702,1.4593054126233314,5549.0,6231.0,94.0,-110.94465535420869,-492.7019791162597,2,1,2,2023,top,0
3,4,5,6.770772948606973,316.3623711757941,488.6868604349754,0.09773086215452538,1.4101551648448847,6276.0,5388.0,123.0,370.2755817861921,-44.63050555880448,0,3,1,2024,jng,0
4,1,3,7.129530911012515,357.8517832980757,637.13526764753,0.14321170497214192,1.8530547018881527,6529.0,5902.0,95.0,548.1897373805459,305.6182644896347,2,2,3,2023,bot,1
2,2,10,8.388437771799591,414.6344246482782,569.339109612973,0.22811303069010969,1.7240052722991819,6690.0,,95.0,692.0397965509501,-288.97629782502577,1,2,1,2022,mid,1
1,2,9,8.86106715730029,399.1893800167536,573.1711170527869,0.2355179022678067,1.0811611628878994,7118.0,5975.0,103.0,845.5646751932093,-65.43829352881286,1,2,2,2023,jng,1
6,2,3,7.5261249163350925,429.41234034567265,670.8870107076859,0.2068609580546626,1.5809728020866898,5536.0,5418.0,105.0,604.8306423890663,388.12674955942407,1,4,0,2022,sup,1
5,4,7,8.541459662688146,416.05024619733945,373.74798028734057,0.23631289238431039,1.5184285562052027,,5119.0,64.0,-602.6999104431782,384.49882412056724,2,2,4,2022,sup,1
2,3,6,7.1518890734162275,393.58457946380634,510.77472040708744,0.18887611453129055,1.1749656252897387,4913.0,5302.0,136.0,-21.65202422445296,174.26092686312492,0,2,2,2024,mid,1
4,5,8,7.715645036658524,381.86553302711445,669.5852494622244,0.16378710982070133,1.5863470756541314,6538.0,6225.0,63.0,-1091.584634518455,617.5855817690391,0,2,1,2022,mid,0
5,0,9,7.289328462970038,318.90680667075145,787.4496582853194,0.3274606915360695,0.9387449327144899,6577.0,5802.0,99.0,-14.561368895378479,-172.64721761390396,2,3,2,2022,jng,0
2,2,6,7.071155054351404,302.5198839559723,430.0897370785619,0.17955522604559065,1.947701574887239,,5220.0,88.0,-210.56747627740742,-151.02260234748994,0,1,0,2023,top,0
2,2,3,9.387833232489847,354.0754652445005,618.0021961139236,0.06408344899278196,1.4649539955570992,4901.0,6207.0,91.0,267.3291363565593,-371.8071034668909,1,2,2,2023,mid,0
1,3,5,8.032339473604951,293.6231153147523,570.407740187754,0.25602990774868767,0.8079627325364682,,6044.0,78.0,-119.43315712791237,-545.5216455471787,2,2,0,2022,top,0
5,3,4,7.33832302011948,347.1887636887938,739.434197340691,0.2752932296663792,1.422179005690799,5723.0,6067.0,89.0,136.7180552585567,-209.3230506113537,2,1,1,2022,jng,0
4,3,7,7.684615207833419,394.91701646090456,747.704051223435,0.20399440646996442,1.4125449818860656,5456.0,6268.0,88.0,-28.375191255071798,506.29874642708677,0,4,2,2023,jng,1
3,3,5,8.122496055648035,463.1955442782646,655.0132664801715,0.25065368546953926,1.7284105216372843,4809.0,6156.0,,,541.9235745584649,2,5,0,2022,jng,1
2,4,7,7.589607559785737,362.1152754428469,629.0450700604705,0.31196804553773555,1.4832533197519338,5622.0,5576.0,81.0,34.285219348603306,-6.032615351168758,0,0,0,2024,sup,1
2,4,2,7.452023586657194,422.6157164631554,491.2898012478191,0.09536687071695986,1.2838327332035342,5707.0,,83.0,-409.3627724868603,-41.03980946367858,0,3,0,2023,top,0
5,3,5,7.159544174698126,351.51923049227435,524.0765001309437,0.26877895706048505,1.2524731112150782,5461.0,5991.0,98.0,-416.7971984910075,270.3756955883449,5,3,3,2022,jng,0
4,1,5,7.798133364183302,394.58407722628215,231.3253284956469,0.152282717383651,1.4998545936105117,5568.0,6849.0,86.0,187.11595625175312,-85.03938809238616,1,5,0,2023,jng,0
1,0,12,8.017904829448545,292.76867782201174,323.3455113975929,0.32092482771062447,1.5977882812548447,6932.0,6381.0,76.0,343.0139607545608,255.5985134851495,1,0,0,2022,jng,0
2,5,8,6.164685633277517,415.6235580991721,746.8475735965048,0.2928798544277093,0.6862688146735711,5832.0,5539.0,102.0,-123.2072283482537,-611.6971804417143,2,3,2,2022,sup,0
7,2,7,7.35998201487549,251.19850150607598,512.3905136944422,0.23047539174043072,0.7928894790483169,6099.0,5884.0,107.0,-141.1099014525933,-68.16747834067111,4,2,1,2022,jng,0
1,5,9,7.675360536644011,378.31610908598395,575.3707021014795,0.2994694561490836,1.872376921162405,5752.0,5869.0,,227.09181093361556,399.01327525995583,3,2,3,2023,bot,1
4,2,3,7.874861378391701,329.0395947560206,656.9303312659285,0.20264109131946678,0.7633811544926263,5833.0,6546.0,95.0,-164.50973216602523,-253.22779767571882,2,2,1,2024,top,1
6,9,5,6.629285927998791,395.8551043514596,494.70934243701873,0.13105762269018204,1.7706217191355085,,5794.0,79.0,,72.39114585237702,2,3,2,2023,top,0
2,4,5,7.996259419562804,416.6862152473792,588.4222702607399,0.22239216746595422,1.651451119869973,5575.0,5417.0,90.0,21.36151117817832,242.3883672952756,1,3,2,2024,jng,1
4,3,4,8.446218455373627,446.36996503508533,165.14531458095422,0.20163020865401682,1.3039205389325048,6742.0,,93.0,911.6979202509077,556.0259210290458,3,3,0,2024,jng,1
4,2,9,7.972856029030585,370.82197135258434,553.1923996583265,0.23837326350720336,1.9592915398832162,5294.0,5931.0,118.0,834.7079887029332,-327.8192376247436,1,3,0,2024,top,0
3,4,5,7.736181262369124,400.03311747329724,718.4817673468374,0.2420265475976403,1.2617569984149446,,6523.0,69.0,-71.01150938871734,-135.83339449947727,0,1,2,2023,bot,0
4,2,6,6.479013312903808,477.90625655430193,479.43437033389006,0.3232283593569825,0.8871960723847203,5365.0,5599.0,94.0,395.21763036625396,-225.70118115182134,1,7,2,2023,bot,1
2,2,1,6.55937746164705,289.90816141403224,573.2433618566004,0.07006215729599347,1.3397967878572312,5301.0,5282.0,103.0,-520.631394781265,6.401157326627732,1,4,3,2022,jng,0
3,5,7,8.162194410565371,389.5268453275865,614.054352387196,0.28814621742907187,1.4259225177351407,5630.0,6371.0,83.0,-149.91523799636548,109.64823435973437,2,2,1,2023,jng,0
3,0,4,8.977138059214452,343.8937596758125,661.6556560066139,0.22333604198789064,1.875635931681889,5670.0,5883.0,112.0,-108.56746566606955,-462.52337783582504,0,4,0,2024,bot,1
3,6,6,8.935683366480767,355.5744750631367,540.8151151235915,0.40436481781688716,2.1453592190652078,4607.0,6464.0,82.0,-286.88770875381067,-27.40971978492043,0,0,0,2023,mid,0
4,2,5,7.8259574976528725,341.32594746073323,576.1829933727577,0.10965878325956105,1.6574087986944719,5455.0,5576.0,93.0,11.697086407473577,-323.39929297923214,1,6,1,2024,top,0
4,3,4,8.817305861825965,408.3203695453892,636.2025359153756,0.15341621646998493,1.579715740737291,4938.0,5168.0,112.0,34.25927884569049,-445.8916943942241,1,1,1,2023,top,0
2,2,7,9.037907665010966,346.17139448964105,762.1303560518556,0.31644800381125293,1.2373937451997454,5335.0,6583.0,,312.17394879298877,-3.4650412462152786,0,1,1,2022,jng,1
0,3,5,7.326354352727873,419.26249215609295,682.57601505182,0.14340560425312732,1.4944709530536633,6001.0,6153.0,92.0,426.81797360630117,474.533370129683,1,4,1,2024,bot,1
3,3,3,7.508976789851988,436.4824325434772,611.133532043813,0.23531410039598807,1.1208045219442804,5815.0,6147.0,68.0,30.533121744821926,-740.5441547078767,2,2,0,2024,top,1
2,2,4,6.835712887038817,333.52114427483986,301.5845795407604,0.20828607506348507,1.0262114503979975,5566.0,5631.0,80.0,92.23904779905996,-164.76191248474586,1,3,2,2024,sup,0
1,1,9,7.895445226499379,354.8449665663458,472.8487580313357,0.2791098175072911,1.8015056298033705,,5841.0,75.0,,632.1480747966452,2,2,0,2024,top,1
4,5,9,9.187723066876714,454.0627452768838,518.4055979323613,0.3043615813818478,0.6341809234653422,6641.0,5408.0,,96.33587094432852,304.58110177535775,3,1,1,2023,top,0
2,2,4,9.353013514254348,382.32055568241844,358.7320726013223,0.27103187843671034,0.7680617471872635,6023.0,6504.0,87.0,397.7384825421158,-249.51481900384363,4,1,1,2024,jng,1
3,0,5,6.99608839501183,361.19367032162575,686.6593125823196,0.20480840563091546,1.5535683253983217,5307.0,5761.0,96.0,-242.51327394780083,,0,2,1,2022,bot,0
6,4,8,8.179496602498972,403.07872437622046,485.2054381910439,0.20285354150916668,1.6888196019001671,5893.0,5052.0,125.0,39.94004764946638,-64.01025473857493,1,4,1,2023,jng,1
1,1,3,6.480289564297138,304.1933032240069,511.77660362733815,0.07578835917451046,1.5481553637945162,,5597.0,109.0,-1158.2530280909027,209.29727805451915,0,2,0,2024,top,0
5,0,5,8.429501085318517,419.1877701234023,679.2878884409728,0.11941891770063312,1.091637229729504,6312.0,6008.0,,231.71353001720206,357.36706507245896,0,1,1,2022,jng,1
3,5,10,8.450226352986787,403.20459515867253,420.7066333699564,0.276546546657786,1.8932311998493707,7039.0,5790.0,118.0,412.8535676363946,170.00582731604925,0,1,1,2022,sup,1
6,2,9,8.85827551027516,371.8553553183353,605.4737932219475,0.17044797416049523,0.5254658244489664,,5541.0,98.0,-57.08646837145737,-251.49517169011435,2,2,2,2024,top,0
4,2,2,8.302710247915073,329.81398509312146,490.9498186739039,0.20072871101805934,1.8668002824169883,5782.0,5782.0,125.0,-318.64612883220786,189.90543807246837,1,3,3,2023,jng,0
1,7,7,8.00285371436948,301.8870401749391,290.09194758691757,0.32606118079094804,1.097082301161107,6001.0,5437.0,100.0,46.49980367308221,-53.19102987053582,2,4,2,2022,top,0
1,0,9,7.930267506497419,269.1788868881054,689.5718553251438,0.4278341148274408,0.9448269429068259,6256.0,5924.0,72.0,-96.71532708098569,-485.5248616974721,0,2,1,2022,top,0
2,3,10,5.338057661126267,229.41471862623592,653.4262343047083,0.3450128169944614,1.8943224747224972,6653.0,6088.0,91.0,195.2921897643572,-72.45666426008658,1,5,1,2022,bot,0
2,3,6,8.178448794014853,327.86460921424884,514.0432075161166,0.31050387716336536,1.1390435566482575,6187.0,6093.0,100.0,-903.0539310074813,-35.760658214032375,0,3,1,2022,mid,0
6,4,2,8.464202270542188,322.2693880543986,424.14068343798084,0.11475491580860245,1.6063550826149822,5678.0,5666.0,84.0,-163.79745449281728,289.4382812768773,0,1,1,2024,top,0
4,0,2,8.86933898366959,391.10110110587794,475.19951845165923,0.1927806769039349,0.9822028142473698,5262.0,5793.0,114.0,-48.570145131916746,-49.288282422671415,3,2,1,2023,mid,1
2,1,8,7.20137960481611,400.023303691175,652.9704172919701,0.43539384821533345,1.7798624217123318,5656.0,6162.0,84.0,-558.8721526909337,-675.4543809844816,1,3,1,2023,top,0
3,1,5,8.494080611647654,487.39240583204355,658.1882707496891,0.2990318434851029,1.702911814468083,4861.0,6150.0,130.0,152.43930704468104,432.54338406670433,2,2,1,2023,top,1
3,1,6,7.256871140740193,296.82102664543623,519.3517886945949,0.21978851239338054,1.875747891182301,5737.0,5474.0,105.0,615.8036580872301,-239.01120535118514,1,4,0,2024,sup,1
5,5,3,9.322173725701237,423.21815190120446,487.11795441335664,0.4654299840617737,1.4859044762387337,,5826.0,78.0,-73.19009089524994,95.99103379837322,0,2,1,2022,mid,1
3,4,4,6.5063722000533035,336.95073332840394,522.0564161221696,0.11392338253648399,1.6954067437455862,6503.0,5900.0,88.0,-296.83787418484434,110.65774305990831,4,5,1,2023,jng,0
4,1,3,7.092772222539342,439.27935632609416,340.4774818162316,0.2120512114581131,1.9500235871763714,5296.0,,148.0,-36.37489523824027,103.61781128106489,0,2,1,2024,mid,1
3,5,8,6.650912965610734,414.1237151143276,493.9049594276534,0.2796587022738033,1.9307655606055243,5335.0,,122.0,-639.0322976134655,,3,2,2,2023,bot,0
0,2,7,6.8822386777422295,435.06111354670566,468.3858248240765,0.21786673993922628,1.5642937945718678,5267.0,,89.0,-560.7982051682106,-728.5428982832776,2,6,3,2023,jng,0
3,6,4,6.34884534855677,301.63681115204355,468.7903241863952,0.2646656084857602,1.3995810704270435,5125.0,,108.0,,336.54576344722244,2,0,1,2023,mid,0
1,2,5,6.3652961331544535,327.7798482924875,340.53890236292585,0.23191979288651593,1.5202609640987248,5967.0,,88.0,-405.19785341250935,-240.97485645035778,2,2,0,2024,bot,0
2,1,4,8.140009015658977,375.8950561199297,414.2463710846023,0.1971868734284684,2.205102373417626,5215.0,5905.0,82.0,-102.14955561519808,650.1509023121271,1,0,0,2024,jng,0
2,3,4,6.691412762936949,392.77129074414836,470.15337806365636,0.11838398257703545,1.1856298888567847,5307.0,6460.0,88.0,-955.9415458822592,275.3816939560416,3,5,1,2023,sup,0
3,2,9,7.472175572126919,348.41754690013715,534.6605201744071,0.16618561185956687,0.9732279279358977,6044.0,5993.0,94.0,-944.733661786791,359.16579583707954,0,3,0,2022,bot,0
6,2,6,7.61775741880172,319.5288135380188,487.52208324028334,0.2788347911800444,1.2283193589313806,5928.0,5444.0,106.0,-323.8934234697205,-4.9937719676764445,2,1,2,2023,jng,0
4,0,8,8.704641922590293,460.23267085451397,367.270154275731,0.3018053190994155,1.0410097198351842,5824.0,5493.0,108.0,332.27611049678126,-77.19889748847706,3,3,1,2023,jng,1
3,2,5,9.598419161017006,369.3537065566522,388.92616989013345,0.2238976575399697,1.4134730348232725,5905.0,5963.0,91.0,386.47863431024996,-334.80390171291396,2,1,4,2023,jng,1
3,2,7,6.5325076268685205,369.26706895097584,475.1916054938978,0.22095897966954192,1.7278064345112392,,6450.0,101.0,530.6366961330955,603.1176618785978,2,2,1,2022,bot,0
1,2,3,8.118374864669917,326.64286762642143,710.0164910662548,0.20128610417391665,1.2872740755857204,5854.0,5595.0,,-184.25170212538762,383.622996125077,0,3,1,2023,bot,1
3,3,6,7.75404555200318,460.4649275998618,563.890859354039,0.3663246309441401,1.6358892014511976,5391.0,6147.0,90.0,-91.67657591453548,,1,2,2,2024,bot,1
6,0,3,7.187186128928712,383.47308779046193,621.9305125156948,0.1425408722378536,1.5568652613796532,6465.0,5954.0,89.0,364.7324902141541,-507.5719756302492,0,3,0,2023,mid,0
0,2,5,7.397014010897669,424.57124911590614,592.7224069238251,0.2388253803872096,1.869044311588077,5459.0,6462.0,90.0,1056.3648638454706,-131.05642361946457,3,1,1,2023,sup,1
4,1,4,6.084025203099236,409.0393012433127,531.6398438366908,0.4312512710929175,1.1895381215227623,6763.0,5860.0,102.0,138.67155942655796,-399.88505936720617,3,3,0,2023,mid,0
3,3,4,8.511929612143074,200.0,778.5006665781041,0.3868281544982305,0.9722102468610359,5791.0,6325.0,94.0,-592.5575514731701,,3,2,2,2022,jng,0
2,3,7,8.694838205593133,455.6477374516026,545.5017060555064,0.3072088070786126,1.1888147136291154,6331.0,,96.0,334.1368933579214,-144.88179418243698,1,3,2,2024,jng,1
3,0,8,7.964026757579938,271.8378462527793,422.4941190410834,0.0751865368095134,1.549469266747482,5922.0,6318.0,101.0,-659.7402756305984,-1.050836146727292,0,4,2,2022,mid,0
1,1,3,7.084381657708355,377.9519629140538,656.6045953313181,0.10312463148935741,1.3435688175500093,5513.0,5703.0,91.0,-26.861956690156788,755.6297387472657,1,4,0,2023,jng,0
3,2,7,8.496857293638769,352.73187171767574,441.24159381419645,0.2806434147825128,0.9675293599149142,6666.0,4593.0,101.0,608.1152516559806,805.3488587550007,1,4,2,2024,sup,0
1,3,4,6.173805662619137,331.7759544143304,461.4376248701409,0.24025676993277528,1.2197025484573212,5929.0,6161.0,75.0,77.8637877491488,212.76920311156357,2,2,0,2022,jng,0
1,2,3,7.491560249939869,436.59985767491327,512.1953480278231,0.33527318377610704,1.9637690788806403,5711.0,,101.0,-202.65013439636635,-746.1212521042149,0,2,0,2023,jng,0
6,4,7,7.091063505718768,258.7271142868265,501.4492363471656,0.250347982285533,1.3502559250405226,5586.0,5721.0,100.0,255.06343743693657,-27.041655007347906,2,4,4,2024,jng,0
1,2,1,8.0860028327312,369.4147637840884,678.489848077085,0.18346164845459548,2.0805053139228624,5219.0,6632.0,100.0,-1015.5051125061646,-315.92045418653936,2,3,1,2023,jng,0
1,3,2,8.144245764735683,340.3285661173189,489.164220773167,0.2796178243628537,0.521621517670314,6953.0,4954.0,105.0,-92.06628143225116,-507.0711804201867,1,3,1,2023,jng,0
3,3,0,9.452011176429707,349.6950175824055,554.0469384818377,0.059617860350527824,1.8033667718220439,5623.0,5224.0,108.0,-144.96358606666286,,0,3,1,2023,sup,1
7,4,1,8.063317621956651,360.67017643304445,448.10836328880214,0.2089481540626286,1.4897371775807284,5758.0,5160.0,,695.486495632495,559.5883469185237,1,2,1,2023,top,1
1,4,2,5.904154954551394,401.8583288595495,645.4026099533878,0.22173846377348988,1.2848956076958677,,5690.0,,1095.1402628014812,-46.50511027463015,3,1,3,2022,sup,0
3,1,5,8.348008285301331,358.6207998932931,441.21702873696165,0.058861750832091775,1.2260367896463351,5512.0,5838.0,113.0,-629.9242073294394,296.3318208579768,1,2,2,2023,mid,1
1,2,6,7.159320548659741,330.16028559153506,359.6646075651095,0.20934001382706716,1.4656033254641936,6229.0,5507.0,98.0,,-339.2122716665508,0,4,0,2023,mid,0
3,4,5,8.943003436617403,341.2311249190374,755.7222928126931,0.40647170219038076,2.335120940529522,6205.0,6107.0,87.0,-22.693757909693772,,2,1,4,2022,bot,1
5,2,4,7.700391577817098,359.2248780787114,562.6945448963696,0.21684681322318225,1.5261106731227512,6451.0,5872.0,88.0,305.967333619963,338.7748803425786,1,2,2,2022,bot,0
2,6,7,8.555458864577368,294.2849111197542,738.3876520116978,0.1652898915125857,1.803360525953782,5910.0,5817.0,111.0,653.5503760754666,73.05964377325705,2,6,1,2022,jng,1
9,3,7,7.911718513671714,313.58084476098804,670.4618501148543,0.2792610637154648,0.8659699276807745,6141.0,,109.0,-345.0416229660954,-279.24152867453006,0,2,0,2022,jng,0
3,1,5,7.044188030084044,373.0062650822793,296.15935704109063,0.19288760574165692,0.9178787048889998,5738.0,5642.0,89.0,-224.16248041216295,69.43781403688952,1,4,3,2023,bot,0
2,2,5,6.8000551902616015,410.2482535184997,438.7645356683518,0.20367824388651984,0.5610563713492898,7205.0,5794.0,104.0,407.5114492754203,-333.5785182094193,3,5,0,2022,mid,0
2,1,4,5.145057834688886,313.65817056361533,383.8099679437146,0.27874924336857476,1.5230294910163604,5799.0,5900.0,111.0,-16.100717567387,,0,1,1,2022,bot,0
2,6,5,8.07270535617341,384.93079020086634,629.7031545522415,0.2650675132827273,0.7145139893527354,5689.0,,54.0,-368.0633350950143,-397.9525266638916,1,4,1,2023,mid,0
3,4,5,7.39635628929269,365.7200435928589,570.0688082139993,0.20302995176254693,1.2017783227055934,6625.0,6487.0,80.0,,-39.516344545011826,0,3,2,2024,sup,0
4,4,7,8.147636365062851,421.3953420191572,528.4006464445474,0.09666489023049557,0.9603676022392217,5611.0,,89.0,-366.45627423360827,,0,1,2,2022,top,1
2,1,3,8.825942673671891,287.42733393880786,488.6521807731358,0.2582060314449905,1.2206855862124035,6480.0,5423.0,,-1039.7229587228803,-521.476794344636,2,2,1,2022,bot,0
2,1,4,7.039855514645998,423.35317952117384,623.5651579109567,0.20231723401862298,1.3151871027740503,6089.0,5769.0,106.0,-3.8796910428058453,-403.5213676613655,2,2,2,2024,mid,0
2,1,3,8.862682629094706,502.4336859740621,370.9208407880776,0.37676284348256,1.6596196588150678,6366.0,5238.0,108.0,-142.04596899279,-310.0149566699362,1,1,1,2023,mid,1
3,0,7,7.073454844383606,347.08565517186435,462.17522630518016,0.23024573267405093,1.0309311222063708,5367.0,5614.0,105.0,297.9666992472499,-342.92599926986327,1,2,2,2022,sup,0
6,2,8,7.378894652195901,430.17087476049375,465.93155802496943,0.2100150599003147,1.3996346312122059,6073.0,,106.0,-471.3310755236728,-618.0644735541094,2,2,1,2022,sup,0
2,1,7,7.137683663721899,329.9620492931695,752.9870594787211,0.25157207145284755,2.03319464553238,,6302.0,130.0,-811.5006214004676,44.31150602147714,1,3,0,2024,jng,0
4,3,6,6.856978257533735,371.2560106171242,321.5855084782432,0.2967359009771801,1.436362946365555,6638.0,5658.0,95.0,,-322.9971439952337,1,3,1,2022,jng,0
1,1,5,8.806880464486255,419.86323505546767,578.4234208301327,0.24368152580613806,1.165227661503,3663.0,6205.0,108.0,317.3287543389961,122.14241236353183,1,5,1,2024,bot,0
2,0,4,8.577207893153993,319.74663703184495,497.0505808797863,0.16851878794248598,1.111178783067915,6423.0,6022.0,114.0,338.18885853512415,,2,1,0,2022,bot,0
2,3,10,7.253515112755683,329.13013679033656,685.2904358399236,0.22881377958763963,1.3180437199116022,6059.0,5604.0,124.0,-616.8182295354026,27.871727278198918,4,2,1,2022,mid,0
7,3,5,6.1892204543814024,400.276212637168,303.51256126324904,0.33979025795152973,0.5141965159307406,5634.0,5161.0,113.0,-168.87107491352987,-171.0452456847197,1,1,0,2023,bot,1
5,3,6,7.063437261033751,393.57429285724004,266.32594541048286,0.22001371992950297,0.9421640114538737,5868.0,,119.0,,-314.38930628915705,1,0,0,2024,sup,0
1,4,8,6.957728777384854,387.44880576104214,574.0568416609398,0.25468641290904515,1.0726889537371629,6531.0,5756.0,97.0,147.30318601157458,-209.4750428724377,1,5,0,2024,sup,1
1,4,4,7.792449368749213,319.976512843653,524.0665213327839,0.1883644441443173,1.878266379342527,6525.0,5649.0,,22.239277612289087,195.04593207820034,2,1,1,2024,bot,0
2,1,6,7.2002060803786545,393.80874014149765,689.4177159052649,0.12660638983424416,1.8191107819683872,5644.0,,63.0,-396.885568314831,131.47186207065727,0,3,1,2022,top,0
0,5,4,8.252623364669475,308.59333219509995,665.3015663617432,0.16807115911323442,1.8345725642909008,5602.0,6350.0,122.0,225.32184456630517,-459.32318106870815,0,1,0,2023,bot,0
4,2,4,7.721885959332388,445.73814676785304,587.5346260798524,0.10811972240199211,1.020710644394819,7599.0,5202.0,87.0,-466.89382230210515,-370.15387860053454,0,4,0,2022,jng,0
3,4,4,8.47556825078383,358.47350065708207,471.5489883380551,0.14406548157714744,0.9834543648198084,4949.0,5880.0,,-260.3549389076717,-124.28591901363478,2,5,1,2023,top,1
3,2,8,7.978147335104509,384.3184796798632,567.7410553386308,0.14303168476950529,1.2141923503717043,6448.0,6086.0,119.0,-205.31039805514212,-262.2557073132483,3,4,2,2023,bot,1
4,2,4,8.31005734097189,420.58369826610675,243.41876538155697,0.23121293502694173,1.9175628954001116,3938.0,5924.0,,65.70979380075653,260.6043751447637,1,1,2,2024,top,0
2,1,5,8.131633045251181,394.35636585269515,430.09018977143086,0.2581086841154906,1.4491340130442703,6143.0,5952.0,93.0,,,5,4,2,2024,bot,0
3,0,6,7.2938384937252465,390.7922857220198,670.9071347668578,0.1420964805216971,1.7547432200382673,5596.0,5451.0,96.0,-247.65998576419486,273.04274567564994,1,1,3,2023,sup,1
2,1,5,6.91724998262747,332.30469082232014,497.41402832900127,0.3300306011585563,1.9077108046544233,6353.0,6181.0,75.0,-94.77996518278665,45.04967688747365,3,4,1,2023,sup,0
2,3,8,6.882513739182407,399.7274677147515,432.13922786042303,0.17424410781984523,1.7940127601916056,6432.0,,123.0,816.0090022332383,-72.66510385725127,2,4,0,2022,bot,1
2,4,4,6.599790665529868,363.9409119426864,689.5078928168874,0.15395615547914682,1.8463329081404538,5856.0,6021.0,121.0,-55.00862070509971,-554.3188123285747,3,5,0,2023,jng,0
5,4,5,5.985619881128906,370.9433902158435,551.8380446371009,0.21592875184065713,1.5108585989966177,6132.0,5959.0,109.0,-171.53905999868533,124.72665052803595,2,5,2,2023,top,0
2,7,6,7.429862488429048,344.5520629620848,444.57310701037056,0.2599209843134598,1.4142590301968034,6273.0,6084.0,91.0,-316.27650111795026,330.68440340481646,1,1,1,2022,jng,0
4,3,7,8.226497814735527,395.1578226501852,774.9124553944334,0.15053968461023276,1.6967709235548472,6631.0,6445.0,91.0,-549.4352182049779,-522.4014204273094,1,1,1,2024,sup,0
3,2,7,7.510277174318179,249.168415138443,614.5562833449122,0.06715463131854274,1.2928630268394943,5070.0,6296.0,93.0,,-164.21580736912415,4,2,0,2024,top,0
5,2,5,9.639757870957126,391.6898981100744,665.9042184945915,0.1870077031071962,1.3616539177942781,5820.0,6115.0,100.0,212.31772360459922,347.54473084570895,4,2,0,2024,jng,1
0,3,8,9.18071872574064,469.18686221780325,463.1393257067014,0.2732283230420186,1.762093073123499,6134.0,5659.0,133.0,-580.9233660663082,,1,2,0,2022,bot,1
5,4,7,9.154141224750031,455.394463775645,750.6734853378592,0.1340658728608528,1.5572842963220443,6090.0,5696.0,94.0,50.71088279764058,400.6997608440866,1,2,1,2022,sup,1
4,2,5,8.180438739572477,328.8199947640329,342.48513465184567,0.2311990698443225,1.6400575302063436,5650.0,6422.0,99.0,-9.795674939825005,-27.27091696104361,2,2,1,2024,bot,1
2,1,2,7.082197954987588,365.0388269695485,396.38961981673026,0.16904464276441655,1.8036419501953536,6927.0,6085.0,115.0,-160.7663540597644,414.8077127134606,1,4,0,2024,mid,0
1,2,7,5.806915367524929,388.8021946548598,323.86870511698294,0.26894645654809773,1.3049560499618964,6615.0,5169.0,95.0,167.83338691019648,,3,1,3,2024,jng,0
1,2,9,7.3625503806477415,391.9650222570279,533.0067226399547,0.2439904469219878,1.4786891106618927,5693.0,6327.0,74.0,155.24623866433262,23.102861316296867,3,3,0,2023,jng,0
6,2,2,7.955465712378722,369.703614326935,428.0236064576668,0.24280116499181412,2.318912093006899,6217.0,,108.0,868.1223844694892,-465.8596886381847,0,3,0,2024,bot,1
4,2,2,8.982963330304461,382.20091918612525,566.0004099454641,0.30391250592912744,2.015407308865238,6003.0,5888.0,98.0,-427.78878319843125,252.22871673962078,2,1,1,2022,mid,1
1,3,5,7.211345700126942,353.10187387089053,660.077164384147,0.21914274387881316,1.2875476555999712,6749.0,6029.0,100.0,237.14589912628827,203.10039407687205,1,2,1,2023,mid,0
5,2,5,8.25963485297999,332.04194885259443,570.0856315521563,0.13824662348353256,1.8317687664508808,6034.0,5393.0,112.0,-877.6819911219878,-106.01347977202124,2,1,0,2024,mid,0
2,2,6,9.06204967696142,440.64537208632015,523.219034951458,0.21950908538739025,1.056366010794162,,6044.0,83.0,-790.4952477331917,-445.1857775163676,1,4,1,2023,bot,0
3,5,9,7.717040599409306,384.35658264831255,317.73650364658795,0.05328291051031278,1.6391414141764349,6435.0,6452.0,86.0,558.3640065603105,-85.88615872846879,2,1,1,2022,mid,0
1,1,4,7.422047979758566,344.26289330598985,527.3764374068912,0.050576864158207085,1.6444360312177246,5704.0,5580.0,,-15.10161003595475,,2,4,1,2022,sup,0
4,2,9,6.585951668275059,316.29824004300895,467.24219646643013,0.24185833567273105,1.963061328113986,6582.0,5883.0,84.0,627.3917691276629,609.7400072078217,0,4,0,2023,bot,0
4,3,7,6.678087663592811,317.0073151383623,729.746678954096,0.3505592776318139,1.0469550238585994,6973.0,6970.0,83.0,-146.01245927293365,-1066.990821548823,0,3,2,2024,top,0
3,2,12,4.380136865433409,464.3391945996784,604.2401287128318,0.3391051072658405,1.3010103566360256,6358.0,7048.0,92.0,,137.5065111607133,2,3,0,2022,bot,1
1,0,8,7.649393289211141,361.835043166039,442.2129452790118,0.14574548310097446,1.3012497486704995,5195.0,6336.0,82.0,-128.8213340874071,67.48462956435515,2,1,0,2024,top,0
4,4,5,7.04837749783173,298.74616113046403,493.6003396850939,0.13267948071770158,1.1077529417402474,,6722.0,103.0,-413.0047446842824,-98.33915532948934,1,2,2,2023,jng,0
4,5,5,8.222008695791759,390.9307085355754,544.694413444426,0.21003529092232734,2.052028850143352,6877.0,6361.0,83.0,197.22892655097957,-70.09956913740245,1,2,2,2023,top,1
5,2,5,7.375148231843454,414.97363240145495,544.0401899065206,0.19343720247046173,1.275935308953259,,5907.0,107.0,-28.551237067214856,-788.9753750236043,0,1,1,2024,jng,0
2,3,3,7.975712615284804,394.5749839387251,563.2268898682765,0.27955226368689395,1.117438232123595,5632.0,5462.0,78.0,629.1932267986572,-279.42754308402493,1,2,0,2022,mid,1
2,3,2,7.523826018015671,296.93789576481834,523.522364866379,0.24803546787965886,1.3301841623141675,6090.0,6003.0,78.0,-1109.679790542757,69.67945135573142,1,3,2,2023,mid,0
0,5,3,8.319324124219582,329.66312923426307,507.0538457469958,0.15945880747672536,1.4317172704945846,5139.0,5322.0,87.0,189.21264924744048,222.63048255081168,1,2,2,2022,top,0
1,3,5,7.981032914656245,403.16099903871174,510.33720486187076,0.1939197363920427,1.103954125750169,4916.0,6435.0,63.0,197.4046000592767,57.510495517422825,2,4,4,2024,top,1
2,2,5,7.534887976961582,471.9786341506014,698.002883770705,0.23960973181452677,1.0816186992066636,6165.0,6417.0,,-303.7650440436089,-302.5657955368451,0,2,0,2022,sup,0
6,1,4,7.959976851650927,376.7030001051109,529.7987526227847,0.22339938181365157,1.3818754301656797,5455.0,6665.0,112.0,-523.4809088012913,-446.8812132556163,0,0,2,2024,mid,0
2,1,3,7.111863225647304,354.63935726444373,803.2673835104156,0.2389783515423142,1.9478533372843996,6818.0,6283.0,103.0,-534.950184843889,,1,1,2,2022,sup,0
6,5,4,8.24240773617776,394.30590078520726,508.3269518301349,0.1433207687667492,1.7027706942214196,6095.0,5609.0,83.0,-151.3695112699176,647.6804974283232,1,2,3,2022,bot,1
1,8,4,8.569389895978105,433.72330382530305,501.8528112825431,0.22816650841323077,0.8170858650873613,5959.0,5990.0,,-661.9958139616151,,1,5,1,2022,jng,1
4,1,8,7.24116524296932,345.79224393597775,500.53478045104094,0.16900111111630672,1.085555037523136,5762.0,6323.0,91.0,131.45846240848905,-95.79383739098554,1,2,1,2023,bot,0
4,4,9,6.977285760096026,343.97663608042933,486.82659392399864,0.3289668556529149,2.1113801294486074,6291.0,6202.0,132.0,-704.6805612537288,502.09968794040503,2,2,2,2023,jng,0
3,1,8,8.8879111972258,395.8894519222866,527.7391787433439,0.1811937045151226,2.1843812860093546,4576.0,5948.0,98.0,304.48069456384115,-158.48034475329484,3,1,3,2022,top,0
3,3,6,6.600285690200003,388.71267465336985,648.9421559845412,0.1874631832146111,1.5696235269174712,5638.0,,70.0,232.13822811511318,,1,2,3,2022,jng,1
1,5,9,7.017429730204075,323.1633241563585,528.3035691658758,0.19965218442120142,1.4760757186108868,6150.0,5874.0,99.0,-253.54372627129806,-480.7205659332497,0,1,3,2023,sup,0
3,2,10,6.771734743524026,343.5983157078196,439.30273249098644,0.2010094622563267,1.5614940642679505,6271.0,6113.0,94.0,-277.7846058951419,-343.40656905130453,2,1,2,2024,jng,0
3,3,4,8.142676267340422,350.3887454214912,704.896933653455,0.09055286763020737,1.6249024040482865,5931.0,5995.0,83.0,201.88985402178918,80.67568447289977,2,2,2,2024,top,0
5,0,10,8.183285235754166,414.4320684112351,588.9852817831094,0.24672190366820024,1.2324562749833232,4761.0,6139.0,,,284.2911445503672,6,5,1,2024,jng,0
3,3,7,6.903119602932755,317.58066877446595,446.5372780661803,0.21001515180741748,1.5738337441892565,5244.0,4939.0,101.0,-36.46251080289796,-369.48222314791843,3,0,1,2023,top,0
5,4,8,5.7993702537313245,307.1232295760914,348.975217572131,0.20242431902345034,0.9662325303053227,5160.0,5792.0,90.0,-223.5894436332306,-498.8133295732308,0,5,0,2024,mid,0
2,2,5,8.567765330555767,472.49371930363094,510.56417189618435,0.19116772186501518,1.4652492663972705,4650.0,6541.0,115.0,-62.00691053213325,-6.998667955376462,2,4,1,2024,mid,1
4,3,7,5.635327001427606,438.3042898073743,501.6328501430416,0.1159095927234889,1.170340695040248,5324.0,,115.0,-211.21384332782173,435.5348490523747,1,1,0,2024,mid,0
2,2,5,6.87283674279189,325.9925817478812,690.447654015328,0.16780153994140468,1.3194810807413937,5735.0,5909.0,79.0,-80.35971902216659,-21.138794609489985,0,1,0,2022,bot,0
1,0,7,7.791465581183428,258.04703665008844,195.41577704924174,0.20823779964332906,1.53647155737531,5394.0,,80.0,16.476151915011698,-518.2140468696484,1,2,2,2022,sup,0
3,2,5,8.737430137227868,502.8433732257157,711.2437252051212,0.09293577976963482,1.0627908909614097,,7238.0,112.0,-486.4311398059789,81.07951061626494,1,3,5,2023,bot,1
1,3,6,7.0491097585318085,398.53654989367845,482.1606514440518,0.2634994294864147,1.1297518329967682,5850.0,6076.0,80.0,66.7863010828342,327.02796977230344,2,3,0,2022,mid,1
3,3,7,9.166240367310344,451.67537178519285,531.4788972268593,0.13077869857294383,2.0630374988172058,5951.0,6196.0,125.0,-144.29213596866583,-141.0425836790223,1,4,1,2023,mid,1
5,4,12,9.88930960589148,420.88579034313915,572.357734864921,0.2710851904539561,1.3541416649811673,,5232.0,93.0,-474.5723125809209,-104.10079179489222,1,2,1,2023,sup,1
3,3,3,8.639918269018773,322.5625528046407,449.1583328413791,0.14973934822881585,1.3492756179685428,6024.0,5835.0,,-1152.8874316628157,221.6707707288482,2,3,1,2024,sup,0
2,2,9,5.929479681043787,412.4688561020451,524.5121048645915,0.35930241318373873,1.1657141999639173,6334.0,5046.0,84.0,-304.0478636316725,-644.892059987905,1,10,3,2022,mid,0
2,3,9,8.924204050615952,370.3956670384604,531.1445145748405,0.21348910851515765,1.6666963952459493,6167.0,5805.0,73.0,,618.2207917053959,0,1,0,2024,jng,1
1,3,4,7.056459020634882,387.85745557932773,719.2925687346994,0.22216389537693948,1.1451759858412756,6052.0,5740.0,103.0,89.29935796603999,206.96066395911527,3,2,1,2023,jng,0
5,5,5,7.7486190793305845,263.4737697530091,515.8346116451788,0.25152309256588434,0.8385291811030379,6522.0,,116.0,88.9644287188141,608.8569747330814,2,2,2,2023,top,0
4,1,5,5.55078091732166,378.02586117849694,687.3970652740777,0.38184835165796105,1.4817882350721847,6073.0,5872.0,99.0,344.7768140346345,197.80369203621237,1,1,0,2023,sup,0
4,4,9,7.582408352920143,459.4998614694569,743.8855848336154,0.2525026757503803,0.5312531766051155,5426.0,5917.0,103.0,305.231769035002,-171.5211281933047,1,2,2,2023,jng,0
5,5,8,5.997718085780718,309.8371584940839,372.050170784702,0.05654802570240636,1.7052521521103106,5315.0,6449.0,88.0,-10.207780851254611,-179.8235291161714,1,3,3,2022,bot,0
2,2,5,8.238152060536612,414.7718862193405,718.713968919253,0.25427158110631387,1.6271240451106581,4984.0,6129.0,95.0,754.9615388047159,58.3388565535259,2,3,1,2022,jng,1
3,0,11,8.167086556983822,364.9256004573809,492.6389764780737,0.08218506994227517,1.7539853990010854,5762.0,6683.0,112.0,418.09851855407936,-621.5833443252417,0,1,2,2022,sup,1
2,4,3,7.858584485397548,492.4601692922008,662.598416113532,0.0932577156587526,1.6440534031254008,4897.0,5975.0,68.0,,45.14995805903638,3,1,1,2023,bot,1
6,1,4,5.965508150405749,436.110365265672,558.1458206328272,0.14601714695728862,1.6506455911646483,5798.0,6191.0,104.0,59.69390852423297,563.8047213762284,1,3,0,2022,bot,0
3,2,5,7.549310303328101,309.4556659186542,800.184598245742,0.1553579627203848,1.4306326834181986,5624.0,6184.0,80.0,48.82524162196211,171.3682184147406,4,3,0,2024,top,0
2,4,4,7.501236028645634,410.73287367951934,460.2030030184579,0.26350501562198686,1.4919009823084384,5788.0,5812.0,110.0,630.6267780299788,-353.1907577655339,3,2,1,2024,sup,1
1,3,2,7.502813373929897,420.98469045612325,385.6497691904219,0.10434889891721648,1.6160535218655485,5289.0,6490.0,72.0,790.6134532456484,25.09273705266523,1,1,1,2024,sup,1
0,1,7,7.302763286681871,329.2600748865114,704.1132649346307,0.24254882663581775,1.0720643401969323,6756.0,5763.0,94.0,756.5898642007702,-549.1259265249303,1,2,1,2022,mid,0
3,2,7,8.900943984965167,427.1127852338737,565.1164320096543,0.27357766688471763,1.8965763965631302,4904.0,6287.0,115.0,-193.37106893562617,255.38373965508117,1,2,1,2024,jng,1
3,3,8,7.898576539253333,452.7688413390153,339.7707534968313,0.24245935360102205,1.5127357681777436,5414.0,5951.0,96.0,921.7443481690877,120.61555418532488,1,5,2,2023,bot,1
0,1,8,8.984395691945847,425.3340526556718,770.602359572885,0.15237698730290555,1.3135753044429233,5046.0,5766.0,97.0,-310.2774357763001,-323.70118504020934,1,3,1,2022,jng,0
3,2,6,7.580409148981128,437.2965250839654,569.2856441035541,0.12771448183106474,0.9894584610042167,6022.0,5861.0,104.0,,235.2201264089748,1,3,1,2024,jng,1
4,3,3,5.9813846017054235,429.0232001388966,458.61135726438056,0.3378953032192698,1.2617261990374844,5922.0,6193.0,111.0,333.3725308617708,-212.74570832135637,1,2,2,2022,bot,0
2,3,8,7.079154660889431,374.399972175963,478.3279652521814,0.17540067999192308,0.730204930162837,5463.0,5682.0,104.0,-784.7809337433671,298.0472141127606,1,3,0,2023,bot,0
3,1,7,7.627748013221181,296.524797244965,468.6343619698523,0.17681505900619637,1.6256738501823564,6126.0,6235.0,94.0,-259.43301158635285,-241.46570898314968,2,1,0,2024,jng,0
1,5,9,8.029556108251091,386.4517608143092,520.6037242392069,0.17558940857606295,1.2383807066674304,5300.0,5580.0,106.0,,-104.9905767755462,1,3,1,2024,mid,0
3,2,4,6.740461091487501,468.0766640533079,616.6122214462183,0.18152877905027742,0.658870214144222,5735.0,,106.0,-15.472589516163353,-501.03916467574595,3,1,4,2023,mid,0
3,2,5,8.227564618399427,460.20127608530015,389.2616501380182,0.05165679011278648,1.7361802913116575,5995.0,6056.0,100.0,,194.3629499138494,1,3,1,2022,bot,0
2,4,5,10.197715607434112,369.2162809983093,682.8812796198071,0.437349921612317,0.940347026813531,5326.0,4828.0,93.0,531.0406299837775,671.2079669585308,3,0,3,2022,jng,1
1,2,9,6.680061629602104,352.481192772067,541.0116051402209,0.2281960622785497,2.0734522712491077,5750.0,6092.0,92.0,166.0004418082559,-248.88298183991748,1,4,1,2024,top,0
2,5,7,8.033675588412134,330.82442217398926,630.065086891375,0.3559431162617011,0.9362498411850754,6367.0,5714.0,125.0,135.74173297895405,358.8687277485343,3,4,0,2023,bot,1
4,4,3,8.019248657319828,338.5389200139058,500.8869036835561,0.3656294567779309,1.459131555454217,5776.0,6535.0,,-193.40163826343263,122.0953004419529,2,5,3,2023,top,0
1,2,3,10.216315450966505,329.02360996745387,292.2840050061109,0.104013046134631,1.1411561440881686,5861.0,4939.0,68.0,983.1683332969022,214.4252898197292,3,1,2,2024,top,1
1,3,2,7.228723176762453,346.8892904107293,525.8432785161536,0.21032718534291323,1.1311514833626013,5185.0,5023.0,100.0,-359.4656308068069,-197.23367197291918,1,1,2,2022,mid,0
5,2,12,8.16527107960511,349.1824498569094,659.5134178084925,0.2698245458281891,1.345801769886186,6946.0,6791.0,126.0,,-485.80534747611483,1,1,1,2022,jng,0
4,2,11,7.042496669050853,359.84926081626776,575.5375391375997,0.208060366930673,1.7361936659850432,5949.0,5968.0,90.0,69.16821164602763,148.44745544285874,2,1,2,2022,sup,0
3,1,4,7.7002657030076955,377.7775342706906,484.95919365511895,0.26421311282102067,1.463726015529068,5718.0,6003.0,82.0,274.66854055746035,176.30275674917883,0,2,0,2023,bot,0
4,2,2,7.756797498295918,477.6169273367706,494.47822752366704,0.24898527200873577,1.392548146982499,5565.0,6547.0,102.0,463.2712451476668,-196.63750515917508,2,2,1,2023,mid,1
1,3,6,9.165026270507031,422.5938733112638,438.326770470696,0.1884546624580083,1.1582890508817636,6765.0,6278.0,93.0,-566.0787255133101,502.33583573759825,2,3,2,2022,sup,0
2,1,9,7.781195873619065,435.5160022241937,761.6504825763719,0.32392953975855826,0.6100277659978498,6235.0,5844.0,98.0,151.0015334317502,,1,3,3,2023,jng,0
1,4,6,8.715827921495332,383.56591780740496,622.0567892267318,0.07067860171932305,1.5984525699811436,5994.0,5446.0,104.0,-613.0789168626466,-752.4957273257462,1,4,1,2024,mid,0
1,4,7,9.671545319453166,386.6493718668563,629.7211678768375,0.17237730330004958,0.8322002406222454,5521.0,7246.0,93.0,-649.0550543283731,157.31887333323346,1,2,0,2024,mid,1
5,2,11,10.985832640205789,386.8647094742389,403.71687858312447,0.31395886007335655,1.0049385297638505,5598.0,6518.0,103.0,231.57778050365192,748.0903127929813,1,6,1,2024,jng,1
4,1,5,8.061534711241801,381.5675339607851,340.7332216295837,0.2054096832487119,1.1225117389307269,6233.0,6808.0,99.0,149.8819106872585,165.75877506765346,3,1,2,2024,sup,1
4,1,6,8.475007794017083,285.9210311493323,549.4448357451573,0.23703437074689104,1.022543087929748,6035.0,5826.0,78.0,,-800.499733845679,1,2,1,2023,jng,0
4,2,8,7.892056703904737,381.2375506045066,613.859135496355,0.2546557494204803,1.0921065126730882,4688.0,5945.0,116.0,441.0313924042222,-500.53225887992556,2,2,1,2024,mid,0
4,0,5,10.025490782052113,427.3911385747011,555.7246630278107,0.3045003003112566,0.9851894714588945,5203.0,6431.0,116.0,,-311.55577417148544,3,2,0,2023,jng,0
3,2,4,8.489695556899068,365.2078708253514,240.9433061788165,0.15045721649434113,1.887644458539945,5461.0,5600.0,103.0,-288.79267527513326,168.7840248205071,1,2,1,2022,mid,1
3,4,1,6.48143904002647,323.008307378355,433.7313753739968,0.33263494001457006,1.5765553943171238,5598.0,5760.0,88.0,111.79781162756328,345.6821390363064,2,4,1,2024,bot,0
4,3,5,8.37065623326965,427.0344185797788,478.1299226024463,0.12537797866101458,1.8137075225987416,4881.0,,97.0,-273.36573340540855,-0.34073003085561027,0,3,1,2023,top,0
3,2,6,7.977668294626431,289.70234847311394,710.3527113246977,0.08548791245707182,0.6761926808637182,6255.0,7200.0,119.0,324.3065360846234,,1,2,3,2023,top,0
3,5,13,6.8641506254260065,389.26250236619967,592.472796722822,0.1674792738156964,1.0679363402624464,5901.0,5287.0,,533.9922790331891,-615.3273792498638,1,2,2,2024,mid,1
1,1,4,8.698656289207044,297.71131380116583,706.2577968457213,0.35273962075284626,0.8196619553282066,,5698.0,101.0,-98.1472501015009,829.1581323817649,3,3,3,2023,sup,0
2,4,8,8.020346307037054,405.00294595506443,641.0668753708973,0.2019162628249031,1.2157318683343883,5893.0,5961.0,110.0,-693.6612347702188,136.60646350533128,2,2,1,2023,bot,0
4,2,7,7.1001845187807,347.6737523770722,550.4628079509665,0.20958275853021918,1.3280205884752998,5732.0,5888.0,,,-817.0123068988429,3,1,1,2024,bot,0
3,4,2,6.605699345129737,400.5436383980902,747.1335712612353,0.26709812517830905,1.9299904308250109,5744.0,5939.0,103.0,956.3710044871149,-20.265206203490038,2,2,1,2024,mid,1
4,3,6,7.972254933903785,295.31732366918004,586.9746188361709,0.31973856027460446,1.3947106261821207,5175.0,5456.0,94.0,-175.26301694904396,-122.80533729213286,2,3,1,2023,jng,0
3,2,1,5.253537217497122,333.9702222029997,649.3218857394098,0.24911514418534011,1.570865021234215,5267.0,6026.0,118.0,-975.3674830006885,-772.9874932563521,0,3,1,2022,bot,0
2,1,5,8.659163338454569,308.8831668725162,522.3752722198467,0.1834552711799653,1.1932703509021532,7013.0,6622.0,72.0,-217.74122662426637,-192.33417295822102,1,4,3,2023,top,0
3,3,7,6.697040183712169,353.0237420429918,465.92750472744683,0.2972943960576155,0.924246602085079,4851.0,6637.0,,-621.8473243664653,281.02672021596726,2,1,1,2022,top,0
3,4,5,7.103080520698046,274.52654046481155,457.5724666593331,0.22051070344330242,1.2272257670520164,5621.0,5538.0,74.0,-361.0550503593301,93.18084085220329,3,2,1,2022,mid,0
3,1,7,7.253818992318407,325.4000047737445,622.07921903617,0.28157468776154276,1.554831499313323,6873.0,5420.0,,-513.7644711157145,-304.59754939392514,0,2,2,2023,sup,0
2,1,8,8.941186207973352,328.6514023587574,605.3382264837733,0.2831258004308933,2.0329126913587987,6492.0,5537.0,65.0,-309.2318302636141,-660.1111007550852,3,1,1,2022,sup,0
1,3,3,9.021635567486964,432.60779062116325,454.07050987586354,0.28180338296400786,2.3793423042812156,4995.0,5394.0,120.0,,-97.16953606030589,0,1,3,2022,mid,1
0,3,3,6.987432818379526,469.79228834232407,606.1236469585206,0.02,1.004746146292545,7156.0,5620.0,114.0,-116.85160553844099,535.0249767013706,1,2,2,2023,jng,0
5,2,7,5.663921488317863,422.9439302152282,534.7101482440102,0.3467837765940927,1.7298719592678578,6341.0,6343.0,91.0,-392.839053884686,185.6755159830526,3,2,1,2023,sup,0
2,2,4,7.970780726945232,278.58107059531983,418.37536612046125,0.21132787101422446,1.2201765188157911,6566.0,6002.0,83.0,-351.6330334113677,414.0620019446069,1,1,0,2024,jng,0
4,4,7,7.065589527272282,402.9176269849447,506.764499614323,0.02,1.6001347431810173,5871.0,5808.0,84.0,202.09252387123524,380.23712431354835,2,0,1,2024,top,0
4,4,6,7.148803763853165,308.6884564518664,402.40757596568403,0.15706248189432936,1.7136447180349106,4846.0,5776.0,89.0,-30.31793989855565,159.5953140611005,0,4,0,2024,bot,0
5,2,3,7.456848426944836,425.85009667135796,513.2414551630623,0.2263328244326957,0.5573975910314876,5176.0,,89.0,595.9433240529343,403.09666565163957,1,1,0,2023,bot,1
4,6,2,8.758682584686895,357.04265122981184,530.2530291355636,0.12377357782386246,0.39279171821592285,6009.0,6089.0,96.0,,-264.34084197859795,0,3,1,2023,jng,0
0,2,5,7.4814902895536255,415.48897105011355,594.3406049615028,0.10336308720920921,1.0533514518434612,5410.0,,99.0,-361.1406998693128,-537.9663396734352,0,2,1,2022,jng,1
5,0,5,7.164729502750623,238.33566771026315,570.316722515526,0.17344436364940294,1.2368749442062947,5750.0,5596.0,107.0,-910.1632120624831,-304.5873794178924,1,3,1,2022,bot,0
5,5,6,7.276246965494213,491.40210940860135,675.8325442362144,0.28146422379222624,1.248244600978351,6068.0,5855.0,83.0,-845.3421842007242,-111.82626564756751,4,3,1,2023,sup,1
3,3,13,6.58501167904308,371.8639403815927,491.2307404713224,0.30262908968096336,0.3,5830.0,7305.0,,,151.1172244875702,0,4,0,2024,sup,1
5,2,3,7.227653497838472,346.95512976446076,773.5701765013049,0.24902139810568616,1.6621907192459022,5780.0,5331.0,112.0,-108.77160266755091,-292.6101878368245,1,3,1,2023,top,0
3,2,4,9.13799156819564,365.9453418930528,440.7389480592575,0.11924872569799774,1.1434159986976082,5878.0,5636.0,72.0,,594.064472297119,0,4,0,2022,bot,1
0,3,6,6.342490532892021,383.44669569457346,556.4697074742783,0.2817985486483405,1.5313464356929176,6583.0,6707.0,91.0,-716.8009585843004,458.17893024619286,2,2,2,2024,jng,0
3,2,5,8.906628861909557,387.1648099005452,458.3426086670333,0.23134656720413904,1.20389901632493,5194.0,6663.0,85.0,199.31471297512454,-23.43756528296575,1,0,0,2022,top,1
3,1,7,7.417413900899172,325.26738129771616,371.04942494497055,0.11184546731784703,1.166850611318829,4494.0,6115.0,114.0,-235.93184907041245,-520.8318063649289,1,2,4,2024,jng,0
5,2,9,6.329739597978032,331.2396779252571,420.3364890939929,0.06669274733310276,0.8113845305404627,6466.0,6233.0,102.0,,-779.0356812699889,0,4,2,2023,mid,0
3,2,4,7.769106968950179,288.36793786791134,614.7007753116868,0.23276412883453668,1.3607791337454092,6395.0,5970.0,86.0,-121.13851542565735,234.58193435676105,1,4,1,2023,mid,0
4,2,8,8.886539738642744,421.60323060095635,522.5835125284791,0.2400343457097402,1.2699603825700092,6259.0,5632.0,85.0,228.95638481163343,326.8128299934395,3,2,1,2024,sup,1
6,3,6,7.179304683079167,410.07939033885094,579.4179184082717,0.16578787837389408,0.700181491690886,5973.0,5498.0,84.0,-66.93794547101652,183.30514487647514,2,3,2,2024,sup,0
4,2,5,6.917172005052741,435.1885884982229,482.00954963443723,0.19010125753832885,0.7013140761274355,5496.0,6133.0,,-782.8629390948397,122.27025989138744,3,0,0,2023,top,1
1,2,6,6.995200478278712,364.52882965273847,555.5336412826723,0.16676008885561014,1.5972006734697706,5686.0,5773.0,99.0,217.90416103634044,-601.6157791902613,0,2,4,2024,top,1
5,1,5,9.237748046562396,450.5817212619267,396.5231355965737,0.12852241190447922,1.7485654338439862,6587.0,6619.0,115.0,1015.7581997934662,,1,1,0,2024,mid,1
3,1,6,9.090239640393971,323.4703849846901,441.5686722495889,0.34758573327707276,2.041473018292709,4834.0,6053.0,108.0,514.167656776069,110.88678755980158,1,4,1,2023,jng,1
3,2,9,8.246575287828712,346.1880517614992,432.71942855714497,0.4410960101225927,0.6885738197750535,6349.0,5513.0,109.0,,397.38424132710264,2,0,0,2024,sup,0
4,0,9,7.680234770832267,396.76223140974605,637.3853793426202,0.26653488247160395,1.6151947712988892,5177.0,6443.0,102.0,778.1232891064778,223.0580392769632,3,1,0,2024,bot,1
3,3,6,7.7897197662869715,353.5096963916557,464.83622738602423,0.10888686515121156,1.4811467615207885,5976.0,6315.0,111.0,123.32235965333066,651.5812896822621,1,4,0,2023,mid,0
4,1,9,9.140076475934153,401.45809298172895,497.31035094648877,0.2353418372211174,1.2166390672429088,6111.0,5346.0,109.0,600.326759930449,61.709233900180436,4,1,1,2022,top,1
1,3,11,8.60826442639873,393.3171574301066,439.07641536066654,0.3151803383989179,1.3044408799801162,5877.0,4790.0,76.0,686.4326639587499,524.7421086373295,3,2,2,2024,bot,1
1,2,5,6.029692814113804,311.52730555647713,462.77492109375714,0.1745774114707891,1.4365307773153553,5635.0,6382.0,91.0,-1.6044565300795597,-209.3959618556497,1,3,1,2022,mid,0
3,1,5,6.080181007280097,342.7893723781945,755.4594689759163,0.36999633157385103,1.047779419655614,4987.0,6177.0,95.0,-315.8400821947158,321.6244490009773,1,3,2,2022,jng,0
3,1,7,8.055066335816786,394.00597163025566,671.9873249001866,0.23255149647022844,1.7771953221098677,5321.0,6453.0,106.0,,173.5443741032175,1,1,1,2023,top,0
6,2,8,7.6976682356604345,344.68185054631704,567.4852425999223,0.198833944155799,1.876693646131648,5360.0,6496.0,112.0,46.27285257046407,-898.2637581089401,4,1,2,2022,jng,0
5,5,7,7.524699213239841,423.14858518898865,414.0730356737376,0.31968656523370964,1.0417719508736294,6061.0,5718.0,83.0,-523.3895078390242,,3,4,1,2022,bot,1
2,2,7,8.647306247535345,319.7999296973501,604.1355276726547,0.2067564937918055,1.5708865812628061,6441.0,6317.0,132.0,-365.4619030860783,743.9485306413864,2,4,0,2024,top,0
3,4,0,7.898995415574081,373.50918997533677,644.121089567728,0.12205682814931965,1.0328688523550413,6046.0,5820.0,116.0,,172.4954537102545,1,5,1,2023,sup,1
3,6,6,8.294469108053299,422.82231342509925,745.4958843642469,0.21465647396935558,1.4418884683966027,5557.0,5813.0,87.0,-172.20086672805672,-551.1938143301784,1,3,4,2024,sup,0
3,2,4,8.196810243178133,307.3842988021256,438.294993368398,0.16119056904651677,0.9863688096510159,5427.0,5097.0,89.0,-244.28641708624778,347.02169637608387,2,4,0,2022,bot,0
1,3,3,9.188802891048539,368.6614003180197,496.06742056016395,0.2542425130652349,1.268590250059571,5432.0,5741.0,93.0,-197.23481768267675,452.40519743631285,0,2,4,2023,jng,1
2,2,2,8.809047454325661,500.8762650382892,485.1470884008359,0.20975204810056342,1.6187536638766984,5210.0,6053.0,120.0,660.2220080969814,162.7090725924512,1,6,1,2023,mid,1
3,4,2,6.260918497511836,346.74594714133787,439.59614801927734,0.37268231448032274,0.9115605636703766,6155.0,6536.0,,-154.36914012352779,-267.6127487871285,3,2,1,2023,top,0
5,4,7,7.799977776552214,316.5101461162806,601.5689497529236,0.24475080478892827,1.3666438198142685,,6399.0,105.0,186.27160943297082,-35.49164784103654,1,2,2,2022,jng,0
6,1,5,7.727355929660832,283.27324461956545,614.5489734589859,0.1635939017375675,1.644207355644874,5037.0,6087.0,94.0,200.01812762645585,-53.586645758149686,5,1,1,2023,mid,0
1,4,6,6.588744123136465,408.6170555795147,524.6595908919705,0.10642953269422703,0.4215361662722167,5392.0,6925.0,98.0,-382.04528138951025,-866.1214496449052,0,1,1,2023,top,0
7,5,6,9.167660340650242,324.79419343770815,435.6649251909231,0.11305949895560805,1.9685378076548337,5119.0,6194.0,89.0,5.694350097798463,530.1095511335784,1,0,0,2023,bot,1
3,1,8,7.356213393148145,354.7958356929281,460.62249942943726,0.19688156459921852,1.2948808444417423,6461.0,6054.0,98.0,-496.49545219301285,358.5330516624565,3,4,2,2022,sup,0
2,1,10,7.969371621511852,339.8039610390623,545.3719762600488,0.16068948835240057,1.5618416234609156,5074.0,4498.0,,311.4220715397292,26.93917599160983,2,3,0,2022,bot,0
1,2,5,8.955149338651724,451.73345846464434,474.1474992858914,0.1863312925237114,1.1362663576136516,6472.0,6025.0,,435.1775420346213,628.0433498162886,0,3,0,2022,mid,1
4,2,3,7.947854021119368,380.92772657222264,701.6566250793526,0.2677801255078971,1.5647041062036315,6492.0,6039.0,69.0,,,0,4,1,2024,sup,1
2,1,6,7.0789456542986064,313.5116965784433,596.6044687758223,0.21460426573842825,1.2424790121721776,6714.0,6507.0,109.0,170.19914182070676,-794.633328983633,3,1,1,2023,jng,1
5,2,6,7.193291117098319,394.5173294325191,507.2845879539912,0.15519208278730973,1.7309615875094342,,5428.0,,207.17009189725076,-371.8197057264855,0,4,1,2024,jng,0
2,3,8,7.6494860778704865,404.52793597469315,403.75879823215956,0.2635585310267211,1.8482242227088148,6082.0,6356.0,117.0,5.392718620730875,265.9453741286213,1,3,1,2024,top,1
2,6,3,6.112540251294824,368.25049907862405,448.57349454228097,0.3320828181817538,0.9726173041924769,6368.0,5677.0,117.0,-371.5306545829883,-43.19998574201777,0,1,0,2024,sup,0
5,6,3,8.657486856906658,392.172563895961,545.3134215814453,0.23373875131947602,1.2258958006260188,5504.0,5197.0,123.0,-392.0198342958032,223.10646841207057,1,3,1,2022,jng,1
3,1,7,7.284730738126412,393.1136617520902,700.6912466829608,0.32761228358344063,1.0753724685646195,5742.0,7762.0,79.0,-468.60942450467695,-745.9728495588865,0,2,2,2023,sup,0
2,2,8,9.171013472948719,392.08998166471025,652.1709320296588,0.24000695947336742,1.6252089863241543,7024.0,,103.0,-538.266954329875,-25.268535241588097,3,2,2,2022,top,0
3,5,4,8.72148154549784,305.955638545316,445.9495796901251,0.15537151618784628,1.5663383444633907,5277.0,6026.0,70.0,738.9008667454199,-226.2986492693999,0,1,0,2024,bot,1
3,3,6,7.7567599745466485,360.745208125575,397.94379280222444,0.23600407419860847,1.6385515541390894,5952.0,5887.0,113.0,-821.9105472156401,309.8817986381791,3,1,0,2024,sup,0
5,2,6,9.58022669450485,276.74087918939716,587.5871666657537,0.11242328009638244,1.9580372203307932,,6633.0,94.0,343.9553226790461,118.67918620340097,1,2,2,2023,sup,0
3,2,7,7.269614834289241,456.2343742148341,354.7154993561917,0.17509268373077774,1.6521484295579167,5791.0,6598.0,87.0,,662.6954633876248,2,3,2,2022,top,1
3,3,3,7.442011947490207,384.0176649578878,418.2254450168028,0.13978086273185422,1.3680708782656046,5536.0,5734.0,85.0,-38.515919720071935,298.98991418883446,3,3,1,2023,top,0
5,4,5,8.730901083618756,395.94448269660523,634.5548497169978,0.2379351651449455,1.2352170805261387,5265.0,6091.0,69.0,-523.2887319609931,230.07604178131453,2,4,1,2024,jng,0
3,1,5,5.891112100180396,324.8554179510512,481.72443915998105,0.19249732645729287,1.4988881552415456,,5432.0,98.0,363.63462437370487,-434.21745518124465,0,0,2,2024,bot,0
2,6,4,8.025842329162517,374.22844485664774,515.0985640924545,0.22382999114649355,1.8431515732842114,6121.0,5851.0,94.0,111.45621075464582,-29.8651132071505,0,2,1,2024,top,1
2,3,5,8.316602029290744,349.1196117182172,302.07554028246193,0.2563784525050526,1.5932936618743563,5295.0,4958.0,,-5.86492452749458,-672.3297942307456,1,4,2,2022,sup,0
4,0,5,6.972278296823641,313.25321112291147,537.4434865991122,0.2821913636477981,2.137672294587687,6193.0,6165.0,110.0,-150.2380507305907,-267.94485873933155,2,5,0,2024,jng,0
2,1,5,8.739795981727886,454.7037940239203,637.2137688825449,0.3356299259642993,1.3019906143402145,5670.0,6264.0,123.0,-49.53742558625754,-611.1049213608823,1,1,1,2022,bot,1
2,4,2,7.3997550121113544,360.0644295386624,458.0369341810467,0.07715603239984978,1.0584280448806103,,6231.0,127.0,-643.782866760645,731.9469176782894,2,2,2,2022,jng,0
6,4,8,8.782232756479651,401.78678173096745,478.1646134606419,0.29314210927064066,1.7267969192604822,5131.0,5737.0,67.0,15.395030397757466,86.95052320286811,1,1,2,2024,top,1
2,1,3,7.359843899204674,423.17645961069707,409.3336010529439,0.06066261419982427,1.195620989722011,5332.0,,98.0,216.12062632569632,-732.3293115504009,2,1,1,2022,top,0
2,3,6,7.660174272055819,389.26214137512665,465.799948254721,0.2248419128588926,1.3182293740583604,6060.0,6396.0,97.0,,-305.78639719207297,1,5,2,2024,jng,0
1,2,3,8.26292256447033,371.42098579384594,667.3049174415426,0.13299995816479643,1.3527284067795493,5506.0,4860.0,146.0,580.836443026587,-534.3966991774842,2,3,2,2024,sup,0
4,4,3,7.391155141412556,379.78420669067384,699.2071723342058,0.18919476155507925,1.6433475453070114,,6193.0,80.0,-541.8101964882517,-250.6153548573986,0,3,2,2022,bot,0
2,4,1,6.249816735537542,416.9004820134568,702.2112866041821,0.2853858953978856,1.0015476042791898,5053.0,5284.0,121.0,-346.4740993721791,861.0001858587408,2,0,2,2022,jng,1
1,4,8,7.335088776606902,339.3646324712815,606.6177332203271,0.16462614624077015,2.1364060208998676,6004.0,,104.0,-194.66767008951157,-233.71928112651466,0,3,1,2024,sup,0
2,1,3,6.506444438898707,414.4395090333851,284.34491556677284,0.07597024339875999,1.2601333024402717,5908.0,5872.0,92.0,114.24178357337072,126.8016461115196,2,4,1,2024,bot,0
2,3,4,6.447191335992497,370.5245956022612,689.1006924105837,0.30899500011577985,1.0663558054723676,4994.0,6014.0,107.0,-11.268978605948888,-456.9439336324456,1,4,0,2023,sup,1
3,2,6,7.015897376909708,420.5599205817129,577.3187598712692,0.34921835968384785,1.381132307971891,5495.0,,84.0,-308.36834220375493,-258.9965765698173,2,5,2,2023,sup,0
2,3,7,6.891909303203346,494.3749250772822,519.1156627453595,0.3031103395830186,1.0045612570528133,5834.0,5803.0,99.0,-193.16806649264373,-65.96096255737783,1,1,2,2024,jng,1
2,3,6,9.684007557004735,497.84808144323557,554.1587737269182,0.2997547287185781,1.6458913772331831,5248.0,5670.0,101.0,576.44727376592,513.0623190981223,0,3,3,2022,mid,1
3,3,9,8.6480483822473,383.0983576213619,577.8113170860462,0.30613768994077106,0.9034076511826996,6278.0,,88.0,-460.82788368119463,100.25350308710067,1,5,3,2024,sup,1
1,1,9,10.177679166230307,411.25486481233355,634.6568339736568,0.130016961754072,1.3100463170183905,6511.0,6177.0,96.0,227.24251167370642,-295.26200515581445,2,5,3,2023,top,1
2,2,9,8.441272790163875,429.88329063801405,344.9267061855277,0.11886782749842849,0.978892431080191,5036.0,5715.0,98.0,-495.24056802489054,373.8100976384203,1,1,0,2024,jng,0
7,1,9,9.039690021512511,346.96576724759467,694.4351851343627,0.371761641443905,0.9225867601507254,,,104.0,169.86183028221862,-348.84606526268493,3,1,1,2022,bot,0
1,3,5,5.7031525964412255,289.91007706867015,478.6270175311058,0.20243867121715273,1.641982905210578,5226.0,6463.0,110.0,309.43455423550193,-101.98090210020038,3,2,0,2024,jng,0
2,3,0,7.3560055824816635,379.1020021359985,553.245345361924,0.04692634029574627,1.0949067392023466,5358.0,5439.0,116.0,581.7342268992452,160.07231801399024,0,0,0,2024,bot,1
2,1,6,7.530846590129732,400.4413909522349,599.5138481399222,0.23260061665094636,1.5845084159897975,6020.0,6401.0,69.0,231.37363813917045,,3,5,0,2024,top,1
8,1,8,7.705662834284814,417.3440866516076,513.9456881380438,0.1820378114382533,1.8240954337315693,,6128.0,101.0,-850.5271300627089,-22.05374763755774,4,1,1,2023,bot,0
2,2,6,6.775546596214984,315.5705980630034,638.5418851462316,0.23710863400306634,1.2290427788536042,6352.0,5890.0,94.0,173.13372351468232,-587.4389711765275,2,2,1,2023,top,0
4,3,5,9.43348332521148,304.0268372381009,566.1593635212992,0.2628639363779154,1.1731142481627987,5238.0,5910.0,,,312.78568367423804,0,5,0,2023,bot,0
0,4,5,7.873346060632361,394.6552138031225,562.6472359229488,0.1767014545766617,1.687535411687098,5590.0,5710.0,91.0,824.5517614086241,961.2207058377861,1,2,2,2022,jng,1
4,4,5,7.395582334799536,356.30630453871123,717.6726903169188,0.19273688721275192,1.6759936320091018,4857.0,5685.0,97.0,3.291307555753747,804.3713767491676,1,2,1,2022,mid,1
6,4,7,5.935221269732053,402.2312323874605,581.4014527963686,0.15012554032208367,0.6369667299361427,5591.0,5821.0,,263.723603989224,360.68135397137826,4,4,2,2023,mid,0
2,2,7,6.6899881196335365,429.38825105184435,602.0283474904094,0.4393349086079237,1.9525304559308827,6314.0,5530.0,105.0,190.86481778219314,-3.760024149584595,3,4,2,2023,jng,0
2,7,2,8.54538035947526,334.16153648475,396.3065393174186,0.15466585204683603,2.120231422396642,,6633.0,112.0,90.52625476294597,-658.46449003687,3,2,0,2024,sup,0
3,2,5,6.996852579208527,467.5580468062111,688.904480729382,0.02,1.5425274757563352,5101.0,5899.0,,374.0708517705715,246.6770809327669,0,1,1,2024,bot,0
3,1,4,9.029399588552657,365.13507560281386,581.6604322987014,0.19777441367667345,1.2250386116221352,5921.0,5687.0,104.0,-395.30204380635666,-117.3748842586087,1,1,2,2024,top,0
3,2,4,6.621100941412921,302.21987018161303,287.5605090168287,0.26244308444004527,1.2277722476762802,6247.0,5744.0,112.0,-218.01947573137602,-156.22999476527943,0,2,5,2024,bot,0
2,1,6,8.242400532576413,400.59522608324255,497.0298770033212,0.22179660938902435,1.0419628197185007,5435.0,5881.0,102.0,763.2902224799876,133.2197531417461,0,5,3,2022,jng,0
3,2,7,8.195260436656786,389.3835683928529,603.4767819219419,0.18289395113171553,0.7671207109803402,5213.0,6019.0,132.0,-299.61138148796374,-103.14065111759683,1,1,3,2022,sup,0
6,2,3,8.47139995749881,350.02051128594985,566.0922080771473,0.20269952843905478,0.9245615030907313,6129.0,,99.0,-345.3553716799972,340.85803389096986,1,2,2,2024,sup,0
3,3,12,8.789925835464004,419.21356358714,596.8452026630506,0.12468186397444446,1.6558685022699733,6179.0,5781.0,97.0,-348.77901605183,-212.2045662768163,0,3,2,2024,bot,0
3,1,6,8.119554346122296,395.78476402121936,659.8982306423994,0.1507427915410558,1.5692476044313293,5796.0,5974.0,114.0,-369.8164169488707,139.68699938725393,2,1,0,2024,jng,0
1,0,4,6.776094696622467,369.0267866279726,499.58722811300913,0.19384584820502754,1.9785384188149504,5604.0,5536.0,146.0,-345.79935507702976,347.0076659912473,1,3,2,2024,bot,0
2,2,10,8.209335301417033,398.4861029189989,514.3737834663821,0.11207121943376418,1.5735515140377907,4980.0,5090.0,96.0,,-35.60610203426825,0,1,1,2023,jng,1
3,3,3,7.408702951169718,267.90345299544975,434.14051101161346,0.1940529607490152,1.1874597488585408,6218.0,6477.0,103.0,-126.66180437282303,-627.2997485649607,1,4,0,2024,jng,0
1,5,5,8.908059721502077,508.0187407303742,537.0164741202419,0.12668520641518544,1.680554859122609,5177.0,5944.0,99.0,432.5777515802067,-87.54027060004265,3,1,1,2022,jng,1
6,1,5,6.4390960269022,364.54103818035674,609.5739137058054,0.279236787632093,1.7152866640486417,6452.0,6231.0,96.0,-127.79765994077046,20.197739949564806,1,3,0,2022,top,0
3,1,7,6.3352789735504205,302.0871090808565,590.7217112442771,0.24340699907319646,1.7055611804766844,4915.0,5530.0,86.0,307.58593825848936,,1,4,2,2024,sup,0
4,1,7,7.08615768669213,384.5931352642278,584.1781548474569,0.2466199790250948,1.1734345087261406,7559.0,6580.0,78.0,349.4927206352859,81.50294118587706,0,1,1,2024,jng,1
2,1,8,7.655566787235642,281.2242636598119,402.93739547891477,0.22569259915395223,1.216897192582574,5636.0,5437.0,91.0,528.8684485245783,328.752306013307,3,4,2,2024,mid,0
4,4,2,7.91552939602109,388.99818845112696,623.3776361957979,0.08184413400626414,1.5035302384210174,6306.0,7025.0,94.0,37.44037918869408,,3,3,2,2022,jng,0
2,2,7,7.851786147377151,351.06793258320516,375.62103823441305,0.20601543628012564,1.6044216340070994,6601.0,6749.0,119.0,748.1259140185787,316.415171858257,4,4,0,2022,top,1
3,2,8,8.655158809528023,366.5832659473235,584.9219495701254,0.17871443002867182,1.0515413680064492,4487.0,6236.0,98.0,554.8133859506052,480.8275438035853,0,2,0,2023,bot,1
1,1,2,9.18106400023464,350.92969302582526,763.430686567335,0.37478774954104876,1.5179026623749055,6641.0,5632.0,100.0,-49.13403115988382,74.4734170193868,2,2,1,2022,top,1
6,4,4,7.5957985931188565,378.52922519177986,480.0615898839414,0.21265108764384422,1.1947025064224532,6502.0,5676.0,121.0,-103.52009611898424,779.3702587923849,1,6,0,2022,sup,0
2,4,10,7.173618196229888,354.07840624169813,467.3509797107841,0.2771657876181246,1.1313994215101117,,,85.0,271.73602355948697,-216.92988521555284,3,5,1,2022,mid,0
5,2,4,8.159138128983905,398.1071935605529,420.7944849662128,0.31655309013534083,1.9860591862327057,5173.0,6219.0,103.0,89.8956977697319,225.4734668983691,1,3,1,2024,jng,0
4,0,4,7.3124130390224735,424.8826561433668,795.6605391138255,0.02747952837211745,1.401198266081274,6345.0,5824.0,103.0,503.86926118923316,-30.829091743443144,1,0,5,2023,bot,1
3,2,5,6.205615074984681,375.7556081068161,657.7820227334375,0.23185298635136936,1.1086798911768545,6181.0,5656.0,100.0,390.6527632671276,-75.93114495270163,1,3,0,2024,jng,0
3,2,1,8.086979512531752,392.5525884814274,507.07751262727123,0.24256771824720164,1.8207028881533631,6800.0,5732.0,86.0,240.53170032807384,217.03065855251788,1,1,1,2024,mid,1
2,2,8,7.088648398791475,288.46074142795374,721.2450658821176,0.31494345425023085,1.054867424975819,5003.0,6177.0,66.0,-968.1108091334007,99.48442252503278,1,2,1,2022,mid,0
6,2,7,6.889004627643531,333.72032122652985,590.5990368228873,0.28178300516203647,1.0896975803463196,5656.0,5474.0,78.0,314.53811074146466,-165.60773202879025,2,3,1,2023,mid,0
7,2,5,7.362460286487843,397.29498972836575,629.897543577212,0.1810608969541939,1.2031370453610442,5892.0,6701.0,99.0,-501.57060832734953,387.3715233990427,7,2,0,2024,sup,1
4,1,2,4.322505630604184,375.4062977108511,448.8932230185229,0.11223135288545431,1.9508530607712853,5546.0,6370.0,101.0,-227.37739958987035,-634.4730180582202,0,2,1,2022,bot,0
1,2,3,6.846074479376777,405.06844636827026,613.153497111068,0.2758693458551873,1.6237062319829627,5540.0,6048.0,99.0,-455.4150477630077,-61.03753768327273,3,4,3,2024,bot,0
5,1,6,6.24747812160892,355.2320929291167,507.76224417260164,0.09036769189512817,1.6018744679333794,6137.0,5967.0,104.0,249.6594730266284,320.2713180946158,0,2,1,2024,jng,0
5,1,3,10.08447850072087,369.3472972569291,309.4697680440418,0.25402364698954394,1.2476604413502983,,5991.0,72.0,-164.74105433946346,38.404049950384135,2,5,0,2022,jng,0
3,1,6,6.360567693862462,375.9164005166698,408.06514876697514,0.04515893256885459,1.121523838150345,5821.0,6537.0,87.0,94.73106854991235,,1,3,1,2023,sup,0
2,5,6,7.839018697451367,330.04053867896585,557.8889174420393,0.4072920624510501,0.987416730882932,4142.0,6124.0,124.0,95.65360004609263,371.8545174707216,2,2,2,2022,mid,0
4,1,7,7.015802254262301,402.8475093072089,483.88911071550734,0.13788083203772078,1.3219245498889522,6374.0,6276.0,58.0,378.53676564264265,614.0649705387376,0,1,1,2022,sup,1
8,0,7,7.602673424004861,351.40622137476186,521.688223222122,0.31019044762513365,1.2906125726473698,6234.0,5741.0,106.0,785.1217065288253,-61.47041735088263,2,3,1,2023,jng,0
5,0,6,8.724195728561995,332.3720536099423,566.1394634223957,0.31810315563625835,1.1713881858517987,7193.0,5929.0,90.0,245.23023988164908,-123.14719550348802,3,1,1,2024,bot,0
2,0,8,7.1683939729482145,373.18365631465184,537.0839491756838,0.2781670732690957,1.43390694110767,5347.0,5917.0,83.0,249.24670819170012,24.993818630066926,1,3,1,2023,mid,0
0,1,5,9.574833690747136,289.8338035086379,512.1913625126798,0.27655053687174863,1.5601715625173769,5350.0,6295.0,105.0,-90.50146849718406,437.2319686811466,0,3,0,2024,sup,0
6,3,3,5.159797900817634,375.79175344119466,515.3616118070835,0.2268941043544768,1.639202968064715,6124.0,6034.0,105.0,-617.7138911004012,322.1746718725516,1,2,0,2023,mid,0
4,6,11,7.33370810026874,452.1657025750282,689.5172089448967,0.24709008244647623,1.51071105190459,5420.0,6515.0,109.0,486.3485535177266,,1,2,2,2023,bot,1
4,1,5,7.97943383169262,400.97128910707346,340.7596979295237,0.25976722377097816,1.4127372334883765,5585.0,6361.0,102.0,-69.32827134031695,-119.42598586885137,1,2,0,2022,sup,0
3,4,6,8.488874925670466,463.46302720830107,521.5893217409006,0.2884716995157039,1.7120113253857705,5991.0,6779.0,80.0,-474.1724764466992,,1,0,0,2022,top,1
4,5,6,8.67765896965053,464.859820764077,548.6200713290939,0.17688594421041712,1.316748127348539,6632.0,6526.0,,184.57045428828843,249.54560417129366,2,0,0,2023,sup,1
3,2,4,8.20870496554748,351.5120120999421,494.8896188569523,0.32141848545207724,0.7203390042888325,5642.0,,84.0,76.88221678061032,244.01736933940987,0,0,2,2024,jng,0
2,3,4,8.03145033322781,310.5619809448814,675.580431832532,0.35158454354091284,1.4618820563211603,4511.0,5933.0,103.0,-159.07960349351367,-28.822888134714855,4,2,3,2024,sup,0
4,1,6,7.115601298630313,344.8063694618777,690.2061280206731,0.3255792871148229,1.6879034516095563,,6009.0,130.0,441.909460519406,194.33974369798543,0,1,0,2022,sup,0
4,2,8,7.236787779076777,276.2102517118466,479.90981148311425,0.24192915220823283,1.6179987905241973,5613.0,5663.0,,325.3658059910464,-331.2413024253915,3,8,0,2023,mid,0
1,2,5,7.939629854259568,399.42908943897146,427.74953604041605,0.23223329084352012,1.5186707783179187,5222.0,5729.0,103.0,581.7341685261604,-193.71885197341612,6,3,1,2022,sup,1
0,1,7,6.7845460291153135,408.7256199954394,461.7413871698286,0.22994172572488392,1.1893248391981401,5463.0,5633.0,93.0,,-210.35014029506192,2,0,4,2023,bot,0
2,4,4,7.733308347175907,426.0356736035767,522.3438438706544,0.1997515081580185,1.098144666903146,5978.0,5996.0,112.0,-78.56646243727151,-79.65384831591696,6,2,1,2023,bot,0
3,3,9,8.438328618703265,387.3005544558431,469.04894981288265,0.3043583281440592,1.2594241386925957,4834.0,5941.0,95.0,-143.64623794606803,-558.8426609974326,0,2,0,2022,jng,0
4,3,11,9.096503019731193,438.32567997619157,460.46436026933736,0.2622666789470437,1.6935685194189767,5849.0,6853.0,84.0,473.38181403496884,-444.17196317370144,2,4,2,2022,bot,1
6,2,6,8.796400064399075,378.08258527216634,452.4622916215292,0.148678001995688,1.3492784433107643,6428.0,5732.0,,-179.80763499717742,62.82718384978013,1,3,0,2023,bot,0
4,3,4,9.212037170218023,389.24427938554334,593.6079396850301,0.2495971771627976,0.7762946810656479,6504.0,5118.0,96.0,-86.0723347011501,,3,5,0,2023,jng,0
3,1,3,6.526051899356269,457.34471842149105,350.04055582790284,0.26517913728251885,1.4371006660344088,6018.0,6494.0,115.0,250.93009372875662,144.8814605272314,1,1,0,2024,jng,1
0,6,7,7.6375512684720315,399.4850184193057,510.217293616781,0.3527111735735129,1.3381380119438173,5128.0,,96.0,473.86162004711673,-31.512582712393765,0,1,1,2024,top,1
2,1,3,8.313812934806924,333.72047927956584,597.0543102823113,0.3488619710417251,1.7443839890595982,6074.0,5448.0,124.0,348.9834267359384,-608.9553824297462,2,2,0,2022,mid,0
4,7,10,5.6376261976596815,425.44179717820464,750.703461897074,0.22679801578535047,1.4806464633904237,7408.0,5342.0,96.0,,-178.77693500230762,2,4,1,2023,jng,0
5,0,13,9.05108385339199,382.3099118802563,542.3795941741928,0.14528017451353875,0.7934775220221368,5407.0,6462.0,103.0,-111.07385813265398,128.19891282148552,0,2,3,2022,jng,1
4,4,7,7.628468142294716,368.5388205199612,598.3815058136955,0.24888908538314775,1.4497987226755304,4819.0,6392.0,123.0,157.6565049116619,178.9352214834019,1,1,1,2022,top,0
3,4,5,8.52387417861694,401.8613856679479,661.7773424574686,0.27186604787238194,1.3385275532679293,,5674.0,70.0,,-217.62555231025078,2,1,0,2023,jng,1
5,2,5,6.057443824034269,264.41781876849205,711.5231153574277,0.24882991194871282,0.5745629112649188,5492.0,6172.0,97.0,-467.47443646353395,605.3154334345586,1,3,2,2024,jng,0
2,4,4,7.541311852069889,349.81532714911987,744.4070964415375,0.22704372813356957,1.7605361211749528,5131.0,6064.0,104.0,-526.1128418351443,-318.00232668572374,1,0,0,2024,top,0
3,3,4,9.93458901567883,382.4470375549729,558.1001402357232,0.14568972945238085,1.9623665143694442,5930.0,5801.0,104.0,140.1584321478863,395.0172676967459,0,1,3,2022,sup,1
1,4,7,8.313684830600122,343.5709959588084,352.8780666630296,0.18513440255383856,1.7348796793852834,,7154.0,111.0,-110.9031981131701,247.30436595873834,2,1,3,2024,mid,0
1,5,5,8.681747706533956,413.0765118664587,312.50030898257864,0.19198959220000425,1.3258571451601526,5090.0,5813.0,99.0,,290.98301476167427,2,2,4,2022,top,1
0,1,4,8.223165988048228,388.7790325745993,561.6209409811511,0.10998198468546432,1.0554460606021976,6573.0,5941.0,121.0,-292.8546846309732,-133.92518241929054,1,1,1,2022,sup,0
5,1,3,6.251427539169833,351.2559680568487,504.4416287474023,0.28194090662506344,1.045081745084627,5444.0,6201.0,80.0,215.72100409466276,-26.653069197489142,1,3,1,2024,bot,0
5,3,9,8.310276433363859,440.4490571321995,442.99718325249614,0.15163011007461252,0.8917511871643886,6049.0,5935.0,114.0,690.7525490164602,577.4801278461277,3,2,2,2022,sup,1
5,2,1,6.828591200114618,355.900352231261,533.172228078535,0.20474987413815562,1.6008435104608816,6067.0,5212.0,79.0,201.65721312716965,,0,1,0,2023,bot,0
2,2,4,7.813698309177892,423.5243365655234,501.4476746972834,0.10534736985493502,0.6540079860323228,6696.0,6602.0,105.0,548.9113464601912,-628.4878446718152,0,1,2,2024,bot,1
0,1,2,8.938328697710025,496.46682433188107,379.2251437303259,0.23895762328723547,1.0996685123591408,6577.0,,90.0,349.6759780127427,322.56909567758885,0,3,1,2024,bot,1
4,4,4,7.342397051494142,358.52364839572533,539.8634309912044,0.2719771417778515,1.165822577626098,5622.0,7286.0,111.0,-26.477902909859615,478.27124345986,2,2,0,2022,mid,0
2,4,7,7.596409259511994,382.9070769463053,491.616430772425,0.1827807640080624,1.65617049943,,5267.0,125.0,662.436169603561,-305.24834076855694,2,4,1,2022,sup,1
3,2,5,7.078754776599925,360.76385749692724,504.96232146493423,0.0947463763272752,1.0863761291835141,6138.0,5955.0,87.0,-570.8811997264022,39.336365075151846,0,3,0,2022,mid,0
3,4,2,7.171724240637239,318.34521292708763,502.3861904911822,0.23955439200300993,1.1846869561975129,6291.0,5758.0,82.0,-102.11001213804022,-70.27964518490182,0,2,4,2022,jng,0
4,3,7,7.86778477779329,394.1355709305018,617.8166790154837,0.24960695309343242,1.2344885192989383,,5945.0,110.0,253.8695159065282,-60.11102177578759,1,1,2,2023,mid,0
1,3,3,4.977459298906837,300.9480567724669,538.2251954141013,0.14810989199971136,0.8685030825230659,5895.0,6261.0,102.0,-434.3510357561091,372.1095684840022,3,2,2,2022,mid,0
5,2,7,7.5750048134888575,480.4356536711918,626.6222084068768,0.17182373059957615,1.6498663462020442,5921.0,6011.0,84.0,-36.43007112585093,617.793267192462,2,3,1,2024,mid,1
0,1,8,6.9752961965761795,295.7077220735076,502.01436833047217,0.4670095706758016,0.8360141143440916,5834.0,6683.0,110.0,,213.77667090017934,1,4,1,2024,sup,0
3,5,5,7.2334046068113835,318.47150135348704,441.3140111757036,0.2529605248471413,1.4529988748751295,5431.0,5933.0,104.0,333.82001885670826,151.77933287244383,3,1,1,2022,mid,0
1,2,3,9.13115505969124,379.87579995167937,459.453695690212,0.19778000190684578,1.1967431643290958,5926.0,6470.0,116.0,-444.75782850074023,-406.8742056196305,2,2,4,2022,mid,0
1,2,6,8.419790944463452,337.53776261521205,629.4573269930705,0.17965683351374678,1.6173530955635287,5924.0,5324.0,81.0,126.79289893913227,101.03422807514727,1,5,4,2022,bot,0
3,3,11,5.779630706902089,385.32733165698323,783.1931315588804,0.19777486755851229,1.8183623317058617,6330.0,5585.0,88.0,-442.32015287373844,-22.87831167557742,2,3,1,2022,top,0
4,3,6,7.699756185775876,345.90935252802205,702.9108661011724,0.17022965213120136,1.5085038976448428,6516.0,,137.0,-296.9437312428894,-67.40491494362344,0,2,1,2024,sup,0
3,4,10,8.687412291261811,418.5940596558721,331.2506089316173,0.40311148184117174,1.700760429707904,5660.0,5615.0,77.0,-301.3228956747316,252.90110923807043,0,2,0,2022,sup,1
3,3,3,7.855067757691732,383.91615125857953,654.5810207340656,0.17900163485002518,1.234973762523773,5864.0,5827.0,99.0,-79.39477325167115,225.09086568780646,0,3,1,2022,jng,0
4,3,4,7.4090578637308075,304.4194880636229,364.8691216774736,0.16191428105443695,0.7084345364135132,5221.0,6447.0,129.0,-192.78948935921744,,3,3,0,2022,top,0
6,3,9,8.139556762318179,387.30699902183824,850.1547792218038,0.2232515231898144,1.3490323158564947,4913.0,6498.0,116.0,43.99116197268461,-217.60100116256348,5,1,0,2022,sup,1
4,2,1,9.131160163656698,361.9827617031517,607.5564318552429,0.06742786237178294,1.6738190601539018,7290.0,5757.0,101.0,561.1517721777836,-331.8631537479497,2,3,1,2022,bot,0
5,1,3,7.540452701433605,326.41232005218205,730.2726305148985,0.30809438911573434,1.8315747882752165,5293.0,,92.0,-183.5082545492121,-132.921134519847,1,0,0,2022,jng,0
3,0,9,8.803712293783596,418.35062498377073,612.8099854300303,0.30526420815708816,0.8276699410946872,5645.0,5786.0,102.0,782.5562669992034,175.04434689536257,2,2,1,2022,jng,1
3,3,10,8.200970807505648,488.6838671706386,449.7895917110586,0.24964675223552255,1.6038724412749354,5987.0,6020.0,99.0,501.8900314029533,541.3047678162961,0,4,1,2022,top,1
3,2,7,8.796827617074094,393.4636645485406,625.8463308486422,0.3143613913429345,0.5379301656627814,6208.0,6010.0,109.0,270.20809642347746,654.9972185172757,2,4,0,2022,top,1
4,5,6,7.540441424096098,415.4237772778761,567.3197683051033,0.02,1.5841434337687808,5652.0,5669.0,104.0,-492.2688961752953,-29.608129825322667,0,4,3,2024,top,0
1,1,3,6.404858874278721,356.4629640463797,551.007346369057,0.15705215517150978,1.0322784617068184,6384.0,6377.0,114.0,-195.16664966006437,-423.1932729543636,5,1,0,2023,jng,1
0,3,3,8.538494730073367,364.45407067911384,571.5012602473012,0.2852606072169432,1.5370486814875715,5221.0,6366.0,97.0,297.950856043555,186.28160179315978,2,4,3,2022,sup,0
5,3,7,6.587210638995146,364.7544447758682,609.2269285083486,0.06953292861604304,1.5933964034873702,6779.0,6370.0,108.0,,195.47805152012359,1,2,0,2022,mid,0
3,5,9,7.834051897243772,366.38471314748136,355.8688508293265,0.366097142437611,0.9765301520978483,5966.0,,86.0,-164.9993960451568,117.06824447277188,1,3,0,2022,bot,0
3,4,6,9.20931913606537,350.4051343101588,380.33141291401756,0.2355594045041494,1.3371365560682094,6795.0,5656.0,89.0,123.6948000918324,-320.72401769157324,2,2,0,2024,sup,0
3,3,6,7.192374002938708,314.758571862804,612.5404928965547,0.24915551382594953,1.0997843193057628,5422.0,6348.0,89.0,-283.29065908166524,-214.89184601696087,0,2,1,2022,mid,0
2,2,7,8.672368099439282,268.7120939284733,200.85946229190716,0.1935808902714166,1.5590112985418965,6213.0,5875.0,120.0,60.56615605612896,297.486236941218,4,3,0,2024,mid,0
0,3,3,7.6155067978695685,321.34485985841366,554.760191951687,0.3104954625434172,1.3437574288419687,6417.0,6014.0,95.0,139.55457999066067,719.8568921617624,2,2,2,2023,jng,0
6,1,4,8.880556246191702,413.999973015435,535.4934266914796,0.2479087572436336,0.6857769773434916,5252.0,,78.0,399.08616411024207,543.8661223790032,1,3,2,2023,mid,1
2,0,9,9.338714736888583,401.54405469975507,541.0224597696568,0.2019870437798861,1.721543056380805,5691.0,6203.0,104.0,-346.0309960849048,166.79459766055038,5,1,2,2024,top,1
3,7,3,7.166654188900329,336.15044922233363,529.7659993615704,0.3110914837096235,1.3120721306363414,6001.0,5993.0,101.0,,423.56341397938223,3,1,2,2024,sup,0
2,4,6,4.132023368216598,435.73393262162904,306.5780411360598,0.34414205440813783,2.0874479353891933,4854.0,6269.0,97.0,-397.30737298154395,-424.5951828844831,2,1,1,2022,mid,0
3,5,5,6.84915743630361,387.2590215953484,387.3748862644047,0.10489772118588929,1.417105129335255,5949.0,5350.0,112.0,118.34744729021517,-330.39419574911875,2,2,1,2024,top,0
5,1,13,7.515291280850051,354.2122621627194,564.2183573491983,0.24267724931883963,1.9211623180230601,6010.0,6413.0,115.0,,-383.3378651906137,1,0,0,2022,mid,0
1,1,4,6.641410941833868,334.5228590515699,449.58829855516535,0.2709169475820984,1.3630892024519559,4988.0,6360.0,80.0,385.1112206848133,,2,1,1,2023,sup,0
3,1,1,8.157743063616435,410.44362633961987,653.2499978335507,0.2981687710551792,1.204636575695067,5560.0,5933.0,111.0,232.92858763821732,629.1444293641887,3,5,0,2022,bot,1
1,3,7,8.218159210549226,401.17973447807765,532.7254463459108,0.33907306147954064,1.5268100785577043,5940.0,5981.0,,134.27207764826414,426.79933728052885,1,3,4,2023,top,1
5,5,9,7.242169029815674,453.25735916473167,457.5742400211064,0.271668895268577,1.1378167145651101,6549.0,5236.0,87.0,-307.81112550964394,185.02070248132787,4,3,3,2024,jng,0
1,3,7,7.212816455434801,359.56313986297226,435.9203554890121,0.3942077115560988,1.3303181487125468,5680.0,4910.0,81.0,83.94538581975905,131.77831940238718,4,0,0,2022,bot,1
3,3,4,10.35699641116457,439.4771018446189,746.3511314982741,0.10774217981991292,1.6953104648149806,5660.0,5981.0,88.0,-73.85477481677125,738.5866726859838,4,4,1,2022,mid,1
8,4,5,8.604636923679063,446.83836711397373,537.7645435111448,0.13866300059043477,1.4234484208453313,5865.0,6159.0,75.0,-250.29069320697764,-349.46655795829486,1,1,1,2024,bot,0
1,5,6,7.196895633455133,375.6431880330093,620.9380035416663,0.2548607247608794,0.9406438082817259,5471.0,6574.0,132.0,28.84062691631111,-177.00869051556637,0,2,0,2023,bot,0
3,4,6,7.899319267515977,436.3439491572751,460.8403183830944,0.21664234517025355,1.688638708556934,6372.0,5634.0,82.0,292.28798755551975,516.5156752177272,3,1,1,2022,bot,1
3,1,4,7.326533388002666,389.42476577734715,725.8052643964294,0.1857626818081351,1.6826250735875306,4868.0,5277.0,108.0,585.6011947313021,-97.93960919238269,1,1,1,2024,jng,0
3,4,6,7.661803779105812,470.23643060651676,416.0116430831062,0.2533436777435959,1.4771413332645218,5845.0,5609.0,93.0,-56.044051613981935,597.1155122300943,2,1,0,2024,jng,1
2,2,12,7.778296723387466,480.8592255041153,324.32621201216045,0.30820033586534873,1.4135951737519665,5733.0,5270.0,83.0,,-214.36814459574452,3,1,2,2024,jng,1
3,4,6,6.41598897203129,365.187187201508,520.2061879006852,0.06933433027940955,1.7958055288804697,5867.0,4895.0,,-165.8616618261679,-153.43232890714938,3,4,1,2022,top,0
1,2,5,6.9840249471077955,389.4760862708038,598.9284501696291,0.26241548723404035,1.1150289998349747,5732.0,5444.0,107.0,233.77097924713155,-154.24952731672386,1,1,1,2024,sup,0
4,1,4,8.385796990879845,348.1034626239869,610.9320955749301,0.3298135633548787,2.210566563995469,6282.0,5157.0,109.0,248.84336264456834,234.89140460303435,2,2,1,2023,jng,0
3,0,6,7.837368276325149,435.333069248828,471.6892426501108,0.19885699369878454,1.6860540288058128,5780.0,6209.0,112.0,318.94050813637637,-364.1532352743601,1,3,2,2023,mid,1
1,3,5,7.514234902875379,280.3615042174251,626.1903100399215,0.23707845448807507,1.2425856692167916,5427.0,6106.0,109.0,162.24494961820918,-481.9558794087416,1,4,0,2024,bot,0
1,4,4,7.693780267653613,320.39310555803127,650.1143335147923,0.3050881646260659,1.0879282307646427,5335.0,5910.0,70.0,-699.9106970629795,562.2878208947993,2,5,1,2024,sup,0
2,2,3,6.019744420358228,427.06244124139437,504.62692488314707,0.10555264628360478,0.982528794443009,5345.0,5850.0,110.0,486.8388692830554,-263.6719171353812,1,1,1,2022,mid,0
3,3,3,8.418806788001818,426.0952104285812,754.7279584560697,0.2664736454669732,1.4284163725115286,,6031.0,91.0,154.77095742419635,328.26332821485823,1,1,0,2022,jng,1
5,4,5,8.940748370730882,320.90780985936203,710.6011138213914,0.2650825688291191,1.52389076125816,5832.0,6642.0,124.0,-75.03064606839166,-214.37855263530108,4,3,2,2024,mid,0
4,1,5,5.734261465105979,248.63777162197363,591.3000163922909,0.22978873367118074,2.167929478031887,4799.0,5839.0,111.0,684.8633611591961,-145.2441853269824,2,4,0,2022,jng,0
8,2,4,8.407742875991932,440.9608338448484,348.8191262118223,0.13553043076513316,1.1216089039187593,5091.0,6099.0,103.0,-70.73138194837422,-871.3205382013256,2,4,2,2023,mid,0
1,2,5,6.486579403906024,373.3880921944174,607.1369339467615,0.1548895709669038,1.4045984395787865,6199.0,5962.0,,413.22812414794237,913.5372476695644,2,1,1,2022,top,0
2,2,12,8.589992209897163,366.2206402094372,360.5331597224804,0.29009987830836004,1.5906920129900408,5577.0,6516.0,118.0,130.4235632387061,-264.9202468027429,0,1,2,2023,jng,0
6,2,3,4.729420739991207,424.0944986199769,635.5827899426458,0.20131688780619006,1.3964792114202242,6023.0,5070.0,86.0,106.87129843978337,-188.32228901590688,3,8,1,2023,top,0
2,1,5,6.5423385816213955,385.55072708775964,536.2204708003985,0.1477788867628469,1.3625007651249081,6179.0,4798.0,101.0,46.5061618534543,-379.20464754027284,0,4,1,2023,jng,1
0,8,5,6.691484233511936,322.99173963285864,655.6013310551418,0.18059108505505153,1.1627909142984016,5964.0,7032.0,58.0,688.5721001803532,48.71728490730116,0,1,2,2024,sup,0
3,1,9,7.133799661242564,449.6564684371531,391.23723414940974,0.1878444575955374,1.5626196389111369,5566.0,6390.0,80.0,-54.59599294205118,407.40175021082774,1,3,0,2022,top,0
4,4,6,6.701231866940232,335.496210465092,425.4731943612904,0.1287652212410116,1.650666647183024,5163.0,6432.0,110.0,5.115377284400424,590.6876369524725,1,5,1,2024,mid,0
3,3,12,7.692147026270279,491.07046278575797,482.97990532174987,0.27319632134768773,0.9831727232106551,6712.0,5951.0,82.0,662.4810778032934,-66.28866448539395,5,1,1,2023,bot,1
4,10,3,5.876955742296877,405.20097236164315,466.28626165850267,0.2415632848246162,0.8590224021659192,5432.0,5925.0,101.0,-53.895047041459335,599.6368403954376,4,3,5,2024,bot,0
3,4,2,8.702670378104784,426.1835682237723,554.6586662418412,0.3142849303476799,0.8062261824383604,,6002.0,86.0,239.027027831351,-89.79078725314068,2,2,1,2024,top,1
1,1,3,8.899931302012948,407.38222143814755,428.7706523801984,0.16260031824963822,1.534437426442158,5930.0,6506.0,,568.3973765052742,809.6450322271671,1,4,2,2023,top,0
2,4,12,6.764481132770367,370.74505047220396,521.3541045391673,0.18000822738921507,1.071418999531076,6038.0,5808.0,91.0,215.2077251736361,-468.4462836992177,0,3,2,2022,top,0
7,2,2,7.536037293756905,312.2807101007057,544.1946343441439,0.18561065545354308,1.2522910926748103,6777.0,5613.0,118.0,-496.7191872528192,90.03586250172373,3,3,0,2024,bot,0
2,3,3,7.5627215616261685,340.41276524291095,760.4024426962736,0.3009171338206316,0.8500134047078454,5848.0,5587.0,,73.31437347763847,,0,0,1,2023,jng,0
1,4,6,9.429923332423176,407.16426331103617,337.2732287535889,0.19068538316644998,1.6957318598916162,6178.0,5970.0,117.0,337.75368032676323,-406.1904807726697,2,5,1,2024,mid,0
3,3,8,7.806166013949282,408.82535323920786,537.4139208582603,0.329637806664994,2.0494386966571536,5662.0,6893.0,88.0,400.4470801280504,695.0128468113385,1,3,1,2024,top,1
3,4,6,7.916733433840428,342.21515690711067,588.8685775566291,0.08144539856818811,1.6834125092881422,5829.0,6470.0,99.0,-426.15981706958655,703.8884602437702,0,0,0,2023,mid,1
3,0,5,6.483308490927557,403.5686431349705,401.10610002250417,0.3203632514776339,1.3006791632031818,5428.0,5349.0,112.0,-153.90610188062783,-154.714083881197,2,0,0,2023,bot,0
3,3,4,8.793269787756818,329.78046362445144,319.67025837011215,0.2989395597518737,1.2654211606017174,6766.0,5229.0,101.0,217.9969364587464,339.98474097789244,0,3,3,2023,top,0
2,4,11,8.480662055758886,366.26494632272164,266.63116211188,0.24814408170986665,1.286047130466511,,6290.0,68.0,735.920528098182,-9.673324712997527,2,4,0,2022,jng,1
7,4,12,7.983290298514322,367.1133075678863,484.8429863672417,0.24201764470587686,1.0888450266552137,5741.0,5525.0,100.0,-271.82005320357825,156.9511779675424,0,6,2,2023,jng,0
3,4,7,6.996067963712707,362.43412550890974,419.83907873211956,0.20242531520526372,1.8708897695397197,6170.0,5083.0,113.0,-71.73986394205568,203.80014528977077,2,2,2,2024,bot,0
4,2,6,7.310342597231864,282.2963573088458,516.5461707448495,0.16219763742125437,1.6823743224157708,5735.0,5295.0,115.0,-608.7877204235758,409.00510884741175,4,7,1,2024,bot,0
2,6,6,7.162512284395626,353.39007619885314,541.7182262579581,0.19987824316539035,1.085148051363031,5950.0,6009.0,92.0,-117.62508427877611,65.82195378105837,3,3,1,2023,sup,0
2,0,6,7.668197809963667,271.19279988164215,796.1734084824811,0.27692808125623375,1.7143621298481284,6568.0,5821.0,,-24.51510399149832,-592.3972199612152,1,3,0,2022,jng,0
4,2,13,7.210934493731659,448.53796497611586,559.410522805067,0.3675851586035873,1.7475370008431845,5821.0,6310.0,127.0,-863.012913025341,215.0527418861127,2,1,1,2022,jng,0
6,1,6,6.800191226478574,431.3592465635167,249.25878925317664,0.06144699939246043,0.8679551929514728,5766.0,6340.0,108.0,,-59.16923207869408,1,1,0,2024,jng,1
3,4,4,7.532401970928584,414.0175466537542,588.5612374789813,0.1603482467167117,1.8790497026347213,6294.0,5752.0,,-218.91059112734567,-102.17864094327567,1,3,1,2024,mid,0
0,3,8,6.77121429092974,334.6975391617657,499.8102512100951,0.283389365832965,1.366019871797663,6282.0,5048.0,62.0,63.1168992848134,-133.42919676331857,1,2,0,2023,bot,0
3,1,4,9.337899013867935,450.9169444231808,670.2898638812094,0.18324540259432365,1.9198327670979078,6607.0,6460.0,110.0,-787.3301969316691,225.93486562308976,1,0,0,2024,jng,0
3,2,4,7.65627314872046,435.36859455401355,616.8749738188366,0.3154255908097032,1.041561743278164,5420.0,6373.0,103.0,-100.2549393306088,,2,4,1,2024,top,1
5,4,6,7.888860808723534,366.6322615264121,418.93223794591586,0.24978336313017044,2.0335428270754052,6790.0,6009.0,125.0,-343.9708555406899,305.30760133315044,1,4,0,2022,mid,0
3,2,6,8.208501465092187,338.0904805895244,741.0805671712684,0.16379158242276615,1.1991225391526334,5536.0,5455.0,115.0,-54.01445546615568,517.5089631040912,1,5,1,2023,bot,1
1,2,4,7.717628292782836,339.8401550540915,541.257604280697,0.16224867342184413,1.5429342419679561,6098.0,4923.0,,-6.158438968023589,,2,3,2,2022,sup,0
1,4,2,7.2786263361333505,342.9650931362298,507.0518969774024,0.2601368271554032,1.064211913726301,5598.0,6719.0,136.0,-34.923559575051875,468.43282010337145,0,3,1,2024,sup,0
7,2,8,8.258774233029065,320.4118418736076,572.188882831508,0.19222833546347257,1.4346939421142897,4641.0,6200.0,114.0,-514.5139979658293,-338.07196696035845,2,4,1,2024,mid,0
0,0,2,8.377161868530541,386.4956949770576,532.42347571361,0.23940050450553593,1.7104806549892466,5674.0,6399.0,112.0,-595.5221751978731,109.79023532284779,6,4,1,2022,jng,0
3,2,8,9.47252706160984,369.7606693802778,535.6108596581159,0.19272802314491938,0.5733687698999724,,5602.0,119.0,666.3165477367415,556.9031929673818,0,1,3,2023,jng,1
2,6,6,6.648187169806629,341.06295390599894,597.7637775129266,0.11684827872186815,1.7333456078917397,5015.0,6196.0,81.0,-162.34636482033855,-275.91197992743855,2,4,0,2023,top,0
5,1,8,8.155566139145815,383.6659566842737,506.5333662297328,0.06412727333242965,1.3234047761502867,6184.0,5017.0,84.0,670.7204439084177,432.6428388197392,2,1,2,2024,bot,0
5,1,4,9.670994831782604,437.22456132125546,504.73892434868094,0.1490643584285655,1.6492544343323274,5913.0,5115.0,93.0,,270.4238658211717,3,4,3,2023,jng,1
2,1,4,8.399751784457191,396.4058759334957,430.49123698114096,0.0792243028009523,0.7821549356493686,6173.0,5768.0,81.0,-159.73873130563652,-65.00376285934982,0,4,0,2023,sup,1
1,1,9,7.509055225584456,367.6501896323338,521.8280519761795,0.12261281496419266,1.5021283598648154,6940.0,5462.0,87.0,663.1748804385437,-127.35467339202185,2,4,2,2022,sup,0
3,1,9,9.066324592615079,367.7034739112626,537.6015454397527,0.144615927688452,1.201647732676384,6543.0,5334.0,97.0,658.1475664920335,497.40240213048185,3,2,1,2022,mid,1
2,4,6,7.289076250532859,375.61624719559467,529.8497655900807,0.29165900573173764,1.1670594309926905,5576.0,,95.0,-329.4937986089779,146.54057783098762,2,0,0,2024,sup,0
3,2,8,6.652160328528945,371.4396879614745,404.93296163835305,0.18244486594248263,1.6127490303128913,5698.0,,,749.9107953632838,379.6210490266562,0,0,3,2024,bot,1
2,2,5,8.463318178206675,395.78049684447825,593.92336121066,0.2993854909684225,1.2995246647375578,5611.0,5933.0,81.0,259.8850209111136,482.134801830458,2,2,4,2022,top,1
3,3,3,8.587594192211666,457.635301595028,346.13024907473323,0.2636607994479219,1.7178059029137684,6045.0,5492.0,107.0,-14.492912711084898,-277.00099877142225,2,5,0,2022,sup,0
2,3,10,7.114998851952067,428.7949159909925,617.5893334166474,0.25292747217352457,1.3432219869457456,5694.0,5983.0,91.0,-391.8853592900382,-249.19390522294822,3,3,0,2023,jng,1
4,3,10,7.7019684187212,385.48474149339074,437.2018521186408,0.3003101499758255,1.8052529967365818,6892.0,5374.0,89.0,-39.61469709743651,321.8578602294977,0,2,3,2022,mid,0
8,4,6,8.363911091949317,320.6886984070015,575.8238056956619,0.17480880020009165,1.4582104073009623,5458.0,6237.0,104.0,347.22977020915823,90.33083431937337,0,5,1,2023,sup,0
4,4,10,8.98951267459278,370.71958807455127,589.9204295352788,0.2790372100054684,1.2931679537262806,7179.0,5840.0,106.0,-367.91655463201255,284.4448847131921,0,4,2,2023,sup,1
3,3,2,8.18058798613168,323.89398284576697,563.3017240863744,0.3752853690843936,1.291426812800731,4559.0,6069.0,,-28.114357951237544,-200.65807158682642,1,5,1,2024,mid,0
2,2,6,7.114793664993539,412.54039215024574,550.0083192219773,0.02,1.361889996560573,5249.0,5919.0,92.0,380.2776634123149,-202.47322596511898,1,2,0,2023,jng,0
4,2,3,6.592958205219583,385.8854565381659,332.471755388647,0.19399941256075345,1.368949744011222,5428.0,6606.0,101.0,-0.7266211130010731,-178.54010716435707,3,1,1,2022,bot,0
2,2,8,9.462129063711123,427.49033565053736,511.68064689486926,0.36057247541196713,1.321855715541885,6436.0,5665.0,,,-33.82542318582682,8,1,0,2023,sup,1
3,4,8,7.578159900203705,404.5969097986668,796.9731131738097,0.22156083402792784,1.2474493730431138,4406.0,5169.0,83.0,-18.68650631467355,165.62408258414084,2,2,0,2024,sup,1
3,6,5,9.666105511881439,373.857707102138,480.4345128215446,0.31225390921961343,1.6312689096778092,5854.0,6458.0,86.0,301.6021640069289,-557.7879185590663,2,4,0,2024,jng,0
0,2,5,7.623431876500151,398.8796829269547,634.2429296909033,0.24922055564835346,1.9364405993321012,5946.0,5989.0,113.0,742.644088662711,,2,2,1,2023,top,0
2,2,7,9.964955252718703,388.9526772639023,386.18093014964757,0.33515362408905014,1.674263751926017,4522.0,6071.0,74.0,667.1377916851955,710.0504548327782,3,4,1,2023,top,1
5,4,7,7.547258419714494,246.7168610993016,442.7911335110627,0.25248470978770265,1.309629991864139,5046.0,6467.0,85.0,,5.798342346214945,3,4,0,2023,bot,0
1,1,7,7.075989678028014,462.7713449169488,450.2661117667104,0.27768366032866393,1.3473375653816493,6326.0,,87.0,268.7188831304132,115.20804203721067,1,3,1,2024,mid,1
10,0,7,7.149851417482595,343.2415305391646,621.2377374320683,0.10890585479319928,1.28054779540749,5433.0,5975.0,86.0,-539.2481370602701,439.3732754782575,1,2,1,2022,sup,0
1,2,8,8.150183745454362,517.9499857825161,705.567587577169,0.08195530884417462,1.5337009122500067,6602.0,5947.0,98.0,,-155.99686751590633,2,6,4,2024,sup,0
4,4,4,7.606842444430219,365.83162423313865,609.3251423083722,0.22613864139752043,1.605972313452356,,5998.0,129.0,-272.59891789281346,,1,3,2,2024,bot,0
3,3,3,9.136093473023555,429.4222445543905,695.6446984912741,0.1793376586420915,1.1637590745847053,5685.0,6018.0,94.0,-231.6116234946875,332.010617393565,3,1,0,2023,bot,0
6,4,11,7.708491698166216,427.1280487137556,518.5665892278009,0.22219438295076305,1.9197528897749132,6283.0,6717.0,77.0,867.9725536608164,83.70829523361533,1,0,0,2022,bot,1
3,3,3,6.7575895235492585,389.37779794649913,440.0914732332506,0.3792175434018422,1.894277019573841,6846.0,7172.0,,328.71618682814983,108.82178584759974,3,3,3,2023,top,1
3,1,6,8.193787098184595,405.4993151036376,358.67384141647074,0.23971628021184221,1.3871872142453578,5701.0,6262.0,94.0,-170.2062924606206,115.71750010399376,0,3,1,2024,top,1
1,2,7,9.216318606188194,378.8315982344472,827.510877311938,0.21943642551911974,1.2371466106802704,6793.0,5743.0,89.0,-662.2832459118933,315.6925122594733,2,4,3,2024,top,0
2,1,3,7.897501655983827,338.44980613290505,647.2083961130262,0.23931260304299806,0.9157483689893583,,6341.0,109.0,255.7840496369313,24.84704417402034,1,2,3,2023,mid,0
5,2,6,7.708515487861737,450.44617543903564,504.448838435085,0.12674906575104372,1.4507027555869716,6142.0,6401.0,95.0,,16.733037218558323,0,3,1,2024,mid,1
3,3,3,9.857852322128823,383.6455582444488,659.1520885091124,0.11365333643864606,1.4028023010131103,,6756.0,98.0,-155.40753181026525,-98.41721810800485,1,1,2,2022,sup,1
5,2,4,9.257074347462655,340.6990455781219,617.4191863340395,0.1884825009698949,1.583850310372043,5304.0,6550.0,91.0,-305.36443333121326,-373.4586233547637,1,1,0,2023,mid,0
3,7,7,8.777421048336977,303.03650131003013,601.3107657577075,0.25275821675100185,1.3640466083627174,7571.0,,98.0,-40.28935670410025,-20.07348036906282,0,4,0,2022,bot,0
4,6,5,5.927738845134111,288.8558961472749,491.04940495882784,0.3230743755171478,1.5712724835165526,,,76.0,-712.8608504507326,-238.41911102359816,3,4,1,2024,jng,0
3,0,4,5.4934273771450775,328.0650891206201,682.6906451409843,0.20261600667829877,1.6953164404558978,6003.0,6301.0,124.0,508.9753752967607,-473.4460393960885,4,3,0,2024,sup,0
4,2,6,8.355442869014611,417.8268859251912,641.4428633343895,0.2365543562958759,1.235259518392878,6081.0,6112.0,114.0,348.0003841039381,-61.995141113864634,0,3,0,2022,bot,1
4,7,5,7.869557578310222,461.02492112349955,706.5781353202262,0.1562876806337828,1.8050576118390882,6324.0,6146.0,95.0,435.36044614960406,224.86416893797917,2,5,2,2023,jng,1
3,4,11,8.792936708837015,357.774559817234,751.9505091572431,0.06896720727185601,1.608415824144818,5466.0,6109.0,110.0,-681.3011643027621,-158.12437425886537,1,0,1,2023,mid,0
1,0,9,8.331262415115969,387.3604235814587,651.469143110063,0.4400411672001946,0.8367666864286326,5676.0,6365.0,88.0,-238.95062387184515,-697.4019416782131,2,4,2,2022,sup,0
5,0,4,7.158871116694347,415.1493002596149,721.4221727967368,0.3860671200761839,1.0133609386215712,4923.0,6106.0,118.0,-98.16257345391335,-401.312035376715,1,2,1,2022,mid,1
2,2,8,7.943377744614317,277.00781478723894,637.4108730124175,0.24240672674500385,1.348164451374878,5317.0,6261.0,104.0,-487.57966334818764,315.4299944016069,2,4,0,2023,sup,0
4,3,4,8.998295551674998,403.79658203832156,662.5399171351148,0.2813651522650992,1.7775035599954103,5125.0,5478.0,117.0,90.72734776431088,-206.52527837867265,0,2,1,2023,bot,0
2,2,3,8.620281323037373,387.1219103586375,319.3266478054738,0.28637781881978097,1.4557635886222562,6200.0,5116.0,98.0,45.075830841796275,139.88553969198432,2,1,1,2022,top,0
3,9,8,6.81822185754867,381.7564468347693,635.9268058509539,0.18626292989664742,1.4766399054083952,5699.0,6269.0,88.0,,413.6182416431376,4,7,1,2024,jng,0
4,4,3,6.113798082233374,329.2540635116561,688.1472787253398,0.26380987365375524,2.2630461532904174,5395.0,6373.0,98.0,-384.0294668059746,580.9148255995924,0,2,1,2022,sup,0
2,4,9,8.17887747033361,358.84360562276606,544.7093517173762,0.2459750415923598,1.60453931117484,6439.0,6185.0,78.0,-949.8145923541507,71.04974375856115,1,4,0,2022,jng,0
4,4,6,8.228738610557189,350.1275132560197,476.0631109631254,0.3915278501457749,0.5013120600102253,5115.0,6214.0,79.0,,-288.6704705990186,3,4,1,2022,sup,1
2,1,3,7.563162597346129,298.9036002873112,502.0636722662296,0.24879796759064043,1.062482673153198,6090.0,6133.0,89.0,-75.87819765567154,-184.70693330174007,0,3,0,2022,bot,0
2,2,5,6.730080963437459,364.7325719763053,554.1892147648468,0.16687997023625847,1.569242237175362,5934.0,5723.0,94.0,-65.43963157748891,25.85296218131616,0,4,1,2024,jng,0
1,0,5,8.601143578016043,507.59909452228135,606.6091186552953,0.2947101671691419,1.5772538813819588,5435.0,5636.0,88.0,739.803131723671,-108.40277803564456,0,1,6,2022,mid,1
4,4,8,8.233062527183634,303.56555781177366,498.81651235964614,0.19756981068844062,0.8768457708269407,,5761.0,96.0,270.3829765513266,-228.3041974512515,0,1,2,2022,top,0
0,2,4,9.060212283168461,354.7897697073134,725.6405346998447,0.2847863043190059,1.5262617860165555,4754.0,5938.0,117.0,-353.68400661938995,-229.4640333871829,2,1,2,2024,jng,1
1,3,6,8.418894193776666,391.17939929184,773.271129437005,0.29636734290233263,1.770809760005894,6116.0,5637.0,88.0,250.8477682289506,336.1875912583465,1,3,2,2022,bot,1
0,2,8,8.757523994352274,401.58157398350755,685.0624498319742,0.2142899777963641,1.5983653612942375,6068.0,5258.0,97.0,417.5657420250019,225.1456969762044,1,5,2,2024,sup,1
7,1,3,8.660917665187322,398.7462425014835,376.3726732549661,0.2318159334720528,1.9601876808538097,6631.0,5853.0,90.0,440.1645808508147,,1,0,1,2022,top,0
3,4,9,6.457471663435555,333.0890887250116,637.0500616205561,0.2390741481113935,0.8712241458950613,6150.0,6092.0,100.0,,-381.8754195827017,2,0,2,2022,mid,0
0,1,11,8.644477894564025,266.71061459616874,366.4979439078778,0.35907483610513424,1.1092753093393937,5722.0,5691.0,83.0,-329.41704066779573,-167.1977098331509,2,2,2,2023,jng,0
2,2,6,8.663538814908256,430.2770291704766,609.4005505845929,0.1556241990667408,1.521232011484803,5728.0,6175.0,98.0,142.70891022493808,372.4793530171464,3,3,1,2023,sup,1
3,2,4,7.628509609753818,397.9343492821541,778.6484242176035,0.1653842145528678,0.5234423932680351,5912.0,5294.0,97.0,875.0947566119485,-322.63495322607804,2,2,2,2024,jng,0
3,5,9,11.077901168267111,391.65454738634526,335.0439249701436,0.2019091662161149,1.7965908780745237,5771.0,6308.0,,212.49909076603217,-333.6483342732129,1,1,0,2024,bot,1
2,2,4,7.96905310959218,421.6135616945358,509.59142393428994,0.2752963861081482,1.9810711912065708,6338.0,5595.0,94.0,243.49724900151665,-80.9528863716232,2,2,1,2024,sup,0
3,2,3,8.477532029014322,244.15166042072508,601.197741672962,0.24650031433848402,1.5436332168390166,6097.0,6037.0,105.0,,700.2706017851899,1,3,0,2022,sup,0
0,2,3,8.679918310376111,379.4797643676643,753.8162923029527,0.2841056995135123,1.7374937636526733,5666.0,5386.0,87.0,21.04848088735821,,0,7,2,2024,mid,1
2,3,6,7.260482873743379,337.40895717965856,450.3394608916474,0.22656740239046852,1.8192447537626797,5828.0,6983.0,103.0,255.63362678710956,74.43001050045852,2,4,1,2022,mid,0
4,3,4,6.025194349026239,405.0105017378652,477.5205410153003,0.44051733939446125,1.466066088689819,5054.0,,95.0,385.7402818545086,-433.00551523879733,1,1,3,2022,mid,0
4,0,6,7.895786723345601,379.2407343410856,764.8313285143918,0.22348615617150136,1.4887149994740025,5315.0,4935.0,115.0,-428.64485755445526,-188.89658829114268,2,3,0,2022,mid,1
2,4,3,5.75409164417635,389.6905067677262,628.8673082739695,0.11862247986501132,1.7907165915024468,5856.0,5886.0,90.0,-640.8687152586201,147.37189857405485,2,0,0,2024,sup,0
1,3,4,7.354445468057462,295.4554667903173,384.5773340393801,0.17064604356422428,1.4023694614424285,5746.0,5729.0,104.0,572.5720887749388,-634.2021303984302,1,2,2,2023,jng,0
2,0,6,9.234959378723124,444.642873260657,549.6538719105786,0.1805317210303123,0.9848699726309156,6662.0,5841.0,106.0,-53.11606415694547,-953.7267241113407,1,2,1,2022,mid,1
1,1,4,6.437652787457246,329.95374232837435,455.4273524207731,0.3170033544536709,0.968410557167638,5935.0,7090.0,122.0,-863.1200437108141,-108.642669288886,1,5,0,2023,top,0
3,2,9,7.087151224371468,386.7928977034701,602.9604779913293,0.21217928455354482,1.3622061874409666,6198.0,6301.0,123.0,322.16857215002466,349.38365088357835,4,2,2,2023,jng,1
3,3,9,9.235310634597454,367.6139179876258,447.72914457411775,0.24155620765234193,1.1921735702064766,5460.0,6056.0,98.0,,98.27482726182146,3,0,2,2024,bot,1
2,1,6,6.173502881890636,326.5206627521051,609.8478305566931,0.18552767009957735,1.6345293892237467,5437.0,,109.0,985.1553296001084,136.15000782944693,2,1,0,2023,mid,0
2,3,6,9.263056873665962,332.2699089049154,484.8666086061431,0.2123878008535868,0.8456202746046074,5179.0,5899.0,110.0,,-226.4591781987166,0,1,2,2022,mid,1
2,3,3,7.150270516292602,407.7790044753892,619.8270084759105,0.1445887517235765,1.2471692781571655,6098.0,6486.0,102.0,-328.9280698484289,477.9867831079573,2,2,0,2022,jng,0
1,5,4,7.2361610736224895,427.49698126699207,626.3379558376736,0.18109574511067367,2.114715257673767,6566.0,6366.0,90.0,-135.9244272680233,-173.26173192428124,1,2,2,2023,mid,0
2,2,3,7.953156915040621,381.4278867846417,523.5937320342405,0.25836384816421804,1.0945522177763074,6892.0,6626.0,102.0,-731.4126384105191,-182.5854520077448,1,5,2,2022,mid,0
1,3,3,8.484971010474524,350.08187875702765,419.9753012611226,0.26761595054954335,1.0514956479026656,5443.0,5868.0,105.0,881.3749475114035,-279.66585258828684,1,1,4,2023,bot,0
3,1,14,9.360838675322372,340.5726744221086,476.2811469784916,0.33988954458536824,0.94895250911707,4775.0,5714.0,90.0,-188.6801949531822,93.93942044173349,6,1,0,2023,top,0
5,3,11,8.047113690235122,345.3430254191283,543.7124681799941,0.26632590613033963,0.9139387128883498,5477.0,6487.0,88.0,133.33090630468237,708.2719951493451,1,0,0,2023,jng,0
1,5,7,7.489178055058302,418.4077650996064,705.0917489666414,0.2400847589867281,1.005816455719941,6694.0,,117.0,494.28020361491946,-143.3112783321714,1,2,1,2024,mid,1
1,1,9,9.992026004857605,427.99422242339006,607.4106608664597,0.16798279791297588,0.9631664856066486,6007.0,6332.0,78.0,-534.1676787188297,-444.1675773596637,0,3,1,2024,jng,1
1,4,3,8.377706685567862,394.7962813123739,500.04715533548637,0.09176203618610582,0.9137873536552963,5278.0,,116.0,-527.7075699829053,-165.70846907171915,2,2,0,2022,bot,1
2,4,6,7.713685606184332,416.8648360347796,497.66381669349687,0.12684267233304253,1.2514727610339713,6711.0,5774.0,96.0,-85.72588508125376,-209.003768596198,1,2,2,2023,bot,0
3,4,9,8.709278837504069,364.2008225949099,732.9072832272703,0.25417399351433284,1.3637314153992044,5420.0,6179.0,116.0,593.549476474843,-126.30238747865036,2,3,0,2023,bot,1
1,4,6,6.042377125228201,368.86388420748017,229.53047294567205,0.2009387454933919,1.2139044640633607,5936.0,5730.0,67.0,57.92062719283476,-421.617547040483,1,0,1,2024,bot,0
7,3,6,8.646159648663414,306.96994231670396,234.2606539605298,0.31717630331673036,0.8672803524907342,5453.0,5662.0,71.0,-811.5597056972405,281.524645396909,4,5,2,2022,jng,0
2,2,9,7.615445146916274,391.0517418056735,601.5641074811508,0.19053403541219227,0.9209706309570562,6503.0,6005.0,104.0,334.96938129144127,101.79347132613356,2,1,1,2024,mid,1
2,1,9,8.710463481366698,322.4361412553663,331.27335025607545,0.25700305413004393,1.1534139524095866,,5491.0,107.0,-6.886197988804497,-20.571798604729867,2,3,1,2024,bot,0
6,2,1,7.965103985823005,351.7400060825189,594.5037554433953,0.22751606817401945,1.13427076392215,6342.0,5692.0,89.0,-369.13844102754524,10.644218451087198,2,4,3,2024,bot,0
4,5,7,9.139995881102465,380.20699460864034,763.869264946576,0.29044860554643326,2.4424608786758837,6192.0,5814.0,126.0,730.3765138888224,341.49848746608916,2,1,0,2024,mid,1
2,3,5,8.024461142240947,356.10687816577297,351.08716813109845,0.276550561765777,0.4882782030531969,5586.0,6714.0,113.0,-34.24068880031783,-103.15751567443459,3,2,0,2024,mid,1
2,1,11,7.828220155375724,273.1059691422714,410.8666586801788,0.26886222000813637,0.9376423737453181,5623.0,6285.0,92.0,,268.5937784241111,0,3,0,2024,mid,0
1,3,8,8.969662243502505,354.05969344825667,636.3527143548107,0.21947912591881194,2.343923097996475,5520.0,5142.0,94.0,-119.90317044965633,-617.2506202549971,2,5,0,2022,sup,1
4,4,9,6.641174799225291,313.19163690294545,430.5509661258047,0.2813708753812712,1.1292327953002865,5608.0,6810.0,112.0,,16.226417403693787,1,2,1,2022,mid,0
3,1,7,8.690823667846601,352.2515534697336,585.0286869250755,0.17917459040886188,1.1281857950912668,5711.0,5984.0,107.0,87.12962504642229,532.5289753198658,3,4,1,2024,mid,0
4,1,3,6.804988022389477,339.3638483652573,536.7603315434517,0.2287313980867738,1.0662797475379522,4091.0,5904.0,115.0,-149.91045994305597,-608.4996769448281,2,2,1,2023,sup,0
0,2,6,7.429406143822004,415.3096877279551,642.6597711790708,0.30760044089820754,1.555245045541731,6112.0,6168.0,119.0,527.9492644125925,,3,6,3,2024,bot,0
2,1,5,7.3305120020617665,319.4210492224681,488.7266136521822,0.24945435896067086,1.2257161025197996,5540.0,6120.0,102.0,-90.26707477214228,-590.0264652476128,1,1,0,2023,bot,0
5,3,8,8.86403640809854,399.42983947162054,400.61257046496223,0.317235674698742,1.8706104008020341,4869.0,5571.0,94.0,-854.0597347289619,-117.8794282549989,2,7,1,2023,bot,0
7,3,8,7.992534787051596,393.92193162341175,681.0660772584918,0.21109639005853598,1.800193501100316,5327.0,6678.0,,896.3674009803744,,3,0,1,2022,sup,1
2,3,8,7.307592488683875,450.6274329881288,478.06314181102243,0.05015396647888942,1.3178260935798283,5477.0,,108.0,343.7724810532705,620.9769218728679,2,3,1,2022,bot,1
2,6,4,7.516156802653662,340.1413109008111,621.7280784370616,0.27576809201037883,1.2869245598786851,6792.0,6060.0,93.0,-446.5517235248957,-128.465529795323,2,2,1,2023,top,0
2,5,7,7.277907739347832,343.59800186148993,627.2172781945412,0.3447780064326581,1.1392371450126428,5609.0,5839.0,95.0,173.47681852330052,435.6716016203161,2,2,1,2023,sup,0
3,4,4,7.159348566852065,283.42349911730895,530.1417030490395,0.051885845859730106,1.4373071660222667,5248.0,5878.0,89.0,-376.9303695438569,105.7398412521205,1,1,0,2024,jng,0
8,1,4,9.315664806610881,377.53202048564094,449.4932655730703,0.20333410577632666,1.2156303962682196,,6191.0,93.0,66.65171005336632,-345.30892987871965,3,4,1,2024,bot,0
3,4,2,7.289442563525664,344.91564948012757,582.1033687431905,0.15652634357915818,1.4407040282564336,5920.0,5084.0,71.0,512.3747985486667,-93.49803262834186,0,6,0,2024,jng,1
2,4,5,6.800439801613107,287.72481180455554,356.25524291916645,0.08934855031240366,0.7147031368916407,5697.0,6065.0,86.0,180.29702815642298,-199.39380295120435,0,3,2,2023,jng,0
4,2,5,6.772898831881241,368.49912686599913,302.3694289096017,0.22746992817075865,1.5256384411576631,,6932.0,79.0,-321.5786577688317,642.9352713475614,1,3,1,2024,sup,0
1,1,1,6.277649714950161,352.76907098220164,391.20779138241016,0.17696037543227192,2.038064429415094,5488.0,5308.0,101.0,178.04226073013518,-91.68725889924528,1,3,2,2024,top,0
3,3,10,8.623542178753896,378.71753806798756,527.7483920569498,0.33801542398928475,0.797859179229786,4529.0,5502.0,109.0,517.8092667053215,745.6289594564731,1,1,1,2023,sup,1
3,1,2,7.389798348535576,353.89693716213753,226.1550194609481,0.15242839943220968,1.4085029385746493,6008.0,4776.0,99.0,-671.9264925755092,83.51801799406505,3,2,0,2022,top,0
3,3,9,9.401655532862486,417.7321885465309,763.460479769094,0.17149234453566564,1.532491683953068,5542.0,5878.0,126.0,222.88908685316534,526.0709005797855,0,1,0,2022,jng,1
4,5,6,7.308143777843943,332.85601909599836,581.9582288959982,0.2713712992376205,1.4613520626845191,,,,-677.47130932706,80.86186547884836,0,2,0,2024,sup,0
5,0,12,6.321810998960579,503.00879641964303,641.3265150340793,0.22586022757493288,1.7271943885096128,4770.0,6970.0,107.0,-152.2308043043813,,2,3,1,2024,mid,1
5,2,10,6.478416440105678,360.977519099686,631.9074202177948,0.13186486295909053,1.3511507375219338,6391.0,6940.0,91.0,554.8308402745971,,1,4,0,2022,mid,0
2,1,1,6.355417718048154,394.05460170044984,581.0372020413326,0.2702636429421853,1.498936399511837,5148.0,6299.0,87.0,-582.007762270586,-626.5421072915652,1,5,0,2024,top,0
1,1,11,8.064505131528675,447.24124656096734,776.1699376170262,0.17881583606589824,1.29401621813912,6210.0,5752.0,112.0,-239.66080642598433,381.98364165858476,2,3,0,2023,mid,1
8,3,7,6.889481060155186,405.7308037640076,668.917041047477,0.3214921216257419,1.3187347394132496,6911.0,5992.0,106.0,296.5281814911611,-282.25802954560487,2,2,3,2023,jng,0
3,2,6,6.763526944231475,358.2026892784913,668.1285844022439,0.21479968682146533,1.301685447837704,5635.0,,100.0,25.396513028714722,641.6949173451684,3,3,1,2022,sup,0
3,2,6,8.673291748447898,370.08578942132294,564.8456244211384,0.0321827731967253,1.1491156543673333,5657.0,6718.0,88.0,30.79257820377265,230.9844317222377,2,2,5,2022,bot,1
3,5,5,7.05942959286397,389.51649901467187,498.2966594246905,0.32216443258427113,1.613717045524525,5763.0,6145.0,129.0,154.2755624472561,264.5097609826453,2,3,0,2023,mid,1
4,2,7,7.835479822045303,401.88630306362444,510.4733535251455,0.1961737182117031,1.5627857435173513,5764.0,5820.0,116.0,182.04430538415878,-62.103729570521295,2,4,0,2023,sup,1
1,4,11,6.56390917307357,346.9714859397031,549.2520522356716,0.3951693158602189,1.2567403199632294,5566.0,6726.0,94.0,-205.87449033990856,63.253004801561886,1,2,0,2023,sup,0
5,2,4,8.768432780585215,345.40492846532567,508.0877773905766,0.3413239136673078,1.1364250329717682,5615.0,5133.0,110.0,-130.6740902720037,-401.3092700516272,0,0,0,2023,mid,1
3,3,8,7.924737103867048,357.06369556682677,758.5774172581996,0.12228311524520086,1.1414339304049226,6093.0,5359.0,104.0,-534.1223943188913,-344.3397681376326,1,2,2,2022,mid,0
6,1,6,8.846533262320742,355.82432398018824,611.3513416467268,0.24460866143766521,0.7873705801041121,5155.0,6514.0,94.0,-193.0921986805849,944.8094625411316,0,2,3,2024,jng,0
4,0,6,7.023745729078014,325.3174330090022,671.0504431136411,0.2138615032212062,0.31918646685156804,4960.0,5671.0,95.0,74.67074485209105,-212.00165130114587,2,5,1,2022,mid,0
1,2,5,6.004957771248442,200.0,487.073810992046,0.15882504363879216,1.534449041127768,5202.0,6018.0,91.0,274.2773262134914,-485.7029540007258,1,1,1,2024,jng,0
4,4,9,8.10636835676534,387.8426663912103,547.7720392669163,0.31931735926789445,1.4404455712040831,,6109.0,96.0,,-54.99427006981546,0,1,1,2023,mid,1
1,2,2,7.880964654910579,316.7646350804762,448.5694019958372,0.19330282761060613,1.6546819486193025,5550.0,5590.0,82.0,33.11868599825388,22.73953898232054,0,1,2,2024,bot,0
2,0,2,7.149770081120043,400.20808141805776,670.4126154490122,0.1446377045668331,1.2328833945528606,6470.0,6275.0,109.0,617.6964936663892,,2,4,1,2022,bot,1
5,2,5,4.942534222112984,373.60759793700254,547.9270299111264,0.31231457670722995,1.5663291056876574,6515.0,6740.0,109.0,224.85007240186314,-49.11046436069314,0,1,2,2022,top,0
2,2,6,6.923229445610386,332.7405060529589,570.2394259409219,0.23039109351140008,1.4244799748170445,6081.0,6827.0,92.0,39.64072757345012,-18.348049905281155,0,4,1,2022,top,0
3,5,10,9.56303989626761,435.74375848403395,420.95238732654275,0.23342302413675747,1.840959742786192,5366.0,,108.0,-207.30652104995482,14.963968321731215,2,3,0,2022,top,1
2,3,8,7.926697131398499,313.702735823284,441.4206125764486,0.13432722632882843,2.0373308202712805,5681.0,6226.0,128.0,158.31016804828823,-261.38108505798704,3,6,1,2023,jng,0
1,1,7,6.327296594279002,389.1794905369077,400.80086140212984,0.2295137399208469,0.7388814156557193,5337.0,5883.0,,764.2091695596969,116.8268989960795,0,4,2,2022,top,0
2,0,6,7.878425903598687,376.52535478074583,505.95970946157144,0.31706205486713346,1.3795789743025597,5561.0,6181.0,125.0,630.3816153056998,83.84762877726239,1,2,0,2023,top,1
3,4,8,10.427514484678117,440.83724003355866,644.557332618677,0.16481177381299988,1.2568132787150583,4249.0,,97.0,457.19203195065637,482.82160713233077,2,1,4,2022,bot,1
4,0,7,6.621033008363041,375.3887301989368,508.8060938799078,0.09962758558384487,1.0724855512141278,6843.0,7175.0,94.0,,133.36608488572992,3,3,0,2023,mid,0
5,1,7,6.460579926018501,347.79299730415863,497.6247601089941,0.26610584385800695,1.8570901010303356,6465.0,5791.0,96.0,522.9837839038819,209.22934304457578,1,5,3,2022,sup,0
2,2,5,8.073150893482216,504.7149853098735,587.4785404132883,0.2527682294654078,1.4190664386246525,4978.0,5884.0,108.0,-196.56955850163854,242.06710308981275,0,1,1,2022,jng,0
3,3,6,7.249804544733635,348.2274543873246,558.9813219708458,0.17228778068944947,1.1069003474758516,,6618.0,87.0,,167.8042425080269,1,1,0,2023,sup,1
1,3,7,5.582391079808005,395.48361291165884,503.3359776847538,0.06690480805983723,1.9479605098426962,6229.0,5829.0,107.0,485.18919868824935,,1,3,0,2024,jng,1
2,1,8,8.684808072703383,441.48068966661026,533.0712649447162,0.24421862232539537,0.49061956061671896,7003.0,6402.0,92.0,-643.8503088732077,143.16618083388423,4,2,1,2023,jng,0
2,0,4,8.178130799233312,416.74055236177355,409.2300476974445,0.15054058381616608,1.3592620353107672,6250.0,5646.0,115.0,,212.52478163557436,3,3,1,2024,sup,1
3,2,7,8.217053578782426,394.13583379894163,518.9267122536003,0.33903814171609264,1.4963776154784416,5495.0,6387.0,106.0,-168.40132761748123,-629.3243937567225,2,2,1,2022,top,0
4,4,6,8.72979653737745,402.8734414868727,503.90967099847893,0.18144141082666937,1.4458141706179881,5901.0,6068.0,104.0,125.44389095971124,-461.0532279900939,2,2,1,2023,jng,1
4,0,7,7.563560919472147,368.68922703180647,213.05040214395103,0.13902320761764342,1.5864642415189674,5479.0,5908.0,107.0,-518.3829357257216,-275.2436674127596,0,4,1,2022,sup,0
3,2,7,5.835156190048888,401.52204181454465,749.4976650410305,0.06504538349567429,0.9294874731766463,6132.0,5534.0,93.0,-540.6470440278895,249.399307977315,4,2,0,2022,jng,0
0,2,6,3.791510690461848,336.2869433862156,560.2772579868447,0.07744622149410524,0.8704324541222899,4839.0,6188.0,87.0,-576.2740502033405,63.23128395068565,0,3,2,2022,bot,0
1,4,6,8.041244773388282,446.888693341397,372.7733887251554,0.2564744908660154,1.310904578384541,6347.0,6048.0,95.0,-84.79680268123951,10.929894106454284,3,3,0,2023,top,1
5,4,7,7.341445315095131,335.0811243123346,426.2451888680943,0.0836964491989432,1.3057555980199578,6577.0,6033.0,89.0,-502.6839605742043,,1,1,0,2024,mid,0
5,1,5,7.474108245296944,271.7557790230806,500.3782830955016,0.13789416479635264,1.7300105375186603,5349.0,5734.0,121.0,-404.75334114396315,-388.25494598658497,1,3,0,2023,jng,0
2,3,5,9.536394832985318,322.85722327342916,433.2676795232835,0.02,2.090430376546253,5685.0,6660.0,99.0,,-206.66494637161082,3,4,1,2022,mid,1
2,1,4,8.333203641021544,413.70044478010834,583.1859595288573,0.23631113870025805,1.6445442702593165,7361.0,5473.0,96.0,399.7205091325426,-11.608944473326524,2,3,0,2023,sup,0
2,1,8,8.253630734337838,325.03643828928205,683.6254454523496,0.22440453571400118,1.5012549100167931,5561.0,5698.0,87.0,-309.921439885764,554.5621541074204,2,3,1,2022,top,1
3,2,5,8.544144860871155,423.93578761049076,577.4732315098365,0.27619035027839495,1.186238412528494,6194.0,6216.0,92.0,231.3196585866733,397.5199363628715,1,2,2,2024,bot,1
4,3,5,8.771907781364087,374.3726769407806,552.214349611432,0.25013135174949974,1.213609246778859,5007.0,5008.0,81.0,268.87290815676545,85.66727651208672,1,2,2,2023,bot,0
1,0,5,7.89515225715703,414.3950984307935,543.5719705456045,0.09404474107805413,1.49213345448726,5543.0,5725.0,,-1000.9751196428451,-280.5147525438241,0,1,0,2023,top,0
1,1,5,6.016853326177465,409.5837175944926,643.1104433382354,0.16781864562064658,1.3132783723460737,,6171.0,137.0,19.915752819359454,257.72285446781757,0,3,1,2023,sup,1
4,2,7,7.225225582306912,315.99882637076485,582.8606053418681,0.14270735574843096,1.1566693215897685,6386.0,6596.0,106.0,201.1133071423452,571.6204823044245,3,3,2,2024,bot,1
4,4,5,9.526191677718604,351.02959369619566,534.2879061061795,0.2812800857721801,1.2955245486082683,5834.0,6210.0,89.0,864.9587105993077,-77.38712818193582,0,3,0,2023,top,1
2,5,3,8.267421090763534,356.5563560556681,628.6103357714321,0.2120588649258181,1.0999617687771992,6540.0,6114.0,85.0,-215.3897786663391,-20.583754948243463,4,3,1,2024,top,0
1,4,8,8.454198036155953,366.4211555762308,285.597177227152,0.2202734549630455,1.9818017340102858,6347.0,6214.0,107.0,240.84319169946053,71.45122761471295,2,5,1,2023,jng,0
3,3,9,7.720243446468835,390.4326702268734,617.8980124941872,0.3002758596634341,1.0510592762301985,6337.0,5762.0,104.0,,-397.14396428583575,1,1,0,2023,bot,1
1,6,9,9.090537895360011,277.30729084148555,530.8252291215501,0.18377821693897234,1.4282005995851423,,6374.0,,,163.8681224792552,1,4,0,2023,bot,0
1,3,12,5.2660536363256405,379.4821511101488,635.8391132596415,0.23514035845966944,1.3419296658976712,5694.0,6034.0,94.0,486.4877593162764,-523.5952611476745,3,4,0,2024,bot,0
1,1,5,8.175126602360352,407.72760908381304,733.9188137003697,0.3616496169912359,1.4189014234381898,5360.0,6663.0,105.0,,845.9703708599704,3,1,1,2023,jng,1
2,6,4,7.354405391108517,375.13757483049756,519.5562358210827,0.15833203567681822,1.6085825986694269,6003.0,6478.0,117.0,598.8353103024509,242.97473661842702,1,3,3,2023,top,0
3,1,10,7.677268982580079,397.47157132071527,388.59076022283136,0.2853525231642702,1.1810789540088487,6766.0,4443.0,78.0,737.3172416655431,297.26483864401365,2,1,0,2022,top,1
4,2,8,7.225026231590824,352.1332441354213,318.55604858107415,0.30967742000523313,1.8191728704459587,5651.0,6542.0,95.0,-435.2550055092795,142.76886412423215,1,4,2,2023,mid,0
4,3,5,7.251333563422011,321.3174480967745,456.68719239194434,0.22911626591702985,1.695483049004678,5246.0,5538.0,,-161.47142929565138,-196.05897065296014,5,2,2,2022,top,0
1,0,6,6.388543709035212,330.39372679712596,529.3617868632965,0.19895305164172358,1.4603928427828774,5765.0,6014.0,102.0,,521.876181351691,1,2,1,2023,bot,0
5,1,7,7.325656564578425,344.67383271215635,575.6151671999887,0.18161551967429182,1.7850091865082618,6046.0,5395.0,101.0,502.26194967681874,-56.98074655472598,2,4,3,2022,bot,0
4,5,7,7.021808223135381,398.17427350077065,704.416044975469,0.278585682252437,1.9208252294066381,5774.0,5239.0,95.0,-155.53515113881718,-370.04665691127383,1,4,2,2023,top,1
1,2,4,8.271045869416747,349.9356973459025,481.7816520012545,0.23487936330765724,1.6079356314220263,5807.0,5494.0,121.0,-53.395145667995834,499.8037724093599,0,1,0,2024,sup,0
5,2,3,7.1322596112420955,395.6982510614197,431.92175970220075,0.11133304970035354,1.3520567475299996,5751.0,5962.0,121.0,-701.9761028475533,-178.66520045177694,4,1,0,2024,mid,0
4,3,5,7.679477607456822,414.1335980348457,564.0553941993293,0.20263964687544667,1.3215848883956687,6152.0,6735.0,119.0,-246.54699636413295,,1,1,1,2024,bot,0
2,0,5,7.37659175971087,390.56014568643025,649.8969600232617,0.2800542821203677,0.981422649971395,6059.0,7212.0,85.0,48.4586511406001,180.999540040631,1,0,0,2024,jng,0
4,6,8,7.244363422479246,344.4592476265124,771.5529304018675,0.2305755238636895,1.067195839418138,5457.0,6215.0,111.0,-259.6545688971818,-54.61425101587386,1,2,0,2023,mid,0
5,1,6,7.232331056859331,268.79200480090685,455.7921186836693,0.1645258601225059,1.1590967066666376,6317.0,6332.0,120.0,498.8289884964387,-104.64971312218478,1,4,1,2022,sup,0
2,5,2,11.44576030784878,431.56635892564196,763.5613528654575,0.18752373806617006,0.5566392097507035,6557.0,5777.0,95.0,188.83475853004902,-169.9881405199106,0,7,2,2024,jng,1
2,2,7,8.561653514082334,312.0468858173117,372.99615502322706,0.17935796832957004,1.462605718126875,6425.0,7622.0,96.0,-476.77410694599155,-279.85892607496896,1,1,0,2023,jng,0
2,3,4,8.430745293455962,324.1976739099878,498.36506184303624,0.1497507841013428,1.656503767868979,5678.0,7009.0,96.0,-261.4412974591454,-7.972832012286773,3,1,0,2024,mid,0
1,4,6,8.69365388147239,424.4875142945237,783.2633008898756,0.16769573003804455,1.6219076969178747,6888.0,5019.0,,523.7434487822658,382.60518290387273,3,4,0,2024,bot,1
4,7,11,5.4434291490229025,389.14998418754607,501.71603500777877,0.19214963258584822,1.4135070597055328,,6776.0,101.0,-500.32800084890624,688.3078438041227,4,2,0,2023,jng,0
2,2,6,9.457750271600228,335.5046839344329,458.0743164049013,0.23688120497552623,1.389324993514571,5808.0,,111.0,403.72948362090585,238.1219065758374,2,3,1,2024,top,1
2,3,6,8.074510240454586,349.0055826022229,614.7089620576872,0.11010771951636056,1.2474930447684076,6702.0,5551.0,76.0,52.27768118459991,34.80274356490864,3,2,2,2024,bot,0
5,2,5,7.122921558228461,298.4838650519514,332.660256708175,0.25088255784232993,0.9039109880010189,6031.0,6826.0,96.0,745.1521663018733,-489.8502811323965,1,2,0,2023,sup,0
2,2,5,6.655780023878581,335.69215863879356,683.282419826352,0.2873574419899825,1.029143346800186,5615.0,4939.0,75.0,-361.3852332633131,-166.15008204304692,2,3,1,2023,mid,0
4,2,0,8.311883698907973,308.6422630555449,405.6443846964201,0.16636297087765356,2.2210596723704086,4728.0,7026.0,107.0,-264.1000884033275,-110.74152518046897,1,1,0,2022,mid,0
4,2,14,7.316613828223686,203.37769907572277,511.316261937472,0.10931323518651218,1.4310770330979659,5286.0,5980.0,101.0,-605.9448100822631,-77.52722572628403,2,0,2,2022,jng,0
4,1,7,7.776966415492061,369.05199328104095,497.91775104503296,0.15986522443442244,2.0489414475673735,5192.0,5928.0,97.0,-91.84014995430925,-255.9254748146597,1,3,3,2022,bot,1
1,6,5,7.799091184280448,372.8829824275847,623.443225275154,0.1397537775578212,0.3,,7057.0,97.0,-97.99922679794152,265.6339216092119,1,4,0,2022,bot,0
2,1,7,8.949453218352112,368.651321226469,519.6502575652343,0.14139260027937955,1.3757613958920405,,6135.0,,-388.86212959372995,113.27919013328201,2,2,0,2024,jng,0
3,0,10,7.209068433833753,297.30441816359354,485.3554043517005,0.27607978855438536,1.591645031207202,5503.0,5846.0,97.0,303.2169224018419,151.64301309124863,0,3,1,2022,bot,0
3,1,8,7.638763182432441,385.38699715368614,551.2566096556008,0.32704607167171484,1.742595721799506,4820.0,5988.0,103.0,-34.29831531228118,-220.41434530382972,1,4,1,2023,bot,0
2,0,7,6.671277529832334,374.77143127435573,571.259188414158,0.37771458125137636,1.6463490651550798,5196.0,6153.0,94.0,291.3569170422348,-469.0417297077139,2,5,3,2024,sup,1
2,1,4,8.855677287358297,388.2001220006769,454.8144239213991,0.25534018911497286,1.8850643190385457,5539.0,5912.0,134.0,54.257795918373176,330.2820798524181,1,2,0,2022,jng,1
2,3,5,5.855290858878894,289.170835436268,624.9323069636932,0.16838755330489316,2.000176633081714,5740.0,5818.0,121.0,259.5652119386701,-168.20671018267493,0,3,1,2022,jng,0
5,5,7,6.979397458726287,324.99398962566954,718.3354298609426,0.21452409881798482,0.9040914592995355,5641.0,6857.0,95.0,-716.7655431959623,154.7154332265145,1,3,3,2022,top,0
6,3,3,7.317659795383223,368.4036061446552,642.2338498806629,0.23054449042609987,1.682365876101705,6786.0,6904.0,92.0,-148.7725075666046,-146.5728766873532,1,2,1,2024,bot,0
3,2,4,9.000664490197787,351.7419091541117,664.7457035746326,0.20589508931588457,0.9665064594486055,5740.0,5887.0,106.0,-42.18564330376671,,0,1,2,2022,sup,0
1,3,9,6.098088044041032,410.59347925286096,460.6971700477172,0.24642097214964065,1.4157467331135516,5795.0,6190.0,95.0,11.112262097741848,68.06598921147007,2,1,1,2022,bot,0
4,2,5,6.188690646432429,489.05101962199683,595.6771454504657,0.23381792319245112,1.1890687787071907,6826.0,6440.0,,163.53002654248792,447.8007724813788,1,3,0,2023,sup,1
4,3,7,8.441373349801761,326.67088545146385,625.6505661867436,0.34606257058473483,0.7670352852136886,6561.0,5119.0,109.0,-433.5458718726802,-35.98236343375906,2,3,2,2024,sup,0
4,2,2,7.281515094167238,294.0843866089605,731.3780216182313,0.12122526350072685,1.3758232397201637,4860.0,5981.0,94.0,-62.54337416859599,-463.4563592520958,0,2,2,2022,bot,0
4,3,6,8.739586822837058,350.402370143785,496.94635471884067,0.23504646238578805,1.4041387488831412,5595.0,6590.0,83.0,-563.9519197983122,-160.6212846603534,0,5,2,2022,bot,1
2,1,13,6.714551437112457,459.1762386076288,526.0775231280891,0.2924908292845011,1.617879923253773,4802.0,6062.0,94.0,-603.0610747589496,177.67583531528533,2,1,1,2024,bot,1
2,1,5,6.97009202516945,404.6719992479428,494.04611779101185,0.07786594925556467,1.1361191685295409,5374.0,6199.0,,13.715169045605194,-56.10798462182281,0,1,0,2022,jng,0
2,3,8,9.491123464505531,335.6068404422692,511.647738584208,0.2741046033856663,1.8884883276186861,5543.0,5275.0,91.0,54.34410403495215,410.5705583553295,1,3,0,2022,mid,1
3,3,2,7.25533346814877,314.9865291954282,592.3519170862771,0.2923324369275078,2.117863630497942,6380.0,5185.0,109.0,,,1,3,2,2023,bot,0
2,1,6,9.720394967489627,343.5182815076892,829.627406322563,0.27013093493631896,1.4769641509877607,5965.0,7041.0,106.0,-204.25424301715083,325.26909777336846,1,5,4,2023,jng,1
3,0,8,7.936746953362766,426.87628084919214,651.6172659669239,0.2654994279104191,1.1123967705298246,5030.0,6846.0,91.0,682.6344593568119,-643.8396824335412,0,1,1,2022,top,1
2,2,7,7.154562185061108,390.8662334121937,643.4090565784842,0.20824232435280124,1.6822625793591304,6599.0,6572.0,101.0,462.16202623325404,-307.3792637019841,1,1,0,2022,top,1
4,1,7,8.212327664192358,316.3692419643567,410.88892197807434,0.24461828927008752,1.4837102489546865,5202.0,6638.0,,-636.5959971692473,390.23789690258485,1,4,1,2022,bot,0
1,2,6,9.831594616871023,462.99084753107,550.5563193385374,0.22969499850740033,1.8071854293705245,6213.0,6321.0,82.0,146.94950187043565,-113.42190097570233,1,2,1,2023,sup,1
1,1,7,7.924733845920119,377.36385235696383,532.1552632836397,0.28355896209405174,1.8837083585694967,6616.0,6306.0,73.0,252.66215919540952,-133.0399035278821,0,4,3,2022,mid,0
3,3,5,8.90666694706214,483.43980524323723,538.4761491392103,0.1995727070724991,1.5375037754712169,5432.0,6102.0,100.0,-171.441343464127,-336.92823668406,0,2,2,2022,top,1
4,2,7,8.972472811143732,411.2915989205091,342.572308288154,0.31355825978551255,0.8846505535762496,5306.0,5861.0,124.0,48.304668920731814,420.1766153418169,0,2,4,2024,bot,0
4,4,9,7.4169236627685144,361.89467614875053,414.93235414808123,0.18687476347270274,0.7319194551264027,4970.0,5889.0,99.0,-180.09358461096775,,1,4,2,2024,jng,0
3,2,3,7.867892143635408,347.586328818703,547.696595757043,0.19246727974483216,1.625152553748403,5835.0,5598.0,122.0,653.8850520807405,87.64124415408762,0,4,1,2024,top,0
6,0,6,8.887370847403174,420.20983672607923,487.1190883172348,0.20883857547348916,1.4550849768324092,5811.0,5885.0,91.0,-516.5521338819254,-233.2089933770959,1,4,1,2022,mid,1
0,2,5,8.273400567592725,340.77024086644394,515.513797489542,0.11964884056582227,1.966361018654712,5883.0,5472.0,126.0,-389.6154718352842,880.6021323967565,3,2,1,2024,jng,0
6,0,12,8.383515372518445,373.86238548531253,492.47626869126043,0.17959445167413104,1.1001646697087197,5906.0,7101.0,100.0,229.50250805655645,159.98364259130014,3,3,3,2024,mid,0
4,3,5,6.103569805154246,292.6766278701808,398.1631827490495,0.28250206530504873,0.5513080393629196,6918.0,5557.0,111.0,320.8196009881851,495.36527105564767,0,1,2,2022,bot,0
4,0,10,6.4228589110337975,415.9034056766056,605.5614166370306,0.31224831283286714,1.674794157520105,6121.0,6189.0,,-214.41073257633803,-91.6978634905183,2,4,1,2022,jng,1
3,2,3,5.592930975880675,344.27217589160193,298.69942798948216,0.14769180050678088,1.6683877443967292,5254.0,5157.0,111.0,796.0285220993873,-410.31066440114836,0,1,0,2023,sup,0
2,2,6,10.114890870517094,341.62039972427897,392.27726865661157,0.20956573649383883,1.6197622882724674,6049.0,5984.0,77.0,539.5662944441866,191.13900958921747,1,1,0,2023,mid,0
2,2,6,7.1968414973228185,425.12395547419044,523.5641436378492,0.15732273580388123,1.2699848728323637,5829.0,6598.0,85.0,291.22387484365623,,1,0,2,2023,sup,1
0,4,3,6.735898455457484,294.0873086391408,328.7889068465537,0.2671261155867848,1.4396909369446445,5019.0,6198.0,116.0,-84.89661501759811,470.22657120041185,2,1,3,2024,mid,0
0,6,5,9.278802499465968,428.93131375226403,466.0815637028303,0.2688124693146684,1.4806629246812961,5644.0,5524.0,82.0,610.5285810848782,-15.30981198934549,1,3,1,2022,jng,1
5,2,4,8.844477413839584,434.69359851941124,458.1505533770974,0.13755077309121744,1.1543933161480586,,,110.0,-694.8914236539987,-29.567926081387128,3,5,0,2023,sup,0
4,1,3,7.6906165084346565,377.52063068353823,639.5706401909232,0.15658731760881478,1.918734692168637,6240.0,6715.0,116.0,435.2183277710832,-152.2627324987193,2,4,2,2022,sup,0
2,3,4,7.630367014397246,329.8513852677879,204.24785990133063,0.29000495293293027,1.2509758099908657,4909.0,6738.0,102.0,566.3403611371268,-454.747558751281,0,3,1,2023,sup,0
2,2,3,10.041679758489334,488.36718600350025,449.7208568322544,0.1517580783281437,1.804512668078652,6387.0,5595.0,124.0,956.7729215991691,,5,4,1,2023,mid,1
4,0,3,7.306239733316945,404.80066670023905,537.5926993851157,0.21910275698802292,1.0831557017826667,,,116.0,-554.5309724560419,-265.29900345195904,2,2,2,2023,bot,0
3,8,8,5.429409134579791,371.4611891937941,396.25095123326525,0.2270364247359095,2.0279844260862605,,6395.0,81.0,-60.809666241165644,-24.745265629563068,4,3,2,2023,top,0
4,2,7,5.985374669881829,291.17438652218243,335.12815762208584,0.18616222707899574,0.5885844446816547,,6226.0,94.0,36.42805292314276,-370.5717363519371,2,8,1,2023,top,0
3,4,11,7.01005789064972,428.51567075593766,349.8129562437067,0.2836144959992717,1.4537072191215321,5499.0,5982.0,114.0,491.4576592397709,265.8536469826124,1,3,0,2023,jng,1
1,2,8,7.050972093323734,462.0453097696869,463.22697032967443,0.2610440022279432,1.93077148993676,6090.0,5448.0,98.0,-156.59814167606703,763.859056696247,1,3,1,2023,mid,1
1,2,6,8.392123015554459,284.94597588541217,695.5248157462644,0.2527062486510775,1.753541459183531,6103.0,5850.0,96.0,-373.62460641961127,-880.7605311659579,1,5,3,2024,jng,0
3,2,6,7.757342792362411,378.9393519071822,340.0021815785823,0.061187097346969865,1.6882238371989526,5345.0,5599.0,73.0,-316.6023622079105,-225.84473528120867,1,2,3,2024,sup,1
0,4,4,8.824038283271163,356.85374179585835,259.87502633524196,0.23627440078219483,1.0666536678167193,5603.0,5313.0,126.0,659.3242712803474,21.448646746108892,1,2,2,2022,top,1
2,0,9,9.0364175796488,373.3630383967408,519.7439195099821,0.2590230930016728,1.9652249142254545,5467.0,5924.0,76.0,-47.62837224248391,-348.04861115910103,3,2,2,2024,jng,0
5,2,4,5.801932651097199,340.4190258287663,415.8197965128578,0.14268241276270763,2.2439201829844335,5802.0,6162.0,110.0,-305.94349604576746,,0,2,1,2024,mid,0
3,1,8,7.936440489117732,411.0254210638427,501.28988355953663,0.24626935997176602,1.7073985088221317,5632.0,5471.0,86.0,-89.41865730098328,207.2959801572382,1,0,2,2023,jng,1
1,4,3,6.165486697905827,302.97732635167245,403.4777731227805,0.14823015961045702,0.9557834022637953,7085.0,5961.0,87.0,153.40448567464304,405.2387818573684,2,2,1,2023,sup,0
3,1,9,6.982988262165854,232.59267256815124,569.9080684016876,0.12868399218013088,0.916657040100615,4983.0,6241.0,122.0,-674.1654553910653,,1,2,1,2024,top,0
4,2,5,6.975188984707759,470.0130720635693,529.9627785804245,0.18163236733173405,1.9410988954453818,4760.0,6030.0,95.0,228.1302374018806,-308.90652757883447,3,2,3,2022,jng,1
3,3,3,7.634654628854091,405.0846851603569,647.2915511653839,0.30735572284721024,1.6092807811239471,5513.0,5534.0,99.0,,494.3083149063675,1,0,0,2024,bot,0
1,3,4,5.721450036633474,337.7071543873913,467.33879964694034,0.14686952941000006,1.8236547020122476,6538.0,5857.0,95.0,-59.96017436426281,448.04061409800335,1,5,1,2022,jng,0
4,4,6,7.798060118194892,300.13646629208165,403.1894429114671,0.24314626708755263,1.6569854967628364,5886.0,6569.0,93.0,,368.58082418515306,1,3,1,2022,bot,0
4,1,9,9.07373783032009,385.89357286308245,454.9385579843573,0.2165494654809442,0.9162178520387232,5390.0,5161.0,94.0,-378.0768425267414,28.700462445281843,2,3,1,2023,top,0
2,0,6,6.967446892193895,397.1107735845471,479.4120663277485,0.24404916921521494,1.677005501175731,5947.0,6129.0,79.0,428.990309108018,556.9226266155027,2,1,3,2023,bot,0
4,1,3,8.96496124344708,337.73158960248156,356.9708868257726,0.21751326237115573,1.786903796193782,5719.0,,117.0,-167.8637366025037,,3,3,1,2022,top,1
1,5,5,8.065993310845704,376.8542711463782,853.1513184038747,0.15609009314645772,1.7690978505678265,6574.0,6382.0,103.0,-287.454807788965,-73.79746506575597,0,1,3,2024,jng,1
3,2,2,10.970261585250112,400.2402340758142,630.7225102456086,0.10217859992088908,1.722205997944703,6111.0,6593.0,95.0,338.77452402176317,,2,1,0,2023,bot,0
1,3,4,7.687980309600189,399.32189793374545,497.7561024303684,0.17388021366046952,1.2664983423981717,6033.0,6051.0,98.0,-110.21814953542214,-65.10532905135993,2,1,1,2022,top,0
5,3,6,6.840448348983473,344.30228843087053,668.9343171085337,0.11997139251800057,1.2192223894980163,5851.0,5329.0,,,-173.56383744671632,0,2,1,2023,sup,0
0,1,7,8.362158389647314,411.71200195360217,529.8070188656407,0.22301819999026065,1.1178718828593128,5897.0,6031.0,114.0,506.2815533255198,-262.4132995020031,2,2,0,2024,top,1
2,2,7,7.762754813742762,359.9719317900416,617.5631664914467,0.2123390663498782,1.1115147931158618,5328.0,6039.0,106.0,-832.403097982122,294.8051375048492,0,3,1,2023,sup,1
3,2,3,6.641303889270675,440.28502331361466,498.3667766950182,0.03451053051153441,2.4018021805519583,6609.0,6030.0,98.0,-24.445209711509946,-619.216338620056,2,2,2,2024,sup,0
3,1,3,7.348862579968903,384.38161501755854,472.5459829049398,0.17217216613912312,0.5281491837233849,5036.0,5772.0,111.0,-622.3787790671018,133.5518296752003,0,1,1,2022,mid,0
1,2,5,8.656696757448698,375.88480988666356,538.3930988309686,0.20214827090377416,1.5698400046599865,5587.0,,111.0,-415.3974101703503,-79.65380793235585,2,1,1,2023,bot,0
1,1,8,6.136736427020161,264.64330309532875,493.8973329300952,0.399315030603609,1.9934606280051796,,6134.0,89.0,-848.4618659738779,-560.0185914757308,2,3,1,2022,sup,0
2,1,3,8.318421493347216,372.2527406907169,668.9706000626172,0.20602959985218552,1.388139825443969,4804.0,5272.0,121.0,163.56940840083482,93.62983951146887,1,2,2,2024,bot,1
2,2,7,7.215492917611692,443.71641894955593,589.3900560739198,0.2810202227176551,1.602422220804316,5430.0,5740.0,91.0,-580.3680839545975,381.3583645840871,2,4,0,2023,mid,0
2,3,7,6.312616362233883,345.8846971158454,401.35497895276137,0.1226462386571273,1.137405015509276,5639.0,5441.0,107.0,471.32744787670583,,1,2,0,2024,bot,0
4,2,5,8.430938658624484,407.2957369475818,501.36067332265486,0.30490686239837733,2.0511635330662417,6085.0,6325.0,87.0,313.3705134849116,202.0544253404492,1,0,1,2023,bot,1
8,3,3,6.783202157631368,360.9600723657735,699.2334194290494,0.1607418142438743,1.4582474053165302,7310.0,5691.0,107.0,312.57682301630604,-129.4871941437239,2,2,1,2022,mid,0
1,0,8,8.191919988631216,411.76763334790814,422.35632901752024,0.2769335847920187,1.6634564328739248,5897.0,6317.0,79.0,-887.0919969068827,712.8227897229633,1,3,0,2022,bot,1
4,3,5,8.129097358482912,383.6064677048354,482.1772668326979,0.21345538799514543,1.2876925693910632,4841.0,6163.0,91.0,260.34954065416,362.28326777776294,2,2,2,2023,bot,1
1,4,6,7.73209784834892,402.4807874029507,524.1191502606736,0.3601953562530319,1.5175774214933222,5594.0,6115.0,91.0,295.10911369788056,399.06532973286346,0,4,2,2022,top,1
5,2,7,7.132313268801783,370.6025226071681,515.0833060300837,0.15701698361240587,1.5696831069674078,5382.0,5877.0,112.0,743.6142255813833,-91.43265206583766,2,1,2,2024,top,0
2,2,5,7.0958437469036095,398.1408526550099,532.4592353033976,0.3396246800663407,1.168137501665733,6678.0,5763.0,103.0,-147.48143798618034,-64.75689140414504,2,2,2,2024,bot,0
3,1,4,7.831436981086632,346.39835715603454,406.5323446329262,0.28062742247556377,1.2395460441189157,5421.0,6450.0,131.0,365.0561488306269,,1,2,0,2022,jng,0
2,3,9,8.182363922746097,429.57289494743253,449.2129902203904,0.17285796587230257,1.7637896399780315,5703.0,6802.0,67.0,-112.17188359889735,141.47839256217384,0,4,1,2022,jng,1
0,4,6,8.144802623029703,325.5085189202219,392.4369233152594,0.27287948438894555,0.6243754349545025,5426.0,5208.0,,-595.9394961420546,-169.6067728193667,1,3,3,2023,sup,0
4,3,6,7.671211067671228,368.51845769250303,569.6156415541458,0.19349595040868273,2.106139238973037,5799.0,6499.0,82.0,,502.82869628359975,2,2,2,2024,sup,1
1,2,3,7.641251445755509,417.8428088408513,441.12365993298687,0.14186326152170622,1.4978495408767765,5635.0,,,,57.47983506220243,1,3,2,2023,mid,1
4,3,6,6.658307799957477,362.5954318915692,409.7136472410425,0.09499115670629696,0.7001118659504351,6325.0,5691.0,91.0,494.35251378477165,578.5283674731878,0,4,1,2022,bot,0
2,4,3,7.3500726775313945,416.925534689324,548.1535898808365,0.13882214252116154,1.8101521899551751,5922.0,,87.0,204.07666300622867,-87.6172011348432,1,3,0,2022,top,0
3,2,1,7.962416428170916,474.54996039099836,368.63471525443015,0.19072497471584177,1.212054583385262,5684.0,6158.0,111.0,1272.9818739658544,308.8468550467626,0,3,2,2024,top,1
3,4,5,6.745860146448896,382.3168560868115,458.06304929683415,0.2906911115862636,1.8410657099807557,5716.0,,107.0,-40.47427176550248,409.7990646724879,1,2,1,2023,jng,0
4,1,5,8.312566032603653,429.03814368824743,615.8419993065909,0.09475981005834191,1.5543361978264225,6635.0,5725.0,76.0,-598.5685908994296,-40.884420936355575,1,1,2,2022,sup,0
5,2,6,6.550622776812893,398.93975075003425,610.7401376685395,0.15804754798434564,1.4201621602600554,6248.0,6384.0,89.0,,-263.57647288746944,0,3,3,2023,jng,0
7,2,4,6.903862977944263,371.214269954935,547.599845521669,0.22879747755640426,1.5526271895915846,5662.0,5580.0,130.0,44.39284667281922,-773.6744388079472,1,2,0,2024,bot,0
1,4,6,8.815929776640395,436.9723476576748,692.6039433243682,0.07923037203345315,2.1166189098298505,5909.0,5976.0,101.0,-159.24250089271317,-138.74542259249586,1,4,0,2022,sup,0
3,4,5,10.237641806639374,324.21895637884165,535.5463867642438,0.11530901209711071,1.3441342182597602,,4841.0,123.0,-183.24997376183205,-222.18256719852937,3,2,2,2022,top,0
1,2,5,6.728564078075809,351.26697197068285,521.1495432089283,0.264601372936671,1.0537634981318247,5772.0,6369.0,104.0,-555.7524354823945,-508.32457505782185,2,2,2,2022,mid,0
3,3,9,9.044310419136849,468.8341377907857,555.864834229541,0.27573468049988537,0.8742356549756639,5499.0,,119.0,615.6521793398198,788.7835937944363,3,1,1,2024,sup,1
1,3,8,5.933172795299669,422.7394849804834,544.0357527761536,0.2224852579700193,1.4195884502451315,5437.0,5477.0,109.0,263.18153506967576,232.00544877658734,0,2,0,2022,bot,1
2,3,8,7.708451077363407,311.77226582717816,500.17619547726207,0.298048624830396,0.8795426620744798,5588.0,,,-103.07455308308326,-95.6439239077212,4,4,0,2024,jng,0
4,1,15,6.436826482871197,365.6425144945462,585.9834255520194,0.15017423230103127,1.920658175314608,6369.0,6688.0,,-380.425445764928,366.8301046736277,1,1,2,2023,bot,0
4,3,11,9.909778551482539,422.9671866234979,421.1919680211072,0.21447711837913677,1.7963554607578263,5417.0,6197.0,83.0,273.92642118879235,-401.11692073805193,1,4,1,2024,sup,1
1,3,7,5.581269713345728,348.6108040257179,378.7801450350039,0.2398999274594279,1.5897130901778536,5335.0,6590.0,77.0,310.0208439916625,246.94735933703595,1,5,0,2024,sup,0
4,2,4,8.323643324465774,432.56093930241997,534.4264489502056,0.35457572652492425,0.8686676030435232,5188.0,5780.0,102.0,14.904865580060658,,4,0,1,2024,mid,1
7,1,14,7.5584624662528075,428.53696039253344,486.5896657568729,0.025164797445635018,0.9763153643490357,,5787.0,102.0,-36.3042947784883,24.746830307043524,0,3,2,2024,bot,1
3,3,5,8.214868793810169,304.6146344951585,477.3892570909407,0.2571163962715136,1.2803296011526115,5608.0,6700.0,,-75.77395040880421,-257.28590883883317,0,2,1,2022,bot,0
2,1,7,8.282350102374133,353.2946147199751,432.0078790326026,0.15398048219727856,1.5070012291714892,4579.0,5229.0,113.0,-455.4436321468894,165.44558587638687,0,3,0,2022,sup,1
3,6,6,7.546174830145874,432.0627205723344,689.2231497258955,0.2598764810858965,1.2926089509649226,4958.0,6186.0,95.0,-80.37008879641832,670.1256155007975,3,2,0,2023,bot,1
0,4,8,8.534120287238238,421.0969309707337,485.7402228201462,0.1663228765121911,0.9708908578095667,6497.0,6449.0,56.0,-41.43296893208651,428.3384153530309,2,3,3,2024,bot,1
5,4,3,7.73814604052684,392.72666046509505,276.7582354440247,0.15024131511504207,1.5446717858847738,5455.0,6553.0,86.0,185.3736652176407,-147.21715551239402,2,1,0,2022,bot,1
4,2,6,7.537982989546604,303.7248603310206,600.0781462771326,0.27306372315614347,0.9472906213780691,5636.0,,94.0,586.0620323647711,-786.357092806007,4,4,0,2024,mid,0
1,1,9,8.257130914259236,363.78910169915974,403.3289004255411,0.18102253393852272,0.9226324807418547,5861.0,5735.0,99.0,-497.52425804341067,-525.9502892733317,0,4,0,2024,jng,0
2,3,9,8.66274214200007,415.3855190073272,592.5365167538522,0.29757974369343293,1.6022238157836042,6442.0,5621.0,103.0,-308.61027186583146,541.4965361166512,1,2,0,2022,mid,1
5,1,4,7.515178949115361,355.41336130669305,517.0251981095403,0.37062787370530115,2.8041157089329314,5406.0,6230.0,107.0,-458.9335310153428,,1,5,2,2022,bot,0
3,4,4,7.424660468060214,384.36550202663614,417.2270549546121,0.31723196564065326,0.34127832568356675,6000.0,6133.0,110.0,185.07897831507017,80.59021225736157,1,2,2,2022,top,0
1,0,9,9.203863452198974,485.1678691350885,513.5485328600693,0.18856769771788395,1.1601925684939816,6224.0,6149.0,114.0,290.65280306920977,-152.66964045387158,1,3,4,2024,jng,1
6,4,5,9.117640730083888,291.77821288455,350.9106170963861,0.24027403045587375,0.8790868854129739,5839.0,6486.0,74.0,-102.58743940818009,2.5264451842048743,1,6,2,2023,jng,0
4,2,5,6.998425680911842,293.01681137512145,597.7810153420412,0.19512966552723296,0.8883976409288531,5791.0,6324.0,103.0,819.0264776184406,-740.8311752235321,0,1,0,2023,top,0
3,0,5,7.983373649738408,417.3724261312479,277.3105769229598,0.23481863833422215,1.8084447055565531,6507.0,6114.0,106.0,595.658101132308,-447.0516875590954,0,1,0,2024,jng,1
6,0,2,8.390120045669395,404.6006452872479,518.7846227931965,0.15607860393560707,2.067757334043555,5503.0,5471.0,106.0,956.8184830626228,-77.80359385372421,0,1,1,2024,sup,1
3,1,11,6.909256991549144,371.26782545744055,461.58080460431387,0.17719547837615465,1.0631311464704574,6063.0,5606.0,114.0,-373.4368041095546,-422.51725083147136,0,2,2,2024,bot,0
5,1,4,7.708927236080186,407.2859821965622,470.72679298805696,0.12702206868979568,0.781186299908001,5040.0,,100.0,469.5952627010421,16.672172659585655,1,5,2,2024,top,1
5,2,7,8.621547543705434,264.4212461570875,481.80083600455754,0.24689712074567058,1.5692281544048745,5225.0,5647.0,100.0,-437.57215015600036,136.2899039543397,0,0,2,2024,mid,0
4,2,6,11.307812422878447,408.98000586271843,435.24701082443283,0.2126635247016232,1.6682575622085059,5574.0,5824.0,,-40.56465283501879,-128.57137154907042,3,4,1,2023,sup,1
2,4,2,7.941146347227984,379.1173855556997,654.8947753948279,0.18629516545713523,1.7592918139404474,5524.0,,129.0,-441.16922789919505,52.00991362216453,0,4,2,2022,jng,0
4,3,8,7.470876058682814,351.47819886865614,450.2740583127882,0.19448703084341168,1.5888127142636712,6149.0,5377.0,105.0,-703.1956727812646,89.01345622920326,2,3,2,2024,bot,0
3,4,5,8.683905607570802,408.0081440631429,462.6158844051648,0.1530736138387674,0.762717902435161,6044.0,5805.0,116.0,-464.9758014117198,354.46214292340824,2,1,1,2022,sup,1
2,1,2,8.25881524254362,253.77114051575668,513.699098018995,0.14919024240829737,1.1779528764085287,5434.0,,110.0,219.91028986357264,,1,3,1,2022,top,0
2,2,5,8.01136499983321,366.6302921303476,621.048655007821,0.27227117715130783,0.5955702851932045,5826.0,6022.0,110.0,-204.89420704102696,131.70222972978289,2,3,1,2024,mid,0
3,1,7,5.3721169024014195,314.81209642165834,539.5194480140553,0.07720222727268328,1.6630076119715964,3765.0,5423.0,81.0,449.2387837572825,-306.2640073329478,1,2,1,2023,top,0
3,2,6,6.8109978780321,353.78053180905675,699.8473108691477,0.2456700568750394,1.1918141105100246,5863.0,5184.0,130.0,-304.7772111926975,-26.005940969943367,3,3,1,2024,mid,1
3,6,4,7.615043197433522,333.6537932514534,517.1889246530174,0.2167224713926151,0.6543413127480965,5397.0,5024.0,95.0,-375.4720881697537,-14.084890301927892,1,6,1,2023,top,0
2,3,8,7.616574582228875,344.7247619606712,391.0026058942659,0.23080836121785306,1.6756467884542878,6689.0,6003.0,104.0,-353.2992152521837,191.13059395102707,1,4,1,2022,jng,0
3,1,9,6.887145979041484,329.9277011379299,388.42878917916084,0.16464483508192856,2.3252857968687,6263.0,5520.0,116.0,,,0,2,2,2024,sup,0
0,1,1,6.71067079984688,343.97105228304497,570.9892140785148,0.13770269940244906,1.2636339578112599,6214.0,6078.0,102.0,-582.2763862466242,-779.823346391544,1,2,2,2024,sup,0
3,2,4,8.830936629171754,378.6109191561501,563.2682215640211,0.37288857135631925,1.3551740946470543,6587.0,5677.0,86.0,60.01112142797973,189.5779339344146,0,1,3,2022,sup,1
1,3,5,7.399013059400019,343.05692972453386,421.78009792218296,0.16157749533908494,1.35951878658448,5737.0,5519.0,97.0,80.01832895558715,58.15854658238433,1,3,2,2024,bot,0
5,0,5,8.20721360073131,429.0330096815635,462.42625246530326,0.13296532620674734,1.6150316758551695,5807.0,5457.0,,-62.54322133634943,-349.5754836632105,3,2,2,2023,top,0
2,2,2,5.278623874854271,289.9693415210417,676.3141625670173,0.1685638396997423,1.3159551589117116,5599.0,6111.0,79.0,49.27694955719795,-500.6351887562148,1,1,1,2023,jng,0
3,3,5,6.546593047386063,384.7766782088503,591.0837748701383,0.22457399642372208,1.390472763588718,5909.0,5215.0,90.0,-406.7380018290085,-295.87086479343736,3,6,1,2023,sup,0
1,3,7,9.109444999718065,318.8336159052717,362.92836142928184,0.14538646592740445,1.4279230021821196,5691.0,,108.0,-36.22489893813555,-205.78204264379363,2,5,2,2023,jng,0
3,3,4,7.087419532869294,473.8162818042147,430.04356687063216,0.27702160324107056,1.2748811076166027,5278.0,6321.0,129.0,415.7215593199877,312.5242870662927,0,2,0,2022,top,1
4,3,8,5.129039713673469,318.00371902440946,578.8891180855524,0.11532786186228906,1.504834866091728,6018.0,5467.0,77.0,-744.947126536176,-526.0592042061874,1,2,0,2023,top,0
2,2,4,7.157106019772618,375.9804948553856,651.8395454666614,0.3948715175809682,0.779780875563977,5456.0,,90.0,-278.2311720955848,-137.24894370834252,0,0,1,2023,bot,0
5,1,8,6.504129337872894,380.7716336763699,474.5914377789123,0.27111305646802536,1.6685698579429689,5605.0,6070.0,91.0,-1065.9185665177095,307.70395599804385,0,4,2,2024,sup,0
5,3,6,8.27681302394667,336.9893231099585,553.0005228865966,0.14716112322079844,1.7242774812144164,,5702.0,76.0,769.0405350408786,,1,2,1,2022,jng,1
3,0,5,8.476950099078254,382.2912789903584,448.34548149284785,0.2549388521824664,1.3554673419830259,5765.0,4967.0,91.0,516.5154853524666,-61.975236765448045,3,4,2,2023,top,1
7,3,13,7.292940598482233,416.07354671815017,584.3316319814718,0.33004823310850895,1.7470709323954146,6623.0,5688.0,81.0,-11.09928905093696,-94.3231847843922,0,1,1,2024,jng,1
4,5,6,7.116441005501262,434.4066322067823,471.538077038603,0.20105591576332113,1.1466185036399796,5564.0,,87.0,-263.4652016756894,274.67474896428064,2,3,0,2023,bot,0
1,5,6,9.71053764487475,344.75140662248276,540.3252286617312,0.25407130158201247,1.1599852574268192,4564.0,,106.0,120.75923982238567,400.8714047558168,0,3,2,2022,bot,0
2,2,7,9.621028925648105,387.62888978813055,525.8308679088975,0.24851328024602923,1.1308300207602882,5599.0,5777.0,112.0,294.60674166889356,-492.1837493013588,0,2,1,2023,jng,0
2,1,7,8.743219289166664,349.48905437456636,592.8236421848934,0.14426934372461236,1.4273710521995868,5567.0,5749.0,92.0,-173.04880411067066,-123.42143205924756,1,1,3,2022,bot,0
5,3,10,7.850968425516705,393.6748166275123,580.4850187217688,0.27305444236111914,0.9323660157598281,4664.0,6445.0,118.0,431.5346411011479,656.9005717136733,0,2,3,2024,jng,1
4,3,9,8.771452354417562,409.0382695171249,458.9079314882981,0.35727034115844214,1.6602759603572514,6127.0,6165.0,110.0,,148.48543689237763,1,0,1,2023,jng,1
7,1,7,9.200171760106894,380.47242072895625,271.27538255997035,0.21045612223453988,1.3567371458182549,5442.0,5644.0,79.0,159.4579351581213,389.3410688805229,1,4,2,2024,mid,0
1,3,5,7.496991353885124,354.8698566654226,587.432406680591,0.15462982740361983,1.254079928012328,6236.0,6197.0,93.0,-32.29012406253865,108.97967387436665,1,2,0,2024,jng,0
2,1,9,7.5588574614679045,341.88741671296924,646.3670187315792,0.020516671179725193,1.8156494074590568,5468.0,5521.0,108.0,1191.0172751894536,56.3800636609235,1,3,0,2022,sup,1
2,5,8,8.376359109197777,374.71280310759283,615.8986776774166,0.26337190270647737,1.828565483380707,6375.0,,103.0,-152.78445138120026,-87.43900955272017,1,1,1,2023,jng,0
5,1,7,6.662042685333529,305.65990540692576,340.97964613973176,0.3633615611984362,1.3819977736673623,5102.0,6566.0,90.0,-616.3778374469834,-538.996040820803,0,2,3,2022,jng,0
4,0,5,8.72168306142738,411.1841190526886,509.91696476849154,0.18511174900461508,1.8310114693977881,6410.0,6357.0,115.0,1142.2777292109326,92.01642545485103,1,1,5,2023,bot,1
0,1,6,8.834558338047227,264.9661493631555,633.786630654351,0.20806164785492437,1.3632593824309946,,5945.0,109.0,-954.4083304486412,-341.11206991314907,0,3,2,2024,bot,0
4,2,5,8.963980070938666,305.3287403315693,508.81316141256247,0.23836931209439416,1.6430057709323331,6127.0,,105.0,-13.687110479574358,446.98459248984534,3,4,0,2022,sup,0
6,0,3,8.55877621749332,337.92755067861714,630.7792912390283,0.19744780541479717,1.4917438120544935,4995.0,,96.0,595.5333820076913,-184.2975856053673,0,1,0,2023,jng,0
5,2,6,6.40078503216844,354.1480877353267,425.26497476164417,0.12962308967324207,0.9855328566792023,6474.0,6301.0,55.0,-259.6994031948485,110.1239711397335,1,5,2,2023,sup,0
3,3,5,7.853630745225945,368.09175434033955,766.3265760243467,0.17684297566507068,1.217649953279531,5494.0,6496.0,,-663.589802453732,-287.03096170383265,1,0,0,2024,bot,1
1,2,6,8.12370125730631,402.17740096452445,698.2376668102681,0.2602956445384005,1.8269199483891825,5806.0,6249.0,,361.1029173230545,10.780515262132212,3,4,0,2023,jng,1
1,4,7,6.333350965182497,348.13571500424405,498.55035658327046,0.21196495966059392,1.057267137054799,5869.0,6228.0,104.0,-738.5932390478299,271.0994952749495,2,3,1,2022,sup,0
4,2,8,7.602532074379092,409.8163026623125,182.7384256357704,0.11586252426766959,1.4467712802605834,,6013.0,92.0,-31.207817342169392,92.25778231490119,0,2,2,2023,jng,1
7,1,6,5.934645169082927,292.12860048952155,674.3546495591759,0.3128834953478548,1.4646816238300748,5812.0,6087.0,105.0,-960.7771524549465,,0,2,2,2022,bot,0
7,4,2,7.175608853194172,305.86299318919475,568.7696003528124,0.1929043917531948,1.2499488615562693,5385.0,,,-302.76416577775433,11.014607181474751,3,2,1,2024,sup,0
5,2,6,6.942001249538255,344.08261546802026,570.1642044968515,0.27280404049261414,2.016939936061155,5793.0,6206.0,81.0,63.90697892698407,328.6528032864586,2,3,2,2023,mid,0
4,1,7,7.745556315761255,340.7881599863922,426.8620400331971,0.2618144528813047,1.0024529808526847,6338.0,6661.0,95.0,-186.92711597559526,-475.09913185682507,0,4,0,2022,sup,0
3,0,6,8.520373580988405,419.8099773984428,610.1300397290775,0.15515118988469725,1.942509834636513,5702.0,5758.0,78.0,422.501475308602,61.36605752947683,1,1,1,2022,mid,1
2,3,10,7.4115393904002005,389.2183610563073,616.857720063341,0.22922912854585706,1.1241435503004347,5466.0,5929.0,87.0,452.6052472803059,-483.94789028713376,0,6,1,2024,sup,1
7,1,5,8.23921034218101,298.1683289186486,319.9028532296286,0.25430401898088884,1.1613538616182622,5661.0,5922.0,67.0,231.89278153041084,85.67943765744482,2,2,3,2023,bot,0
1,2,5,7.202063208288475,322.7431156888291,745.1733690458642,0.3393098184295278,0.3,,6810.0,106.0,199.83668191670455,299.59704432133725,1,2,0,2023,bot,1
3,3,13,7.05224736102634,283.1511004145675,584.4409560364529,0.24133817876425923,1.3349440070655378,5767.0,,113.0,768.4728663465845,-227.38123952439904,1,3,4,2023,jng,0
2,2,7,6.970564978218156,273.9779977903382,625.9647602911984,0.243355676116433,0.9858606598957995,5943.0,6142.0,,-132.96817347897155,-412.9432055794085,1,2,1,2023,jng,0
6,0,7,8.558632697463702,440.38485872291585,412.19956674724403,0.14643398132072827,1.4023459890654437,,5821.0,,311.5905833553603,-210.57203833440906,1,1,1,2024,mid,0
1,1,5,7.033175117513024,355.8752957052618,342.21336604785176,0.21367642397895847,1.0755162893568224,6004.0,5553.0,82.0,-409.94254357920596,379.4076195427372,3,5,2,2024,jng,0
3,4,7,6.875808274928331,366.4282346405838,402.92156740208,0.1684169598341308,0.7346159853324621,5360.0,5721.0,104.0,119.6516730897792,-232.84395683155398,1,1,0,2024,bot,0
0,2,4,5.90554596188947,215.1802923495142,400.15468806418545,0.02,1.4402808897233292,5452.0,,82.0,,-532.8090078910539,1,2,2,2023,top,0
2,0,6,7.500079465448283,371.48722776354845,605.3246354955999,0.1613995556505343,1.6940080520531595,6312.0,5926.0,100.0,120.3226231850877,546.5473584080714,0,5,4,2023,bot,0
3,2,7,9.415652612461946,351.28686482439116,696.422585626305,0.3331258841209772,0.832077443896693,4771.0,6227.0,100.0,-269.71984039831574,261.99240343574,3,1,2,2022,mid,1
5,0,12,9.864254460268125,350.4680016298123,478.6269769028443,0.14224645865626867,0.7601162983979334,5822.0,5759.0,120.0,-173.03391257788383,-179.49324989085443,0,2,1,2023,top,0
1,2,12,6.253077833075751,404.0676242926844,423.5853882194151,0.20815748157174693,1.0373013070378811,5250.0,6504.0,111.0,67.88558441347985,500.28824633001113,2,1,1,2023,top,0
6,3,9,6.122527026080217,420.7203153354352,553.3486513653017,0.21443251955925063,1.7139027676684035,5552.0,5991.0,73.0,-184.92273609357773,47.535315626613354,0,6,2,2023,bot,0
3,0,8,8.048669918756723,335.09332200168365,286.03926029510365,0.2654458434322666,1.286186606266151,5184.0,5460.0,107.0,-119.29556595958296,-791.4995541388766,2,4,1,2024,sup,0
1,4,7,5.631186028334885,423.5944618997569,569.9832873622065,0.08062314167032886,1.3520266698477792,5282.0,5771.0,106.0,180.00949948921198,-289.82101063091017,2,4,3,2022,mid,0
6,2,3,6.752042474891123,288.27576649014077,587.3780167130918,0.258694780643755,1.7458748206774846,5775.0,5821.0,97.0,-539.1602146494786,-109.40647474766178,1,2,1,2024,mid,0
4,2,7,6.764996529370309,323.83654662953495,701.4163066618237,0.234594009372205,1.0137543628963037,6132.0,5856.0,106.0,77.21312338124199,505.3570798049275,0,3,0,2023,bot,0
2,1,3,6.359405237594819,294.49184498912274,450.8639208363222,0.1883925589864837,1.170223873433405,5867.0,6099.0,119.0,-346.5825346930274,276.2768116036801,2,0,2,2022,sup,0
4,2,5,7.9411229559722205,359.8784251944739,582.8864931955179,0.21700269820963777,1.552034990186938,6282.0,6426.0,84.0,266.02872665786026,-242.92710445466204,2,6,2,2024,bot,0
2,1,8,8.853653749329576,442.8224661294813,444.2601585133865,0.16365092612814572,1.444739008485267,5315.0,5760.0,81.0,401.54397133427705,364.13270674964906,1,1,1,2023,jng,1
3,0,1,4.729711293755215,341.12944089486797,588.5762840238216,0.1869421016461627,1.579246029746051,6228.0,,107.0,-400.21733592388506,-1044.8405631674705,2,3,2,2022,bot,0
2,3,7,8.765532096075436,362.08444913737816,622.6753407239302,0.3161428009566574,1.104102785046046,,,94.0,-10.574061611977825,-217.67312032359766,3,3,2,2024,sup,0
1,2,4,6.573781099637626,358.16946133592353,632.7586929113992,0.21541952676001627,1.1006588513802877,6382.0,6512.0,92.0,-351.1502635244494,587.9148217781549,1,1,1,2022,top,0
5,1,5,8.420887988628833,338.52836232952853,572.902694223842,0.2251976459511581,1.2753441956624,5606.0,5204.0,99.0,160.61674664690497,297.31649569572477,0,5,3,2023,bot,0
2,4,3,8.46677383067236,367.0659433973043,260.0807075300351,0.2793052381110348,1.3919600462418995,5976.0,6206.0,101.0,-164.26850991573036,,2,3,1,2023,sup,0
4,5,4,8.166380429981357,420.9863090550122,559.1509656006241,0.26106534117452984,1.8677141361091918,5874.0,5701.0,117.0,-253.83651804903462,-313.7951371587068,1,3,3,2024,sup,0
3,1,4,9.01847485844671,325.04723047312353,639.362502693669,0.2528865603588209,0.6977431943354365,5563.0,5832.0,87.0,47.27810697912972,-580.6380449125162,0,1,1,2024,top,0
7,2,6,7.845820514427911,320.5399563603621,315.47930062721207,0.3414846889730541,1.010248718045967,5401.0,6493.0,130.0,-193.6301510066631,-482.8376452051507,0,2,1,2022,top,0
2,3,4,7.420271686163594,415.2105479922443,373.4039539804744,0.2038637410541916,0.6000488333264733,6484.0,5218.0,134.0,28.311304968362094,-479.3105678019476,0,0,1,2022,sup,1
5,2,3,5.947642228121659,346.77331772262437,585.214091531915,0.28634084916094193,1.3258209374621588,6117.0,4869.0,99.0,-625.7193535888185,220.37672731199768,0,0,1,2022,top,0
5,2,11,6.834806643514601,350.11248874555696,504.68766847838896,0.22609627701432028,1.5225013231926974,6377.0,5545.0,86.0,147.5774467734221,208.2353669314126,1,1,2,2023,bot,0
3,0,4,6.249377822577223,267.23176730973523,483.09102351621453,0.20896732623169384,1.500781488976582,6490.0,5643.0,70.0,358.6797748792408,160.47679776263,0,2,0,2022,sup,0
3,5,5,6.1947655174252585,383.0048076956917,517.7462109757364,0.24521047912946906,1.4786625848052115,6147.0,,98.0,450.1817832950404,-571.4284229593383,0,1,1,2023,bot,0
6,2,8,7.6154835429420356,345.5398997132944,769.1796616584932,0.2855324632198663,1.5211822872242984,6826.0,5500.0,89.0,528.1504950426782,737.8250380462769,0,1,0,2022,sup,1
4,2,7,8.243630475475639,401.43667800417415,489.2920129844557,0.34529877742270493,1.1414623912495028,5085.0,5618.0,92.0,209.68150667384248,-205.51219700918156,0,2,3,2023,sup,0
2,3,11,6.859235292584089,363.3789121172893,587.0627794651137,0.10921520424395466,1.622361742336547,6147.0,5902.0,82.0,626.3803101810695,606.599211609821,1,2,0,2024,bot,1
1,1,6,7.244540605416346,409.1352605366707,622.7192126918621,0.21320488803813215,2.3100025565409807,6299.0,,101.0,540.3433851974796,-414.09594690425604,2,0,1,2024,jng,0
3,3,6,7.151975211088896,368.2994324548158,650.9278977644926,0.19250995374744273,1.4501556779150186,5607.0,6071.0,97.0,-259.1769470823891,213.35040485236237,1,3,1,2024,mid,1
4,1,3,7.936495364599421,309.95558441385054,549.9156091829349,0.28031806747939203,1.0690890816248122,5027.0,6329.0,,281.81671068010417,364.43931029937886,0,3,1,2023,bot,1
2,3,5,7.18755407580541,414.710427922877,663.4590525337193,0.34369452436735193,1.8152479783742825,5397.0,6429.0,94.0,-244.20271927043103,315.2136372396013,0,4,1,2023,top,1
1,2,4,5.1453027828325215,375.6462042429456,670.8238494711859,0.1023799570350026,1.290809906636079,5569.0,6777.0,,-319.99351336382915,36.7353282465924,0,4,1,2024,jng,0
5,1,7,7.45026338278117,279.35117025727254,548.4811912847299,0.06732851033467707,1.1444771025220968,,,106.0,,-69.42227902529442,2,3,1,2022,mid,0
2,1,6,8.731713044546709,416.91347203075634,404.7580493213645,0.05845452543646312,1.5097238842927454,6284.0,,117.0,472.9412311050964,,1,1,0,2023,bot,1
3,3,7,6.341190640597229,457.40203267691857,623.4363366371213,0.2589700148730299,1.4617605714752264,5409.0,7146.0,93.0,-633.1044684173847,-462.5570783115511,1,4,1,2022,mid,0
3,0,9,5.612905804341608,367.38626458806647,284.1609843244993,0.08086442781995301,1.9825382768432918,5232.0,5865.0,115.0,-148.85429549002282,-33.90875303138883,1,7,0,2024,jng,0
5,0,6,6.307915853451195,363.87811483381876,745.9423893099711,0.3633752492471377,1.3921611210563798,6574.0,6361.0,91.0,208.8229481250529,570.0688330922435,3,3,2,2023,sup,0
1,2,11,7.880366257839196,459.9074295231106,627.1371023814662,0.31942853243315994,1.1702875844430367,6245.0,6614.0,111.0,-610.9212855840353,-844.9585711455838,1,3,2,2023,bot,1
6,2,5,7.127735348512521,447.2599533229316,394.01022291975727,0.2775101375132284,1.2282880895719943,5937.0,5026.0,83.0,,-356.88229877774984,2,5,1,2023,bot,1
4,1,6,9.231639807565063,360.26045999475633,374.62796247632247,0.05766944943835964,1.2910620874941856,5573.0,6303.0,102.0,-367.88273831262643,-515.5516275255396,1,4,1,2023,sup,1
3,1,4,8.842457451099959,309.7345748412625,600.62885824909,0.13120484914532882,1.572112113981932,5513.0,,112.0,509.1110854639993,-163.99472524963716,0,2,0,2022,mid,0
8,5,9,10.17248199849845,378.6039805611847,513.6863080431648,0.2057866084705834,1.2962886860411467,6505.0,,106.0,965.1424525610455,,2,0,0,2023,bot,1
4,1,9,8.488878291269717,388.62375794091344,597.4937533454521,0.19426554022891526,1.9608458910142121,6626.0,,87.0,571.4938100617536,999.9899536469743,0,2,2,2022,mid,1
1,2,4,6.906321029546235,416.48283747479303,581.5979585815304,0.17001440280853303,1.046946488479521,6745.0,5948.0,,815.0868775108645,-755.2958832984851,3,2,1,2024,jng,1
4,2,8,7.907772989599488,356.89341521135526,559.1862780425055,0.0989881622505932,1.1259753907445489,,5565.0,123.0,-132.26671826630565,-39.905302529457956,0,6,0,2024,mid,0
6,2,3,6.543495835110814,306.04630150927477,564.9916485865697,0.08140363806775533,1.7228820069848605,6560.0,5689.0,72.0,-345.3894551103823,-580.6683172038759,1,1,1,2024,bot,0
4,4,7,7.43648250460067,316.78296473432385,440.9043496235018,0.36061750352821653,1.4994751829184527,6076.0,5426.0,98.0,163.29621850727042,307.38798779192746,3,4,0,2022,mid,0
1,3,9,7.795768860120211,351.384764695778,596.1830962058139,0.2598801547663665,1.1465341971518777,,6095.0,92.0,,6.806978114477644,0,3,0,2024,bot,0
4,3,8,6.811772369909451,349.7777311545641,637.2756036726181,0.19910686630121255,1.275499265918828,6086.0,5368.0,132.0,-22.460320982739454,629.5133912246873,0,4,1,2022,jng,0
5,2,4,6.037489841240806,392.76663319827054,267.85955485470186,0.18130505539661415,1.4227611042829207,5301.0,6282.0,95.0,424.7639485851962,220.13103615299627,2,5,1,2024,bot,0
6,3,7,8.732889110313732,243.11249590663553,462.923651393236,0.1749139395365978,0.9431326497879424,5126.0,5513.0,97.0,-82.49444115839876,305.70342531138414,2,0,2,2022,bot,0
2,0,10,7.834443346615094,352.50497535094183,643.6980019225631,0.10925624363931842,1.294953874493527,6264.0,6591.0,87.0,-202.03324716000233,-354.50729882637467,4,2,0,2022,sup,0
1,3,5,7.211485101087824,371.8706030939995,624.9303356201185,0.14687218856273182,1.1379559187842596,6105.0,6781.0,99.0,447.1993396943034,196.58778243530617,1,2,0,2024,mid,0
1,1,7,8.346727256112702,390.15305913066976,548.9645874771732,0.24483411923080065,1.1457891636175055,6388.0,6264.0,125.0,433.49708683539137,162.8455385592775,1,1,1,2024,top,1
3,2,5,9.546567995001851,316.7722415655532,500.3979072735359,0.33974931907699973,1.4533077389208044,5678.0,6322.0,104.0,-35.65990469133531,-1.1790592014353223,0,3,2,2022,jng,0
1,4,8,7.160749587472673,300.1069371348385,503.527744547159,0.27220811890986163,1.3264050659037212,5476.0,7029.0,81.0,952.5573033074618,437.7119785739115,1,1,0,2023,top,0
1,1,9,7.161844490785217,477.86407748801037,525.7036521542328,0.26288249407135594,1.848435184068452,6364.0,6192.0,112.0,632.5249006500742,181.08411961007278,2,2,0,2022,sup,1
5,4,6,6.246391124853163,392.33072211690387,817.577529863835,0.22266739968413773,0.9979888264206505,6334.0,5536.0,98.0,362.19647388214264,867.5593465994352,2,4,0,2023,mid,0
6,1,5,9.389385016739165,381.7574820910793,501.2980155317399,0.2080130082055483,1.4415557838185218,5397.0,6659.0,109.0,,-289.7323829559389,2,2,3,2024,mid,0
3,2,7,7.047006832178144,437.2050222024553,617.8349521074575,0.2056938154162294,1.045979691303444,5577.0,6873.0,124.0,137.66340328034323,244.41272412161635,3,0,3,2024,top,1
3,2,3,7.464179092031318,308.4627142739977,297.8830689483083,0.15287797235639877,1.2032454413079552,,6935.0,115.0,-509.38968514787393,127.7497981900539,3,5,1,2024,top,0
4,2,7,7.307057056441062,343.30032213073014,271.9235753987533,0.16043971475399735,1.1781171781513353,5914.0,5814.0,131.0,448.84034806709417,346.55825231744257,2,0,0,2022,mid,1
2,4,6,7.751654833058207,288.942999017964,494.3299402082397,0.23119365561325697,1.7922089687445817,5898.0,5402.0,91.0,399.0711666994086,792.7218060955446,2,9,0,2024,sup,0
1,2,7,8.356605943433639,399.32200293334085,339.50748678722687,0.22713365880032282,1.0340551047249065,6372.0,5378.0,122.0,195.57417270675302,-333.9896937666042,1,3,0,2024,mid,1
3,1,4,8.940546915359109,333.1724406300392,677.1636018192385,0.18972949583527654,2.144819399020884,7331.0,6211.0,91.0,-608.0159601486176,-54.17825695786715,0,2,1,2023,bot,0
3,4,2,6.599949755612846,378.8107961815721,666.837205755679,0.15341878439622186,1.5776557687773936,6220.0,6228.0,86.0,-478.39615858608676,213.41796757668902,0,3,0,2023,sup,0
2,2,5,7.2070460258989195,452.93054220683206,752.2069611205862,0.10125074661766127,1.275531764267976,5988.0,5167.0,104.0,143.88248444940086,-187.5344835547329,2,5,1,2024,top,1
4,4,11,8.053004084247748,291.9911163245117,350.12490257548654,0.07424837026345085,1.8687171221147947,5417.0,6047.0,84.0,,311.66388873341964,0,0,2,2023,jng,1
1,2,12,8.392536193320106,334.78322932415034,447.47922892238785,0.28565025593578064,1.5725676870515413,6067.0,6430.0,115.0,192.2410435727858,231.80745768852086,4,4,0,2023,bot,1
2,4,6,8.10114486319715,426.24149647395984,536.2692200460202,0.32813605834190085,1.5365649258188014,6130.0,6685.0,83.0,454.2690013698783,481.77967205322307,3,1,2,2023,jng,1
2,6,5,7.3810009857128565,338.4746841468548,639.6404406427972,0.2682986316502091,1.7297167937265812,5367.0,6013.0,103.0,588.8162241309004,486.4075064187342,0,2,0,2022,mid,0
4,1,7,7.93749871413743,332.8983237743457,590.824026470879,0.16181490085781963,1.08126618380916,4917.0,5965.0,109.0,-644.994432407476,3.8016049406117887,2,3,2,2023,mid,0
2,3,5,6.805741447658155,330.9409785327376,233.37514775822223,0.25617172571661334,1.7961767642944122,5486.0,6518.0,114.0,-405.441404813367,,0,2,1,2022,top,0
2,4,6,9.493244098596524,298.58674657106945,261.9632951237072,0.21501383109661398,1.4057550022000818,6094.0,6413.0,80.0,-255.85218893775718,,1,2,1,2023,mid,0
2,3,4,8.375140490982647,386.9899797345851,417.4441943739826,0.2998575095455747,0.9875892570671994,5692.0,,,-638.6794832007413,779.453438613625,1,2,3,2022,sup,0
1,2,3,8.282667283636293,335.9156523195803,704.4385691944915,0.32083348076527995,0.6791640317019069,5771.0,5973.0,105.0,-588.9711667831817,16.585576684846416,1,2,1,2022,sup,0
2,2,6,8.160086506802958,363.6932513540388,461.2884121664674,0.21362458834355286,1.5810812472085325,5928.0,5978.0,98.0,584.0000287267634,99.20965823366315,0,2,1,2024,sup,1
4,4,5,7.690487722474205,328.43315845147043,552.0289436381265,0.16432099466562414,1.4184229141793072,6054.0,6079.0,87.0,100.7475620483475,,4,2,2,2024,mid,0
4,4,8,7.286784917572463,270.08642389978684,372.7184172015022,0.1539368994556351,1.240212886826081,4915.0,5382.0,123.0,-526.2807989810066,239.28927859239678,1,3,1,2024,jng,0
1,0,7,7.1285278832860985,423.4121270508282,558.8912011251862,0.02,1.3111212834653536,5553.0,5933.0,84.0,566.9086185191674,-72.0474172821144,2,2,0,2022,bot,1
2,1,8,10.174977953367337,474.5732116887329,562.3605889417578,0.1448029695047327,1.312191149814029,5149.0,5606.0,98.0,259.32688489726723,156.89663897972525,0,4,2,2024,bot,1
4,3,9,6.438666452915169,335.0677850691175,526.7401923009298,0.34414157049506366,1.4343439734643355,4882.0,6376.0,92.0,441.04356959236816,-35.396699095106754,2,1,1,2024,sup,0
6,2,4,7.8041647019599765,344.6174377083551,565.3819064290558,0.19059863600501853,1.0939562256602253,5569.0,6740.0,83.0,97.7665873061398,278.8525153250323,0,5,2,2024,bot,0
5,3,3,7.7614928467911,291.44036459521186,716.2999472134464,0.15198428406565,1.369780185678107,,5501.0,88.0,130.49044741030124,-778.3881459261564,3,5,1,2022,bot,0
3,8,5,7.679871348003247,368.85300400152124,653.1263062727202,0.18454757734959626,1.3237234736379226,6659.0,,117.0,133.4383229634372,60.47619135202423,2,3,1,2022,top,0
4,0,6,6.992031226104395,425.5398360911027,680.1939799830416,0.2380061850271633,1.4682748089129942,5162.0,,98.0,-659.4856258916676,-295.71174368251786,0,2,1,2023,sup,0
1,2,10,7.010186775525113,270.54104247257175,661.7533180712505,0.14616856293791813,1.752102907355646,5766.0,6599.0,110.0,115.04522901941104,-337.6559666511376,0,2,1,2022,sup,0
3,1,8,7.382750029832805,421.5716485981741,352.8169361513952,0.13675510504838873,1.7119169562859458,5854.0,5812.0,95.0,-423.43831856219066,195.47518336183435,0,1,1,2023,top,0
2,2,8,8.025921167199161,341.530182282693,509.986964362304,0.229063356622414,1.4610011350727055,5732.0,6343.0,113.0,76.7530818918409,,0,4,0,2023,top,0
3,1,10,8.188286566042732,380.4253556453365,391.13181744176563,0.23558267124636953,1.2130649387299501,5762.0,6213.0,107.0,269.80555847564017,64.33427809885632,3,2,0,2023,mid,1
8,3,5,7.118222772472247,340.2172648303356,655.3899242928547,0.33674488348632564,1.5790868915371425,7059.0,6683.0,95.0,671.9181267081909,-301.0785561637358,2,2,2,2023,top,0
3,0,4,8.680840733865207,290.41019339107294,658.6090790948285,0.16448172204176595,1.8371817683450709,5864.0,6420.0,83.0,1002.8561286919876,,2,4,2,2024,jng,0
3,5,3,7.476830052770336,375.78131497992814,681.1248935447851,0.22801234502837214,0.9218791681365448,6355.0,6356.0,120.0,123.48756864005364,-72.88963341325686,0,4,1,2022,jng,1
1,1,8,9.241547845185798,327.62300258411176,583.5125017845602,0.23096851850799716,1.964524818543373,5138.0,5306.0,109.0,-176.75528242100702,59.54955602730605,1,4,3,2024,sup,0
4,4,8,8.917879811697244,403.9367618406511,624.9917508776533,0.3088217759071603,0.8840540516202031,6353.0,6914.0,101.0,,,2,2,0,2024,top,0
1,3,5,6.426341275301077,348.45560252559835,498.02077647788116,0.31959750221414984,1.5211298085841862,6416.0,5586.0,111.0,-272.18015932672813,209.1137064203275,2,1,1,2022,mid,0
1,1,5,4.859861644541868,358.69543415755857,569.2647505829844,0.3559023797785619,0.8748554640184456,5710.0,6307.0,96.0,-406.5880029342541,218.25858964973935,1,2,0,2022,jng,0
3,3,7,6.624738258841984,405.65917886229164,561.5941724296275,0.24470135831558895,0.6611012707139144,5492.0,5839.0,103.0,-583.4754710286182,426.7988039840859,1,1,5,2024,jng,0
0,3,6,7.679914595314635,388.24488832691395,462.3018486083725,0.1908129420236334,1.4506375584365974,5450.0,5250.0,114.0,897.914695962057,-131.0077164698773,2,5,0,2023,top,1
6,6,7,7.377464482392662,389.85586633766127,503.2454341147031,0.2708106059290249,1.4050888326768967,6097.0,4847.0,,-513.8935799686215,-147.1521935171418,2,3,4,2024,bot,0
3,3,10,8.490611717835606,345.6032109649507,505.8121554198949,0.1780496846684612,0.800423499906817,5461.0,5840.0,121.0,824.8264726120692,147.88061797431544,2,0,0,2022,top,1
4,3,5,8.787462563913287,366.6145310939963,568.9860290103194,0.12377760763579075,1.2203036070748874,6136.0,5257.0,105.0,589.7549427086938,-298.19590413062093,0,4,2,2023,mid,1
3,4,5,8.741840782607266,349.61940617804737,394.9274797121423,0.17796036918973085,1.832941684834221,5252.0,6264.0,97.0,-512.9871092740157,-274.4472253703007,1,2,0,2023,sup,0
6,6,7,8.567775765753325,376.5102598643639,570.5057283383547,0.2871893092543541,1.756007489875124,5542.0,6980.0,117.0,96.6173442287792,125.09287929042164,5,1,4,2022,bot,1
0,1,5,6.830554977984984,324.30943068423494,616.8041812405082,0.26928407287373274,1.3176092771398715,,6125.0,95.0,280.37115029022164,339.12602510435676,0,2,1,2023,mid,0
3,4,4,6.218410881102443,278.692074812425,423.17203465988086,0.24364531858460908,0.7553157573360598,5530.0,7123.0,85.0,575.8532582847979,-10.388393369309426,3,1,1,2023,jng,0
4,1,6,8.625311176123432,286.5206209370662,466.77202383002594,0.27934068557068614,1.4136186341245658,5566.0,6512.0,104.0,-468.189960529115,315.7174082001998,1,1,0,2024,mid,0
3,3,7,7.064326224985124,372.60567242208725,515.1905852066609,0.3187056256374955,1.833743347905497,5573.0,6476.0,115.0,-799.4650022096646,102.831724034395,1,2,0,2024,jng,0
2,1,5,6.270096563573898,388.0978083589304,480.4707757437088,0.16976442864966443,1.444965144129013,4841.0,,117.0,376.33224182286466,-574.1594656024988,0,2,1,2023,sup,0
4,2,3,5.890101866286543,400.43498226740064,543.4082558806597,0.2328339965098441,1.0094755422615678,6300.0,5619.0,105.0,-721.0282969389648,-298.07992987734787,0,2,2,2023,sup,0
5,2,5,5.975836801912859,289.2590222112507,577.0406187910027,0.308619703399782,0.8366852532426466,5359.0,5985.0,120.0,-173.24129654080286,414.73181246330336,2,2,1,2022,sup,0
3,3,4,7.524166724179983,394.36272007271964,582.866167368114,0.09578573088079141,1.1947661895569066,5179.0,6407.0,100.0,538.6055070312667,283.7187011542472,2,2,1,2022,jng,1
1,4,3,7.070675732214627,344.96179370538067,414.95352688023144,0.27627333987296876,0.6492736574107236,6520.0,6159.0,116.0,180.7556670191272,-121.22746064774688,3,2,0,2022,sup,0
4,2,7,7.448597249602814,444.5814500656697,436.66461193333316,0.10436168921974694,0.49715885830739104,6099.0,6618.0,97.0,466.37068638292726,-349.2634303441072,2,4,0,2024,top,1
6,3,3,6.7725442212279505,390.1658158939218,465.48627045215216,0.1838466949091494,1.4696845215270502,5918.0,,92.0,,-566.4879995218226,1,3,0,2022,mid,0
2,2,5,6.837690527306356,273.85415645366834,592.5505906363371,0.14710611811296964,1.072337558642749,6981.0,,90.0,-569.1703723131775,419.0002970902269,1,1,4,2022,sup,0
2,2,8,9.215547397640169,426.42088874644423,363.6109260549316,0.1928883903858425,0.9512598232710858,5439.0,6121.0,90.0,269.3282815852451,725.1554517696335,0,3,0,2024,bot,1
3,2,7,7.407597826998174,419.17137584149646,427.2978194947517,0.02,1.8114809870184163,6345.0,6063.0,,44.97479560948781,-556.8375345987721,0,4,0,2022,sup,1
2,1,10,7.403890540797919,343.26203336903154,502.87344310323743,0.21676563438451582,1.376810727819248,5304.0,6483.0,118.0,-194.68456224127289,-114.16193915837613,1,2,0,2022,bot,0
6,1,4,7.681075658104503,441.2332760360111,477.68664146211796,0.20336743265269075,2.036896837522324,5885.0,5803.0,94.0,390.15695971588946,468.55770506071303,2,7,0,2022,bot,1
1,6,15,9.47234292340345,355.08836198829545,457.0884555559977,0.21095210003958598,0.3515879416920311,6082.0,5454.0,103.0,237.56163424270437,196.40469625177656,1,0,1,2024,top,1
4,2,7,7.408155267046429,370.9244802881008,374.89482012537337,0.09542826563567817,1.1244551726350722,5612.0,5596.0,83.0,191.24826717298686,-46.51163144868669,0,2,3,2022,sup,0
0,0,4,7.206048318752663,344.25088579520923,420.3992515946126,0.1933852042656404,1.6617009661457716,5659.0,6180.0,99.0,-426.83134696285003,545.08408860059,3,3,1,2022,bot,0
4,3,3,7.770403550658008,435.62058737905284,632.3269346823196,0.17227981364544037,1.2539383947082012,4817.0,5466.0,110.0,-107.6697077734193,55.99796163747136,3,2,0,2023,mid,1
7,1,9,9.074892587877368,311.5175528151264,532.568916930333,0.15839271405547797,1.4272458295779438,5118.0,6148.0,145.0,-257.88999848604755,-276.4683041973651,4,1,2,2023,mid,0
3,4,6,7.053067641565935,200.0,539.0968806779811,0.2577167328186773,1.6494446417509518,,5673.0,107.0,36.99514032937567,,0,2,2,2024,top,0
3,2,7,8.371572094675074,418.03804966122397,507.15879275335095,0.2796501374416167,0.37656245622437257,6192.0,5844.0,65.0,165.49475618478118,191.87418064909193,2,1,0,2023,bot,1
4,2,9,6.13613292044548,343.9814578223116,678.8495090554372,0.2510768798952122,1.3877289348926864,5784.0,6472.0,108.0,-105.43695891501697,-155.6566078026612,1,1,1,2023,sup,0
2,3,8,6.958588519866399,442.9745176366833,720.1075468468533,0.2884682189834027,1.2451620954906706,5402.0,4613.0,108.0,146.00497180379,-238.81185417667177,0,4,0,2024,top,0
1,2,6,6.825019008868591,404.8656148884165,488.13469179987936,0.09271601127562662,1.363829042790045,6179.0,5851.0,107.0,-130.30258690270585,-329.7385268562886,1,3,2,2022,jng,0
4,2,9,6.620178231483564,316.60079479102575,472.68649221333783,0.15738657644336507,1.477996029180918,6191.0,5434.0,120.0,-567.7770247836436,-42.0876365919828,2,2,1,2024,top,0
2,2,5,8.519116650981003,380.10077666319944,586.4484533913517,0.29951909655002756,1.3907460095250106,5601.0,5094.0,108.0,970.3036304236252,60.796824628169205,2,3,2,2024,sup,1
4,1,6,8.183462845944497,393.1317977243483,285.72160799748815,0.275482020933886,1.0836330046246225,5644.0,6701.0,105.0,241.41972679067072,-645.6937276060571,1,0,0,2023,top,0
6,0,5,9.06718251818821,376.4989693704222,555.8763071971152,0.279654633992373,1.1612347355437649,5761.0,6077.0,88.0,-193.4305445894501,-39.84267932088993,2,4,1,2022,top,0
1,3,8,8.028021190205273,375.27346080531464,524.0019283380291,0.07644514092770235,1.728232602973516,5523.0,5538.0,101.0,159.46949320589067,-20.405455990993858,0,2,1,2023,sup,1
4,2,5,7.732346182112083,390.0790137026477,364.1556749987297,0.09713478138166966,1.3241583185367125,6785.0,5866.0,101.0,370.3171577068233,-268.0888550627994,1,1,1,2024,mid,1
6,1,5,7.414571673225888,291.56674202365826,699.5756394680277,0.273761518861969,1.029144432149626,5126.0,5129.0,102.0,-49.59827134575191,66.87687562834215,2,2,4,2023,mid,0
2,2,4,8.91937348215914,343.1592991561065,522.5976919038279,0.3340113957685405,1.0114058896261682,,6093.0,103.0,457.2335207821228,41.3977010500147,1,4,1,2024,mid,0
2,0,8,7.719517847640614,395.0288231699189,630.0034067592771,0.2126739553095593,1.6819241079473979,,6356.0,114.0,-225.64191791006266,325.3323238752872,3,3,2,2023,mid,0
2,1,10,8.29852421261564,361.8920005641793,492.70749100350673,0.17012536774174933,1.895242969089622,4797.0,6175.0,91.0,-621.0897071973061,239.15643808476102,0,1,0,2023,sup,0
5,1,5,8.062022156464595,339.2558748629845,320.4501048610911,0.02,1.024449990308884,5624.0,6636.0,,-880.3179790411713,176.17937256643927,5,4,1,2023,jng,0
2,2,7,7.841359498578036,406.48301793524195,508.7876705914094,0.057617683646058626,0.9965332283046535,5894.0,5775.0,,98.80127999663563,40.16067094208448,2,4,0,2023,sup,0
4,4,8,7.764099915320561,340.7407494509856,466.8430437794605,0.2764896668328101,1.1428865886269404,6231.0,5920.0,117.0,-117.57064299502464,12.86778688225148,1,1,2,2022,sup,0
0,4,8,6.9966362807161575,392.97134523004297,384.9319011224818,0.2617558180756196,2.40254107085517,6338.0,6515.0,75.0,383.48543315281324,-485.5444352198034,3,3,1,2023,bot,1
5,1,4,7.861291890486512,382.5946778763148,457.48846316387994,0.21615022445867907,1.3404558271415858,5986.0,6121.0,113.0,-17.92167943041126,755.1638786837057,2,3,4,2022,top,0
1,3,7,5.52015489755785,362.33163762407554,526.1106868595821,0.1805362001862866,1.920451002170775,6255.0,5915.0,,-91.65971686253495,-59.61352317763981,3,2,1,2024,bot,0
6,2,11,8.019464722153442,311.414769277026,562.028660331098,0.3788778020516066,1.6019512911672211,6160.0,6205.0,112.0,131.84842353941607,-630.7358975937302,0,1,3,2023,bot,0
4,0,7,7.539854758283784,377.52108618349496,589.5992714071045,0.13921973978451238,1.881711128850824,6255.0,6947.0,100.0,-157.95017938162874,,3,1,0,2022,mid,0
4,3,4,8.056971911272685,396.1897419230695,574.0242137021681,0.13454342801082086,1.4108980723099454,5150.0,5468.0,90.0,689.3587952618997,49.28086979203427,3,2,4,2022,sup,1
5,2,8,7.182675388414599,358.9319293101064,550.2369252043607,0.13937118020238842,1.7019117942711566,5783.0,5005.0,106.0,-647.6903669426673,-378.1381343790738,1,2,3,2022,bot,0
4,1,3,6.960881920953594,396.9505080138283,333.2699517374401,0.2159086343917446,1.81960235783942,4847.0,6458.0,147.0,-508.16725173542204,214.60942432863044,2,2,4,2022,mid,1
1,4,5,6.775987790108337,299.5961387748779,565.2677186358051,0.07026262596152683,1.528279183490436,6769.0,6189.0,87.0,-960.1336690045526,-123.32972782923179,1,2,1,2022,bot,0
4,3,7,8.208646988428407,438.7292627317495,429.46873342711683,0.19672681509084536,2.528339875864612,5758.0,6152.0,78.0,-195.1979147274397,331.2696337027687,2,8,2,2023,mid,1
4,1,5,6.8087034755457765,385.62883286726714,453.1055744523815,0.18293463649847141,1.1272297885472038,5574.0,6172.0,93.0,-198.9721603681669,358.00537782895816,3,3,2,2024,mid,0
3,0,4,7.126319003747112,286.69535642477985,448.89556954928435,0.13341527589942448,1.1080245306759695,5464.0,,111.0,262.7393063581905,-309.6909045000447,1,4,1,2023,top,0
8,1,5,7.12208029666885,384.8473781880893,422.20025340015894,0.21431767917981007,1.250215667312274,5465.0,5771.0,82.0,62.82872708290145,-355.0946060397776,2,3,1,2024,jng,1
2,5,5,8.360731590347758,404.88491553999404,553.1154084851004,0.2291079475598424,0.9733644966318049,5534.0,6006.0,83.0,-149.63161570424654,,2,2,2,2022,top,1
3,4,5,8.705690361716,461.08718127085945,758.4594853019818,0.32009105288903583,0.9535829035995164,7152.0,5086.0,127.0,-179.41389351083012,-714.7567684271161,5,1,1,2023,top,0
0,4,2,7.510792404998725,402.220480564363,696.0041490598586,0.23412086071294094,1.5216265766829022,6049.0,,100.0,264.1394809838617,-228.7814601473158,1,5,1,2024,sup,0
2,4,5,9.041703115166131,365.5836943012043,351.60572083417577,0.39021074100106923,0.9386641052801374,,,81.0,423.04996851960703,-304.574460321783,1,1,6,2022,top,0
2,3,5,7.782727631787413,314.9882757893098,452.2460391343957,0.1371518695562814,1.5841640240153456,7121.0,6196.0,108.0,-736.990035923917,316.6717966352235,2,0,0,2022,top,1
4,4,2,9.04109523533488,424.5407188256986,603.4734823579078,0.26813598414402706,1.2774323953946707,5768.0,4935.0,77.0,785.3485739054734,-131.18544144489132,2,1,1,2024,sup,1
2,3,8,8.767455751363235,385.87296475322165,416.47434986083147,0.2691402407873545,1.8008211208669753,6205.0,5450.0,117.0,815.847671032317,-325.3434706088652,2,2,3,2023,mid,1
2,2,9,5.676112863352156,414.89356164410736,599.8053469102442,0.10695641626169912,2.0433390281127974,5480.0,5742.0,60.0,-330.49536576482643,697.875107415814,1,2,3,2023,bot,0
5,2,1,7.0937524977819635,336.46390293456164,304.89139891564776,0.34075357337805795,1.1448954213550557,6532.0,6271.0,97.0,-280.7451725535798,-231.6845369650778,2,1,2,2022,top,0
5,3,7,8.841191178982948,336.9402472536176,562.706270933912,0.02,0.9198389408458361,6254.0,5824.0,114.0,-382.24313119689,124.63197944808573,1,1,0,2023,top,0
2,2,2,6.6715968994608135,353.5350868505016,510.66957724831155,0.1741356141981058,0.7713612870753689,5621.0,,,,-486.13063064080353,2,2,2,2024,top,0
3,9,8,7.751812412634694,278.7534156780607,395.5614875577283,0.15691484521404636,1.8436134528602346,5320.0,5706.0,63.0,691.1245847883445,-180.9152640556613,1,3,2,2024,mid,0
1,0,8,7.766073510901473,399.2807741266469,365.6290917085919,0.32667407175331226,1.4465105144592305,5891.0,,91.0,-693.6210128583334,255.85954797281295,2,5,4,2023,bot,0
4,2,6,7.412657588770276,290.53315559893605,602.0392027661969,0.22586901853458566,0.7661459076970365,5739.0,5875.0,113.0,-514.5034416579298,276.2896098319176,1,4,1,2022,mid,0
1,4,7,6.846455239914584,321.8700442305526,627.7734467268967,0.28808698208087097,1.132537009942113,5247.0,,95.0,-3.0786101686314993,161.63735152082572,1,3,1,2024,mid,0
4,2,6,7.17948618903404,321.96165813037777,620.9804238567601,0.1822992706591413,1.4779427784515247,5581.0,6419.0,110.0,-102.75517629409316,293.18322310446746,1,0,1,2024,mid,0
3,2,3,9.489382765975265,358.49730914595307,535.3091680146681,0.22354416119348502,1.3408614357128197,6092.0,5550.0,117.0,277.5220576389997,41.10469867850779,0,1,1,2023,bot,1
4,2,5,8.706601801384512,323.3977399764571,462.88955718700134,0.279390366166036,1.2983324506172627,5113.0,5589.0,88.0,-78.12335994678722,-232.6568978928959,2,3,0,2023,jng,0
1,1,6,8.680109708423606,375.92320933803455,734.2131643747001,0.4606287230534132,1.717381558539382,6265.0,6173.0,92.0,-742.8815216464501,-757.7156189929093,5,0,0,2024,sup,1
1,1,7,8.777508650996213,367.26686018428694,510.2645175902737,0.06578304615311426,1.6587277349679692,5984.0,6664.0,95.0,-24.545075549675495,99.57254914291187,2,5,5,2024,sup,0
5,1,4,7.346669040184567,296.5626173712514,542.1527193694127,0.23006738883806646,2.25145491775651,5437.0,5939.0,111.0,233.58301729719676,,2,1,1,2024,mid,0
2,2,6,7.6463955748466885,327.8516820159984,537.5299072819271,0.17032929468704133,1.3643246285017727,5769.0,5040.0,80.0,537.0403557259099,381.65144216789344,1,3,0,2023,sup,1
1,2,5,6.577931328582869,337.35707773656304,588.6897644581588,0.10007417033658779,1.6254540249564953,5913.0,5185.0,76.0,,45.225190917800845,1,2,2,2022,sup,0
3,2,5,8.983864624942223,446.61114904746375,486.6708229735028,0.3779318633838894,1.2218169427832568,6220.0,6081.0,93.0,448.3732491693748,-68.03490411834079,4,2,2,2022,jng,1
1,1,7,7.674725359320106,433.53928086040577,451.14491718364735,0.18372774675377762,1.6300083337331461,5444.0,5328.0,127.0,-513.3313752547373,-927.3747107359962,0,2,0,2023,bot,0
1,4,8,7.167572718506213,306.6813224811144,291.4589047316647,0.1653644349222682,1.3816812495451738,6833.0,6846.0,124.0,-397.32421637753447,,0,2,2,2022,bot,0
4,4,3,5.656780049040612,366.57276522499996,704.5429123231344,0.37411561807014665,1.3856346442620024,5882.0,5905.0,110.0,-33.2651826360469,713.5751118159926,1,5,1,2022,top,0
0,1,10,9.113096408692808,451.8151518314413,636.0050177185892,0.09403439810475742,1.7573018819622046,5380.0,5994.0,87.0,714.3219110815603,-201.05761926534598,3,1,0,2022,top,1
5,1,2,7.862969992680062,398.0438089529014,525.0422507898601,0.18535858719767487,1.281102763973599,6907.0,5954.0,123.0,-379.8293985643086,-209.77499599746452,2,5,0,2024,mid,0
1,0,4,6.886765851713341,457.02688524719747,438.1082419028013,0.3146768287275149,1.3347072327402285,6382.0,5958.0,119.0,-76.82093988105163,-55.80954389269129,2,1,1,2024,top,0
1,2,3,8.22492815773926,312.6232711464391,512.1260739213121,0.2959560797499323,1.3785300381883228,5311.0,6092.0,,-261.30757224285367,507.19674882781635,1,3,1,2023,sup,0
4,4,8,7.1667257934635895,419.98549460707136,588.0783612415743,0.23102373973259585,1.310182055775319,,5316.0,106.0,479.9246531011282,-294.1419748013606,1,0,1,2022,bot,1
6,3,5,7.8652971547876485,226.21772676287756,565.3219815083964,0.3112023139645428,1.8749758771268406,,5742.0,111.0,143.57169003600862,362.56646179819984,2,2,0,2024,jng,0
3,0,6,9.092902709862857,448.3198425379158,580.7014939674569,0.27787917837420134,1.3488900702648368,5120.0,5492.0,57.0,-213.11575462853693,-193.44459859854908,0,3,2,2023,mid,1
2,2,8,7.963516247587458,417.55560951736675,640.9920788505635,0.07585107093092441,1.899585263550367,4941.0,6976.0,113.0,335.6313366341471,238.06969855165426,1,5,1,2023,mid,1
3,5,6,8.707644313038525,281.12663661303924,489.2875160858273,0.16209337332901835,1.086990564592064,5786.0,5902.0,84.0,311.62085899100185,306.9878845988298,3,1,0,2024,jng,0
3,2,8,8.920043263708632,421.02362028872693,422.20720052964674,0.18160073519317252,2.065723192569385,6032.0,6958.0,125.0,653.5900294633618,291.8724867840009,4,4,1,2022,bot,1
2,1,5,8.828995792188534,293.43497253843833,589.6682502433333,0.2480621299646544,0.9435638525730659,6240.0,5320.0,124.0,65.84828691256496,-1.3975196271743968,3,2,2,2023,jng,0
6,2,4,6.9950080984441305,345.6671802916698,470.76767244262646,0.176467692541218,1.7309413015979387,5875.0,5559.0,124.0,-273.6744276986667,84.08894512942373,2,0,0,2024,bot,1
4,3,5,7.793559968730828,352.28416635677456,689.0507952263915,0.12286474238094412,1.7980069918854753,5446.0,5548.0,112.0,213.51086817079738,-115.42367683124182,3,2,0,2022,sup,0
2,0,7,6.498810323772745,350.62575458434776,588.3673956263674,0.2222236822911249,0.8514961409888844,6501.0,6125.0,117.0,423.87748387460704,-195.7644588240279,1,2,0,2022,bot,0
5,2,6,6.67018930431258,326.43227761288955,651.7930654483554,0.27038191507134013,0.5585498967784199,,5683.0,121.0,22.218556673840226,263.2409705591087,3,4,2,2023,bot,0
3,4,5,7.2081705525821675,394.3301171272919,604.8583785343836,0.3199997778956752,1.3566188826417294,5844.0,6149.0,,-553.432351804965,728.5074117518456,4,1,2,2024,top,0
3,2,8,9.278973699561195,461.01580767653564,687.3046972243784,0.2200019937109957,1.4652031929826081,6501.0,6067.0,85.0,-44.66463198377363,-523.8719122250875,2,3,3,2024,top,0
3,1,11,7.135551657696487,358.2847744916245,562.664702767403,0.19562356689079946,1.437296206956211,6539.0,6084.0,87.0,602.6755653826622,397.7262847631962,1,1,2,2023,mid,1
2,1,7,8.172775200811067,323.9353288953109,592.4801480525065,0.26164495608355093,1.1290918314976255,6393.0,6089.0,118.0,-160.43207716976335,-81.64581085630809,4,2,0,2022,sup,0
3,3,6,6.3730814517829995,439.8346568065674,469.8887947418491,0.2226282310903287,1.5190806722401806,5377.0,6021.0,113.0,-160.2909130767477,-138.48957907070871,2,1,2,2022,sup,1
3,4,10,7.977203486669753,451.29135156704126,506.03675729769026,0.14122803452045063,0.635609024378478,5615.0,5533.0,88.0,428.0603268639375,324.90820165634557,0,3,1,2024,sup,1
3,2,4,7.270558410687556,384.524205493337,659.9513721476328,0.21145045776912108,1.2428557559339033,,6808.0,105.0,168.65229613563423,582.5532608189798,3,4,1,2022,sup,0
2,1,7,6.4697273987914015,405.92262978075604,613.323444174389,0.28138547650768375,1.4246655845101446,5490.0,5300.0,92.0,446.40424335749134,118.42820402579754,2,3,2,2022,jng,1
3,2,8,7.420538787065894,346.62497246222824,480.3501008822134,0.3040145277863717,1.4867504115349341,5063.0,6053.0,116.0,,291.2573958181997,1,2,0,2023,top,1
5,2,4,5.532141777191088,357.3952735850796,542.6392815963441,0.18872637089934158,1.1691453024646292,5979.0,6861.0,101.0,-208.10088949937875,-374.2096389968044,0,2,0,2024,mid,0
3,1,7,9.792631862987836,361.14956077570196,604.3982281688042,0.22416277954356228,1.245401375720422,5676.0,5762.0,113.0,-306.7830845886861,-146.7776450798977,1,5,2,2023,mid,0
4,1,4,8.587580112575715,402.055552243789,314.36145140094965,0.3558012567123321,1.5399724442746443,6292.0,6683.0,95.0,157.0057277689716,-41.189694122167424,0,5,1,2024,sup,1
1,0,4,8.396834331543928,297.0541017085469,763.7018740180952,0.3100607446517864,1.0651228087830231,5204.0,6301.0,103.0,-207.57443435807215,217.11842688809037,2,2,1,2024,sup,0
2,3,4,5.28569319067459,330.19199147049807,568.0739955746818,0.2098926421790462,1.1588064477143345,5953.0,6715.0,114.0,405.77674754565993,-160.18500385596508,0,2,1,2022,jng,0
4,3,5,5.699706805329374,278.93603527987835,744.3789217014755,0.17283094850653052,1.3356839038924995,5776.0,6018.0,77.0,-145.77788854561206,-307.3428696377726,2,1,1,2022,mid,0
2,1,8,7.9502134214074935,325.5588897426195,471.4798644188142,0.07565626622474153,1.0524224466591567,6511.0,6219.0,112.0,905.2524529510259,,3,4,0,2022,mid,0
6,0,4,6.316660686896848,435.50744700594316,462.814295676482,0.18471456292992097,1.2661769609330344,6222.0,5829.0,96.0,,814.1496085159931,2,3,0,2024,bot,0
2,4,11,5.959527297439156,374.73690980629164,696.1332469898579,0.18226697783689677,1.1380795491684033,5423.0,5710.0,113.0,753.4903785551681,-351.09898456769304,0,5,1,2023,top,0
6,1,6,7.7365985491826725,344.0844524580976,357.7629468875066,0.23115763783617174,1.4467047805117415,5331.0,5930.0,105.0,,216.34785070296127,4,3,0,2022,sup,1
2,1,5,7.6747407883772505,346.2955326750891,519.4395014872678,0.2056680288378281,0.9624724985539657,5964.0,6908.0,136.0,-265.29518301855387,288.43118062438134,1,4,1,2022,jng,0
3,1,3,8.346605512037867,334.04220841416594,584.5413744441271,0.19416118441128333,0.5928815156347627,7151.0,5533.0,104.0,-189.64019296781325,105.852758136998,2,1,2,2024,mid,0
3,1,5,8.088069719577318,335.6172707731953,677.1453479445369,0.22475420695775727,0.5986453463930661,5561.0,6800.0,117.0,-221.3852676418155,-112.70128633353752,0,1,1,2024,mid,0
0,3,7,8.064865253194231,462.6062335116315,476.6720858055373,0.1496127647157439,0.8059741969287512,6413.0,6162.0,97.0,-373.0284927391251,-622.1773929170051,3,3,0,2024,sup,1
4,2,6,6.442343896424858,390.18540835194,689.1729150662832,0.2641630293693617,1.340836031421779,5539.0,4996.0,86.0,-629.6917742150291,-74.03740012136271,3,5,0,2024,bot,0
2,3,5,7.690869252996219,462.25374565135587,654.4755192634522,0.30629670221147925,1.5036880616753567,6610.0,6573.0,77.0,198.36970025102042,682.6315028658845,0,1,1,2023,sup,1
3,0,6,8.199156533388118,284.16144742880834,644.3601627419658,0.2019892729570743,2.176751697521741,5623.0,6629.0,102.0,-190.87061834354245,-708.3306276065211,0,2,3,2023,top,0
2,1,8,8.517647902969015,382.92072955527277,511.50939831328026,0.24722168819907414,1.475728306196033,5374.0,5908.0,74.0,462.85421188190696,279.08740661356245,2,1,2,2023,bot,1
2,3,5,6.723390621204352,430.9552120191282,687.015009459499,0.24072587237835602,1.4159822259334638,6509.0,6362.0,,-244.85162525842,,1,5,0,2022,mid,0
5,3,4,6.559662323919251,377.31957996743506,672.6866311160381,0.19941274827251596,1.507353752224669,,6051.0,104.0,,-31.905821665191237,0,2,2,2024,bot,0
5,2,5,7.891848587514547,237.39620805061435,450.5255956577721,0.42706689409249027,2.036800978661306,5835.0,6213.0,111.0,328.35132281796746,-139.80890483971,2,3,4,2023,mid,0
6,3,8,9.76870329747574,390.4873441750156,516.9533259975944,0.3422879432465322,1.3069357760880111,5410.0,5648.0,113.0,-186.8321181709614,-314.61966178530156,2,4,1,2022,top,1
3,3,8,8.661433853400425,445.45494536313754,648.336351509108,0.2655189252660156,1.6169734792659558,,5720.0,105.0,,42.606890067970255,1,0,1,2024,top,1
3,1,2,6.569279107874983,365.5954845535608,314.53021410710653,0.19340077653749754,1.3215074918729002,5576.0,6083.0,96.0,-439.0203468689636,-149.66660877660053,2,3,1,2024,top,0
7,4,4,6.8774815662427695,452.54108865810406,453.7046891957741,0.21637593233203478,1.7940792742531821,5240.0,6062.0,90.0,577.8120537201104,1502.282205932812,3,5,0,2022,sup,1
3,1,5,9.152133057768694,329.1992197805118,794.0848621559113,0.48583939967856327,1.2835330153566493,4850.0,6916.0,93.0,-67.86496370299434,-164.10539619135778,2,0,1,2023,jng,0
7,3,7,8.250892853323696,391.74306629614074,702.7730852802372,0.2632289178972473,1.625586141026305,6218.0,6263.0,74.0,663.149417094154,-117.08817217441924,2,2,1,2023,sup,1
3,2,6,7.243816400445364,357.3005737093282,571.0724221815573,0.02,1.9715751262453254,5953.0,5687.0,76.0,-155.43178919727532,-105.29045287306343,3,2,0,2022,top,0
5,2,4,7.54349025028571,331.01340288515814,633.4884802727918,0.37808072578463625,1.0723476544713886,6910.0,5071.0,104.0,-473.8296466568074,421.9378331347084,1,2,3,2023,mid,0
5,0,8,6.3162587132474055,378.2446365827979,560.477829126588,0.24926383708974442,1.2603939326146079,5300.0,5496.0,92.0,,,1,1,1,2022,bot,0
2,3,5,8.407726768536069,252.4114751546208,526.8703348012306,0.25989834117229277,1.643115397222539,6088.0,6394.0,100.0,-696.7567150589504,-207.30914346961785,0,3,0,2022,sup,0
7,1,12,9.077969020629174,299.4349616328679,630.6636188390792,0.1391008312265492,1.5122017332541229,6572.0,4944.0,78.0,-502.41460827300335,-880.9743370299211,1,3,2,2024,sup,0
3,3,6,8.215230767305469,297.3029294364367,663.5044626180129,0.35518297024695633,1.1097820091806814,6029.0,5283.0,101.0,-577.1731379627633,-476.4993082664992,1,6,0,2022,mid,0
3,0,6,6.144340691693963,391.78593516146555,550.2867515707904,0.16576053557837855,2.603203031831875,6231.0,6212.0,91.0,-478.0196969681923,91.94905237025384,2,2,0,2024,top,0
5,4,2,6.583516415992114,383.10320003234926,533.6138433008404,0.1783309564933062,0.6167904900133925,6405.0,5878.0,,-309.66142993399967,-210.86551127337395,0,3,1,2024,top,0
5,3,3,6.069238581435596,447.93407828448744,770.065994713926,0.2459555970309758,0.335208239152305,4804.0,6205.0,88.0,-533.3561212592083,558.032129553242,3,3,4,2022,top,0
3,2,8,8.085348217935044,290.7922840691467,362.95894683381346,0.2682748796919649,1.9505038762845401,5955.0,6019.0,,-952.9447849346274,-323.5977708626161,4,3,0,2022,jng,0
0,3,8,6.657095725372412,413.9660182943862,597.9183168330168,0.14648532660398506,1.2013310343885006,5597.0,6587.0,95.0,233.10620349956986,159.73100106431122,2,2,2,2023,mid,1
1,4,9,7.613845587530755,293.8152718239621,772.9711073229579,0.118564546444294,1.8694013779157765,,6018.0,96.0,-688.8919760680772,,0,1,2,2024,jng,0
4,3,9,7.173070866734613,374.39685803806077,567.3892896804483,0.30647200910864275,1.22179405058142,5781.0,6187.0,101.0,64.50221376024223,-333.08562463006643,2,2,0,2024,sup,0
4,5,7,6.966313210116877,408.9606112407863,706.6641674062223,0.17843442428275344,2.0041977839179936,6011.0,5641.0,95.0,-284.38321138221863,291.2764920844893,3,4,0,2024,mid,0
1,1,5,7.233844537189106,411.3794884109096,559.2434287399612,0.2530650152738199,1.2804283637354519,5124.0,6690.0,107.0,24.830759625231423,599.7956418183642,0,5,1,2022,mid,1
0,1,7,8.022724016043538,350.0400337399701,573.001684932592,0.13549942640698887,1.1277162646833223,,6294.0,96.0,-363.3955731739336,61.244753432455184,2,3,1,2023,jng,0
2,2,2,7.617400577890969,431.5672237448827,631.3891837965391,0.20332475634650773,1.3795649055099817,6485.0,5669.0,106.0,-123.45027889030453,,0,3,1,2024,bot,0
3,5,11,7.442319193933077,320.69324822334033,810.3957384774357,0.18715668565423652,2.4829155469992337,4963.0,5901.0,,405.9295829843196,65.88359750548545,1,3,0,2022,mid,1
3,1,4,9.164619529162765,209.6811578805108,675.959406647066,0.0955997016079959,0.9661493607064702,,5180.0,114.0,883.5988534475545,98.26111872126711,0,2,1,2024,top,0
3,0,3,8.931338410410675,236.2869055912713,536.1140501480419,0.3673507721632495,1.6032874728497526,6428.0,,72.0,457.80839261003257,-136.49413694228627,0,0,1,2023,top,0
2,0,7,8.353995885929454,385.9758255755442,852.1122110400224,0.056453294797273734,1.5266989000279199,,,93.0,-356.2976855365393,-118.03659981997019,1,1,1,2023,bot,0
4,1,10,7.642359286205921,427.2270253983981,555.0830231335358,0.24436256743487203,1.2247604767704905,,6839.0,108.0,812.3948420112296,1176.635472431596,1,3,2,2022,bot,1
3,2,6,7.073621228623401,331.09098591421395,590.8929296200309,0.18271615402725372,1.4708933238610138,6831.0,6320.0,80.0,-231.80075069715426,-212.14964060645022,2,2,3,2024,sup,0
2,2,7,8.237867407031391,406.73460488477997,573.3913904767167,0.23173873061197894,1.0349819317373306,5458.0,5444.0,99.0,,-278.102359071762,0,3,3,2023,bot,1
6,0,8,7.282775495489129,352.4251445147206,379.13348946689575,0.2868367518569953,0.8164811476838016,6908.0,6251.0,87.0,567.1083774293272,378.2861151656085,1,0,0,2024,bot,0
3,3,7,8.314032514964966,370.76536596132996,748.2183204829114,0.2334252160710869,1.1907936915551685,,5898.0,114.0,385.17847689092895,,0,1,2,2023,jng,1
2,4,5,6.453777894803199,441.38588079139225,480.4574145593016,0.18069569216043813,0.9092690413988544,6068.0,6531.0,80.0,-592.409947989954,466.370782617493,1,2,1,2022,bot,1
4,3,8,6.726018097941219,383.66151959365664,470.4942844235644,0.41854468384894994,0.5000489606334168,,5984.0,120.0,21.42897298031602,360.5221216173491,2,2,1,2024,sup,0
4,2,10,8.366114894042678,452.27601842886213,467.2234419404334,0.14373088768694992,1.624836262906633,5552.0,6204.0,,-196.42225321642508,125.43543490428556,3,4,1,2024,sup,1
2,2,6,5.711831739655089,419.1607933761726,487.4928673634052,0.3179590464818365,1.6010067195267716,5913.0,6205.0,98.0,182.76648670563156,-25.07956164529807,2,4,0,2024,bot,0
3,3,6,7.7003421074501714,428.07443497836806,480.8340557760803,0.11458084329883322,2.321027211703732,5063.0,6518.0,117.0,63.206147715468916,-304.4193819029077,3,2,2,2023,top,0
6,0,10,7.063831417687767,252.9534314532222,622.1428866880836,0.09755347180490392,1.1767510174987352,4785.0,6431.0,82.0,247.91166663609857,-370.9567099957003,2,2,0,2022,jng,0
5,4,8,8.177219984894528,394.2811209408008,462.6713406482894,0.3385894792778813,1.4408806807968004,5444.0,6200.0,102.0,12.651394123229636,16.44543588201404,2,1,3,2022,top,0
2,2,8,6.428654677720275,411.7908716520872,470.33714118824383,0.2540425768798736,0.9741176635302462,6400.0,6383.0,101.0,424.20409734544745,-8.532226865861233,2,1,2,2024,bot,0
5,2,7,9.02510977749912,322.5488937103308,434.0355485846649,0.29749493634727203,1.787204561262966,4962.0,6216.0,106.0,-64.61472689066827,146.4455175646623,0,1,1,2022,bot,1
4,2,13,8.269340259419396,363.4691584556708,521.9305295126721,0.11682479012511454,1.0560992418154338,6893.0,6173.0,134.0,-1.3174305228769754,126.26265693182697,1,3,1,2024,sup,1
1,2,9,8.22184785860029,358.057315990717,130.21920237854965,0.23939668895713823,0.777583273988605,5978.0,6299.0,127.0,534.3066748330525,-206.84063756389145,3,3,1,2023,sup,1
4,3,5,7.033289289901908,375.6122510046303,619.0311180994986,0.25781559903462015,1.483439805067897,6810.0,6131.0,84.0,-442.35029987537075,,1,2,0,2022,top,0
4,7,9,7.000048022566434,342.87046994792263,624.9864569338031,0.27727387865889885,1.4876705883789245,6242.0,7212.0,92.0,471.84466635123056,25.723753514582413,3,3,1,2023,sup,1
2,2,7,8.538538219510704,413.2663369963948,501.7680407734214,0.10995120560811676,1.5576386851259798,5919.0,5747.0,110.0,-61.60838269361818,,3,3,1,2022,mid,1
1,1,13,7.764143961563571,374.5098531856253,426.311967426539,0.1986733138222994,1.4646188170038195,5770.0,6131.0,90.0,384.85652254843365,147.3211981555878,2,3,2,2024,sup,1
5,2,5,6.964295173444567,376.19166124796794,597.5651048837204,0.32560006994552615,1.2824590481879778,4870.0,5902.0,100.0,-230.6383843087645,-110.28503539458654,0,0,1,2023,mid,0
4,4,10,7.339419257822662,350.90380741240557,535.5677528235541,0.11437318331201447,0.717318536173002,5344.0,6218.0,100.0,655.7517071262614,140.84445511806933,2,2,1,2022,jng,1
7,2,5,8.60445321859602,396.5234307366388,367.51568682289735,0.2430399965096043,1.7041663195524137,5683.0,5912.0,126.0,579.2895675949219,-484.5255033714167,3,6,2,2023,jng,1
2,1,8,8.90447936290922,388.48770222819525,555.2228239337884,0.14414231881954692,2.1438533526793133,5010.0,,82.0,85.23266939168288,,2,5,1,2022,top,1
3,2,7,5.965172717739663,400.1433569120163,687.3071946240565,0.12104119354128606,1.527296642001129,6190.0,6884.0,109.0,-269.90456645234667,,2,1,0,2024,jng,0
5,5,7,6.796262491083466,333.543580808574,619.1027709922561,0.2615394641700081,0.8869139219810039,5834.0,6138.0,100.0,158.10199373357014,133.21525630943637,1,0,0,2024,top,1
6,4,5,8.7188456390024,400.7191768389819,574.8460546547027,0.25403233015696036,1.665807043892784,,5969.0,86.0,935.0263529398421,439.389953672744,0,0,1,2024,mid,1
1,3,5,7.069455817588368,424.3150435663847,337.6141551058971,0.24575360725021775,1.7541725717105074,6360.0,,79.0,-559.1156146396752,372.74526625935204,1,2,0,2024,mid,0
5,0,7,7.447690674367882,280.5725773954093,442.13101980204067,0.33436108968078215,1.5275927230267503,7108.0,7211.0,92.0,-140.71170026763912,-428.3189383097281,4,4,4,2024,mid,0
4,2,6,8.66772435628857,418.79081862674093,421.56673666372194,0.3083399705437201,1.209711512140464,4629.0,5850.0,,184.549469249482,461.1290596602732,3,3,0,2022,top,1
1,1,3,6.839634501762319,476.26980381424374,642.755310103984,0.17063827155419128,1.9295814836055016,6582.0,6558.0,111.0,679.7626718153981,139.714137713638,2,2,2,2024,jng,1
2,2,4,5.89285082813327,350.68490327525143,601.6399717513075,0.2851981695727437,1.3296251408133752,4497.0,5644.0,111.0,-113.87947846715517,-129.58871082586936,2,3,1,2022,sup,0
4,2,9,7.090005393681007,342.56308553830513,432.97672924441093,0.23028645732646918,1.3581285391048286,6122.0,6999.0,124.0,509.4055000381735,,3,2,1,2022,mid,0
2,2,6,6.479956482035005,302.9974045673882,522.1460638690207,0.31124540684783075,2.24182695854355,5896.0,6085.0,,112.30404636099149,115.87921167131924,1,1,2,2023,jng,0
4,3,6,7.6251210653874635,380.24563421385943,607.6151154570339,0.2754736820058498,0.9791526418716512,4908.0,6268.0,101.0,789.5038603805217,172.4894031955068,2,3,0,2024,top,0
2,1,2,6.777007004246594,472.3810010096629,377.7370454914678,0.11921899029632348,0.9777964239731622,5715.0,6117.0,86.0,643.0710033237573,-16.468006406838583,2,3,0,2023,bot,0
4,6,9,7.608338327584976,363.6454264656411,565.0780535755774,0.3894337440727683,1.8525636094305187,5447.0,,95.0,-2.2157119893669943,-252.41852213287177,1,4,0,2024,sup,0
6,2,5,6.704225089653547,337.130466812352,506.44792925539554,0.33287466106662705,1.9922645500447702,4844.0,6464.0,91.0,-145.74804853043673,-235.07333897604278,0,3,1,2024,sup,0
5,3,5,6.916599414957635,356.78687646943285,449.68661317045087,0.287674841600209,1.5865375764731249,5805.0,6161.0,85.0,-690.3014870767828,-538.0213221211504,2,3,2,2022,jng,0
4,1,9,7.840839712372478,311.9769022077478,537.7464972531176,0.21937083266172297,1.1072208237116719,6178.0,6554.0,89.0,181.76797563013076,9.241661337189193,2,5,2,2023,bot,0
5,2,3,7.716396453258691,344.2171599897552,435.03961923844787,0.14848143453391935,0.830497308224918,6471.0,5173.0,82.0,292.1886377563266,,1,2,1,2022,bot,0
4,0,1,8.883989730911921,421.78216977631416,716.3312859835065,0.25001956579459966,1.3311846711492175,,6328.0,92.0,187.7131323474427,-572.2667458713829,3,3,2,2023,top,0
0,1,5,7.085173313783718,249.05164234674834,318.5949756054681,0.20217799008839246,1.3043215671756574,6324.0,5666.0,123.0,501.33217113431886,131.24788274095306,1,3,4,2023,jng,0
2,0,3,7.9890581003430325,359.5774163059429,576.4299437442943,0.2423433235411868,1.7791961537885093,5101.0,5323.0,70.0,-223.29642071039274,41.994754922046155,0,3,2,2023,top,0
3,2,7,7.688655455924789,440.98185812251324,346.21703953662075,0.13350524351446413,1.2774156856504255,5929.0,6090.0,98.0,,-190.89237161995914,2,3,1,2024,sup,1
2,1,5,8.300444146391975,385.9372968245734,612.5561466127384,0.1833633574714602,1.4766634036077217,,,90.0,-308.36543454998866,350.9063748079619,1,1,0,2023,jng,0
4,2,8,8.305317409309456,244.67897593484253,684.7669417095675,0.2417962580990775,1.4370026311418183,6012.0,6099.0,102.0,392.1332790843218,-718.8246141944134,4,4,3,2022,top,0
3,2,6,7.446219988314851,402.4303199441956,553.2371649047118,0.11845302967457058,0.585972390788559,5670.0,6585.0,108.0,-220.61143796417574,480.354049598135,4,2,2,2023,sup,0
1,2,11,7.213514891242374,434.8993530851001,851.7688771458056,0.16552207654328324,0.6934566148539051,6102.0,,102.0,366.9633793408177,-88.17287306469905,1,3,0,2023,top,1
4,1,6,8.574694312249449,379.6606938064777,560.6235765572545,0.12188097353784462,1.6056199229382457,5151.0,6721.0,104.0,152.1732657014741,-139.74346158089702,1,3,0,2024,jng,0
0,2,7,8.11637180122244,288.9885489534284,430.2646812203423,0.31511247652878316,1.045026545081769,5866.0,6198.0,121.0,,-60.89166019214606,0,2,0,2024,jng,0
4,0,6,9.683118549686364,347.64662885942704,467.50834041733253,0.3018919427809575,1.3509980483736912,4850.0,6045.0,98.0,645.64119956091,,2,4,0,2023,top,1
6,0,6,8.841833092188917,334.6647933177815,641.9377055961445,0.29087964137350797,1.236298450058749,,6619.0,107.0,,264.7665490156623,0,1,0,2023,jng,0
3,1,7,7.472065506373191,310.81515302065975,590.7848964562108,0.22841630301390614,2.029746020173082,4698.0,5669.0,87.0,-5.938126558621292,-536.8637318252661,2,7,2,2024,bot,0
4,2,7,8.19929289737282,292.23183419524423,498.1319402249484,0.22589074816074614,1.6077503183081165,5687.0,5786.0,87.0,191.58071304935584,219.1656440608349,2,3,1,2023,top,1
3,3,8,7.581747159789805,347.3893886062676,477.08118121794524,0.19651770424738932,1.6429151530981514,4943.0,6538.0,106.0,359.7501360122691,-217.4404533079801,2,1,2,2022,mid,0
2,5,9,7.469421937110743,300.2082380538905,662.8395251646922,0.1634970637507846,1.2459545321075094,5715.0,6049.0,118.0,-126.74871195988828,260.53690932408153,2,2,1,2022,top,1
0,3,4,7.4046049173639314,363.2029032614641,450.1083193785943,0.21515610139547955,1.3038372252670305,5755.0,6480.0,78.0,-148.74357041710482,,1,2,3,2024,mid,0
3,4,3,6.294652450432459,359.38765592562004,555.9670562259292,0.20494889154039928,1.4551856650964248,,5801.0,110.0,692.4060732357042,-241.4313378727702,3,2,1,2023,jng,0
4,4,3,9.026619662460725,356.8907461781279,562.9652903028284,0.20957491975952633,0.7685643300815741,5665.0,6296.0,96.0,-240.6460007607775,190.29920385103063,2,0,0,2024,mid,1
2,4,7,5.7487625312448865,436.33441587754737,410.7568016759308,0.2741636304751802,1.9668164303875364,6187.0,5580.0,104.0,-82.6464174106939,,2,0,1,2022,sup,0
6,0,5,8.777652275092036,333.54364074349246,529.0722736959075,0.2103857103912918,1.4185285062992254,5936.0,5258.0,122.0,-671.4047347002747,-607.3197308767515,2,4,2,2022,jng,0
3,9,7,7.609919945836419,399.4352935641825,545.299368450894,0.16898915577004456,1.5730770983169866,3899.0,5849.0,101.0,,442.89001480861833,4,4,3,2023,mid,1
1,3,4,8.191993524131489,398.29804680575836,400.23178536122816,0.15444769010817866,1.6073772122200771,6102.0,5915.0,96.0,-205.9852280797317,-546.278189324575,3,2,0,2022,jng,1
3,3,2,8.643783164320917,374.45344305253576,556.3908655328976,0.23590020758066838,1.587577196446041,5861.0,,99.0,364.9538210843548,-35.04974130024783,4,3,0,2023,top,1
2,1,8,5.779311461765451,341.27330038854905,340.1150696171191,0.14171727908989945,1.3728357866634129,5837.0,6154.0,81.0,-799.0862881135864,200.5511819075009,3,3,2,2024,mid,0
3,1,4,5.019198594981546,424.96688941334116,433.7052199922673,0.22078342150990632,1.857770094991162,4759.0,5409.0,101.0,840.148921605456,,2,1,1,2024,top,0
3,5,5,7.657362800289858,351.2533468096923,500.0907399667681,0.17249805799019985,1.1287894007930512,5258.0,6573.0,89.0,,-39.986922377813826,3,2,4,2023,sup,0
3,2,5,7.416748257376152,299.22123811412365,479.28207333883165,0.19889422362451248,1.358066533786006,5136.0,5143.0,108.0,-12.134578902066806,,2,2,2,2023,mid,0
4,1,5,8.15086893785848,299.43387127822933,293.8326439020966,0.08461477074522633,2.326085294491077,6158.0,5891.0,130.0,1248.264775174593,-335.5443511368065,2,5,2,2022,bot,0
8,3,8,8.181994741423338,399.7025736702034,767.2675568602019,0.18702181227101633,1.3079908086150223,6240.0,5324.0,103.0,,-459.2689603084059,1,4,1,2024,top,0
3,2,6,9.32146578357593,387.3575589695364,589.9320661927732,0.2040821091332819,0.3,6289.0,6326.0,75.0,,-0.671830770212793,0,2,5,2022,sup,1
6,3,7,8.529757598444561,260.39531826156104,443.59370796841677,0.28146502884603924,1.6564770377259717,5764.0,6293.0,151.0,-485.37164945431545,,1,2,0,2024,sup,0
1,0,4,6.522519104685388,292.74217718125783,496.5157015788393,0.41434846370827483,1.408702247640978,6337.0,6484.0,123.0,105.63186620641594,622.5348747399097,0,1,3,2024,bot,0
3,2,6,5.631683080585581,385.64838422579703,500.8648872600003,0.24537265304494632,1.1504889751588934,6083.0,5852.0,70.0,-88.03498238293977,239.647082950514,0,5,1,2024,mid,0
5,3,7,6.895492392479626,389.9150895566655,744.8258611421365,0.15153268303216882,1.0522349448071626,4957.0,5873.0,112.0,-564.4886130960091,390.7640151199437,1,2,1,2024,top,0
1,3,10,9.701224532481639,441.2158402860866,575.0457534075138,0.30298896111383833,1.8886169076590344,5510.0,5720.0,100.0,549.2136372652258,-8.587096930967306,2,0,3,2023,jng,1
3,1,3,8.324379182448887,378.89659358713834,439.6531954629097,0.15177056622970875,1.9951463121909416,5919.0,6504.0,115.0,44.02795650925803,-86.88750376840161,1,3,0,2024,bot,0
0,3,6,10.830694958016773,403.6936900495712,735.361564748482,0.2851575986111215,1.7100773649042722,5420.0,7262.0,,,-171.3311363676019,0,2,2,2023,top,1
5,2,7,6.6108384404161065,386.63171748830956,624.1512919827939,0.3027649694728021,1.4695124814924836,5338.0,6281.0,,117.46745783819952,-263.4391491046274,1,2,1,2024,sup,0
1,1,6,7.675013108606098,424.70902565545157,671.3074298622967,0.1895802003185809,1.414089162920389,5986.0,6182.0,111.0,-181.19005535075155,901.3699646178327,2,3,1,2023,top,1
0,5,10,7.921703602235537,389.79218972346587,301.6087066824117,0.1743793361363708,0.7029182950041141,6089.0,7084.0,77.0,158.48110659682072,-377.2627576383375,2,4,1,2024,mid,1
3,3,3,6.605923763972216,388.0285106413824,350.7442863214469,0.2528262244523425,1.6202678879293417,5655.0,,,398.4965748851765,-209.2082375318123,1,5,0,2023,bot,1
4,3,7,5.958390188147106,414.1484603627573,393.47283814915306,0.2817475411576059,0.907195475291084,,6098.0,86.0,-762.8530061954273,285.2311005963719,1,4,1,2023,sup,1
1,3,7,7.658701141383293,268.11313446135716,737.9238608473818,0.2586363857947163,1.0333677461303852,5999.0,6305.0,111.0,810.8262844242503,262.69931015995564,1,1,1,2023,jng,1
4,2,8,8.056957506991127,440.3916352908141,686.5064772011516,0.25350512429552685,1.0571479291205104,6059.0,5630.0,107.0,-357.8709924387493,-332.92902602993905,1,0,3,2024,jng,0
2,5,8,7.111077071389695,374.77246717845145,593.5122313909251,0.20558658614832315,1.7687560035793175,5081.0,5693.0,113.0,-327.74055087598964,-40.71496240978087,1,2,1,2024,mid,0
1,2,11,8.091073786276027,367.09959898624726,445.7308253093719,0.23731960345883268,2.009389334318922,6005.0,5641.0,83.0,100.70572748736852,478.68702607064864,0,2,1,2023,mid,1
1,2,10,7.707734006000719,344.8034398172572,464.87035229996184,0.26969623731713005,1.8778329218230385,6557.0,6114.0,,-81.73555108879958,,0,2,0,2024,bot,1
2,2,11,6.526882262571881,415.54490302279066,488.50094179532374,0.1889775580187007,1.15742747389534,6472.0,,110.0,-120.78670678762317,,1,3,1,2024,bot,0
2,7,6,7.453903431897193,379.3159808585629,598.0168341862338,0.2176182568550001,1.518723842127157,6201.0,6211.0,128.0,-550.3021533938571,267.59608224990274,1,1,0,2022,jng,0
3,2,7,7.0133178920210835,347.1384441503218,652.6646636447459,0.2192974916014849,2.1963568806917424,5693.0,5881.0,101.0,256.8606007736101,,2,3,0,2022,top,0
9,3,4,7.859100841252171,275.6624407570533,369.89220769553435,0.24446588691926102,1.5048090636067402,6059.0,6352.0,74.0,,-119.85636185032067,1,1,2,2022,mid,0
2,1,6,8.918162812326086,443.35591014034804,430.943701312202,0.11111358961298938,1.0529233440719825,4479.0,,81.0,-423.9836161906868,-707.7391891204337,1,1,1,2024,mid,0
1,3,11,6.281586833594696,330.7273601443031,417.877589974657,0.2470920998220484,0.6555861601518417,5210.0,,113.0,-256.4952136450228,-311.67010255845594,2,2,2,2024,bot,0
3,4,8,8.428035220100972,357.4054960614925,300.4089073132658,0.3361488799906298,1.7265727898867722,6182.0,6154.0,116.0,-410.04199421155835,-42.78921428561478,3,3,2,2022,sup,0
5,2,5,9.147279140948104,366.50942491202755,580.4182409652961,0.1432017004026112,0.9948914866457581,5419.0,6196.0,111.0,-90.33752482428264,15.346245643964494,4,3,1,2023,top,1
5,5,7,8.636337506533815,350.2879080816528,527.0167713932905,0.279495865897238,1.8284228969723735,5883.0,6389.0,93.0,,,3,5,1,2022,bot,0
7,2,10,8.396912021026134,382.3872374551906,487.39831217013756,0.19241781650052583,1.175703576003431,5691.0,6029.0,111.0,-794.843893490898,-404.9274544244073,0,3,2,2022,mid,0
0,0,7,9.072740863565388,311.3994753582936,594.8070737273788,0.13042918661264713,1.1486476563238621,5316.0,6038.0,,645.4812568358573,-254.61652066118018,0,1,2,2022,bot,0
7,1,10,7.215934926884591,357.91362684384234,465.71366323068486,0.24134682094449353,1.2358245601345916,5365.0,5526.0,103.0,538.5167780976191,401.2850573427143,2,1,2,2023,top,1
0,1,5,5.089331504142759,375.2145995734405,360.524449721087,0.35375947977008987,1.443748497021855,5864.0,5960.0,92.0,-500.0022951484619,-417.6908921053922,2,4,2,2024,bot,0
0,1,3,8.802223152305643,370.313810095822,435.62440324796523,0.19365613400243337,1.0595827291370694,6021.0,6273.0,104.0,1027.6941258693157,382.8467216547353,2,1,1,2024,jng,1
4,3,5,9.353375909054023,355.2503944487516,402.9816975770115,0.23943356082294617,1.3768454881418144,5621.0,5668.0,140.0,-99.0895568234123,-410.1014206313255,2,3,2,2024,jng,0
1,2,3,8.097231692246849,382.789622939015,570.0701828130069,0.17408336773941502,1.2917048460923761,5047.0,6221.0,98.0,,,3,2,0,2024,sup,1
3,3,5,7.377126991539411,323.62794082198326,257.2774858599926,0.20265305221965993,1.5883463662184116,5270.0,6076.0,96.0,-393.54997358045824,516.5162914791588,2,3,1,2024,jng,0
3,5,7,6.682932323002607,295.53210773070623,242.2441729021544,0.2576244657955585,0.7195262360807128,6254.0,5747.0,91.0,596.7689324111918,21.71236965482005,4,6,1,2022,jng,0
3,1,9,5.312431890014081,311.8734139033231,276.93392419625866,0.26336607470612183,1.0751359961383273,5419.0,,100.0,,180.1404690930846,3,1,2,2023,bot,0
2,1,7,6.647177368112806,409.6462030259033,419.18973810490644,0.20986917580077,1.140104724505922,6137.0,6279.0,124.0,-208.0522392724075,-214.6568508099886,2,2,1,2023,jng,0
2,3,7,8.302526355564872,398.1494026187182,488.91927457701456,0.1896094253829472,1.2693591794538848,5261.0,5849.0,98.0,,330.9129530513369,3,1,3,2022,sup,1
3,1,5,7.481039265707679,283.62066175031794,619.9261308436015,0.23000441930161136,0.8674425390492525,5144.0,5553.0,71.0,-434.33668920414385,-70.65100347269296,2,6,2,2022,bot,0
2,1,8,8.758632224103756,362.1911655280391,565.6793190210963,0.22708673413906016,0.798378264632065,6054.0,6376.0,109.0,695.8318868219361,,1,1,3,2024,bot,1
5,1,8,7.823563881248578,350.44538312052276,477.27609231236613,0.1773725500592813,1.080632459714004,5800.0,6047.0,102.0,-162.44543005680177,374.1049096093425,4,2,1,2024,bot,0
7,2,7,9.142810173646707,402.90134549883766,504.72788236430716,0.31902272774201385,0.8384660285655104,5288.0,6068.0,101.0,-407.2308557603719,96.41544805524936,3,3,1,2024,jng,1
5,3,5,8.481433611620067,352.7170704280121,550.8601430998688,0.22284262461036428,1.6378121440838114,4555.0,6293.0,93.0,-175.9497024195657,97.18419971395303,1,2,0,2024,sup,1
2,3,6,7.523604131221194,416.4899214213101,672.4108638537504,0.174368869709199,2.34951006052338,6919.0,5164.0,112.0,-89.540122896703,164.98970521023318,1,0,1,2024,jng,1
4,4,9,5.482573955110922,368.5654242039539,459.73934183390026,0.1802647345106643,1.7618887340328007,5796.0,5548.0,118.0,-532.8534825300735,-96.49779880665338,2,2,0,2022,sup,0
2,5,9,7.808205991054319,298.77247980917986,543.2590322444146,0.06157156573546224,1.6870843298972957,6002.0,5535.0,108.0,-401.87507665219215,164.18027821691425,0,5,0,2023,bot,0
1,1,9,8.348378679637614,362.3961393642591,578.3453754744731,0.2560029885115934,2.073928371873657,6505.0,6212.0,110.0,2.269651887124269,65.47394927197871,2,2,0,2023,bot,1
3,2,5,7.321772559885344,283.1751580608165,538.1295437209243,0.23198039463160106,2.0542432180851473,5864.0,5310.0,129.0,-11.866484131680323,-185.20740408981044,1,3,1,2022,sup,0
3,2,9,8.434210788003936,360.5579637498831,526.3657873929267,0.04220005913295796,1.1921146522358117,4357.0,6923.0,,,-7.79578426753902,3,1,0,2023,top,0
5,2,3,5.78034068798772,334.57315615393145,748.4551273767347,0.2928309487822385,1.2278027980316495,6716.0,5948.0,83.0,201.32443267609494,,1,2,1,2022,jng,0
7,4,5,7.63551111448992,409.1676810219777,617.3813215654047,0.09809941451809609,1.193608607926429,7456.0,6368.0,82.0,-170.8549561962667,441.7297383384333,1,3,0,2022,mid,0
4,4,7,7.307951861330918,399.7372464137895,437.06530022495144,0.254921012257551,1.6215763524035816,5825.0,6638.0,112.0,1014.960474422727,463.8490682673141,1,0,1,2022,bot,1
2,1,6,7.204897354031512,431.97726937716203,455.67218016968417,0.2812910270131663,1.4699403386491903,6047.0,5205.0,102.0,-109.36429536873152,204.1493953424922,0,1,1,2023,jng,1
2,5,7,6.97770669588115,422.4799584193824,658.6795471855853,0.20495281338163818,1.2092954899736752,5630.0,6048.0,80.0,173.5163777225684,504.1783833159805,1,2,2,2023,mid,1
1,1,6,8.534809096521478,371.3961997593139,347.1319644246083,0.18977818073597685,0.8153898483100751,5925.0,6206.0,116.0,353.794224263582,-528.202328077555,1,1,0,2023,sup,0
0,2,9,8.882264306399547,373.26518289041064,589.5821987788052,0.19347268392604675,1.0675702996420116,5470.0,5658.0,94.0,-6.413428987769564,434.22766162970885,2,1,0,2024,top,0
4,2,6,6.9024766658294245,352.1144497659863,497.8039159014805,0.43387752278084,1.7066863522335813,4780.0,5654.0,101.0,219.76588747486227,-192.20774381082117,0,1,1,2024,mid,0
7,5,11,7.653353009336159,477.6623473574416,342.28645235217505,0.351070769941085,1.596677464168268,7057.0,5420.0,96.0,-755.2834147637349,223.4663130028714,1,1,0,2022,sup,1
6,2,1,7.810453578782479,433.35180700632884,639.9047152474213,0.03593198386468033,1.3861704927479261,5142.0,6286.0,103.0,686.7518652138102,285.85827365333665,1,4,2,2022,mid,0
4,1,7,7.94071849181583,339.0905359044835,356.76269048365043,0.30354056811679564,1.3435804783205,,5915.0,106.0,-424.62520418116173,,1,2,0,2022,sup,0
5,4,8,8.00211207598592,394.97614558456814,574.6129640382889,0.19460183535622227,1.8190636414571093,6602.0,5960.0,103.0,-133.43094213266363,76.62743804641103,3,3,1,2022,mid,0
2,4,2,8.831035308859448,305.24755593059854,461.63803005240356,0.23491085888314403,1.5130297422323413,5068.0,6228.0,86.0,524.0650760524741,241.612975636138,3,0,0,2022,jng,0
1,2,6,6.96192932873237,432.407930712228,719.7751626291476,0.16144528533717672,1.3119769779423824,5706.0,5705.0,121.0,-497.9306935516715,-36.68465958008008,0,2,0,2022,jng,0
3,1,2,10.367010315178828,377.2445409325926,489.0905171165684,0.22222809158636853,1.5395719853011842,5943.0,5497.0,128.0,-177.67197400883794,25.9070606671433,4,2,2,2023,bot,0
4,3,4,7.416946136430338,238.94486203875314,697.0239823811336,0.29421533073183403,0.899545042212732,6024.0,6197.0,130.0,-721.5760240440586,,0,3,1,2024,mid,0
0,4,4,6.525008626830205,338.908885486818,444.7439625425028,0.08098321323126526,1.7861386270777704,,4998.0,98.0,-73.94871507585357,183.4311888888717,1,2,2,2023,sup,0
3,4,3,8.621226160005737,335.69531955942335,532.4771881142511,0.2243864850622474,1.0197892059473284,5468.0,6124.0,92.0,68.10865982224561,71.08436886916184,3,2,0,2023,sup,0
2,2,5,8.165020311140161,380.0212160210712,524.3703893964952,0.038666899343231476,1.5601038384336963,,5175.0,106.0,574.2472276250155,-147.34757103924295,0,3,1,2023,sup,1
3,6,4,7.949068944922223,367.7771578316971,524.8519264351195,0.11852445844303026,1.3648134905399516,5578.0,6685.0,99.0,-258.1672339578954,-677.5677820468735,0,0,3,2024,top,0
1,6,7,6.644897013066446,328.34422089081943,573.2844537560962,0.21512477585372464,2.159081061490891,5846.0,6434.0,97.0,-320.5460107895774,262.78062732315243,2,3,0,2022,top,0
6,4,4,9.332865438078745,307.4562689800713,533.7437630405186,0.16152729332591415,1.5848367629391378,6190.0,6589.0,75.0,-5.480107588750471,-68.86326913330045,2,2,1,2023,jng,0
3,5,8,8.211025573394917,342.9304525567069,392.53852975436774,0.20333915643680808,1.6535195094392332,5889.0,5609.0,69.0,415.4650124808831,-180.84518519721843,1,5,0,2024,mid,0
4,5,8,7.265004873640452,349.29669474749556,405.2423980330011,0.35898824455268064,1.6396732953870052,5884.0,6900.0,127.0,585.0280973839988,,1,2,2,2024,bot,0
3,1,7,7.42958206770893,358.9893127168301,594.382018922804,0.2378424761146704,1.1673299876778391,4887.0,6087.0,92.0,-712.3661570399416,248.39174366711495,1,0,3,2022,top,0
3,2,5,6.775567401908559,381.76823331708454,562.5936616275948,0.2940033720802837,1.4153467589300344,4809.0,6260.0,103.0,410.32525532074027,-101.27943137601514,1,5,2,2022,bot,0
4,2,12,7.935880412158845,291.2098716831148,381.32989861043666,0.07595552996201571,1.0695144846028972,5850.0,6157.0,104.0,583.7333678671656,53.49715261530001,4,3,0,2023,bot,0
1,1,9,8.222375918109034,411.7863744067187,592.7769944018237,0.19959423456579503,0.9633374071557215,5614.0,5793.0,88.0,,387.724358267128,0,1,2,2022,bot,1
1,3,4,7.292079409602726,320.0161553411722,525.3810891878467,0.17482118296460117,2.2123845004970137,5928.0,6368.0,101.0,230.82857777074832,-132.44588088848886,3,2,3,2022,sup,1
4,5,4,7.565754936198001,389.947956275624,143.78406656640806,0.33158471185654725,0.8153990048744323,7149.0,6357.0,93.0,-140.7437276263294,229.59080918709668,1,5,2,2022,sup,0
3,2,5,8.305095940322026,344.1291919780388,577.9464844059446,0.29230819424120275,1.8352266628488882,5575.0,5726.0,90.0,931.3423769371133,177.53012926311152,0,3,2,2023,jng,0
2,3,4,8.057316927351375,320.784783409484,522.5664637237755,0.14163548197693865,1.6681577315224903,5373.0,6384.0,,548.0115249757258,-66.08588243048706,0,3,3,2023,mid,0
4,2,5,6.810899098644936,314.51551243763276,712.4154747928853,0.18214894974616438,0.9731334148433632,5218.0,6061.0,90.0,-16.24279638783836,-557.3806923670777,0,0,1,2024,jng,0
4,6,6,8.18912888549246,311.2056332861751,614.2538574733743,0.08178353349617573,1.8023293163102387,5288.0,5908.0,124.0,76.04716254945416,-308.71314635581734,1,2,0,2023,top,1
0,1,4,8.237499888458558,425.52414962897524,584.0754596569315,0.20467595777499253,1.4791035539002448,6559.0,6045.0,98.0,,-179.5117509575079,2,3,0,2024,sup,0
0,3,7,7.76274072072898,302.53593350744364,593.7689874228996,0.22626364836298976,2.4725448663438208,5698.0,5869.0,113.0,575.9100112235842,252.9388812607461,2,3,1,2024,mid,0
2,4,9,7.117280853783946,308.56882626362767,630.7905485010325,0.28182780313304256,1.518567720819653,5566.0,5901.0,85.0,-54.787182611224324,122.92490428663797,0,2,1,2024,jng,0
5,2,9,7.224125120513008,380.0817174723944,642.3344645992412,0.1504489113026508,1.3404092819410423,6357.0,4804.0,107.0,,-154.2957186332531,1,2,1,2024,mid,0
4,2,7,8.659387330726117,414.0934286670595,695.4988188739064,0.30848614128414914,1.3804390616118165,6515.0,6193.0,,-54.247556961405806,248.74451875221962,5,4,1,2024,top,0
5,0,5,7.194005210476655,347.929250833242,708.259753425572,0.11929164224417492,1.4311273169518184,,5245.0,91.0,619.963880710462,44.498772833680036,1,3,0,2022,top,0
2,3,5,7.4428500422884705,341.3727729960919,720.1791558087509,0.19101857042170972,2.321046410932525,5765.0,5981.0,79.0,-564.4090597853826,207.77246179893416,3,1,0,2023,bot,0
4,2,7,7.695146485732534,388.9414162805228,443.5008106835136,0.14248701624206522,1.0365189893933222,5294.0,6396.0,102.0,,-81.10490636284788,2,3,1,2022,top,0
7,0,6,7.834750358594849,381.31116040483766,716.2496363116175,0.20365363030609046,1.5608190647330835,6256.0,5614.0,93.0,-348.17630960533654,20.43143830965907,2,4,0,2022,mid,0
0,5,6,9.233841537648757,443.3790308843171,571.9713072190507,0.2710462929807994,1.6827816278763394,6078.0,5977.0,99.0,-369.8509387793839,-343.6306893173867,3,3,4,2024,bot,1
1,1,6,5.917440695767187,337.3652379519773,521.5912124233136,0.25041343417623063,0.8344517174545717,5527.0,6632.0,92.0,370.2321223310425,-176.66950445085106,1,0,4,2023,jng,0
3,1,6,7.891302811628354,368.6696893224042,717.7982539949408,0.2736708640000711,1.7935187854110959,5488.0,6532.0,120.0,-222.6443440365603,398.32782128188586,0,3,3,2024,sup,1
3,4,5,8.907926746968853,399.1851824285244,505.18069344051884,0.31493985812901604,1.5056125258434834,5768.0,5984.0,122.0,760.9599012461625,-12.842294926171384,1,4,0,2022,sup,0
3,2,11,6.751614063469204,412.43237295788083,551.1946110665515,0.18567554814018997,2.0255489824320585,5169.0,5776.0,122.0,-43.418806315590786,-491.6487392924914,4,0,3,2023,sup,0
1,2,8,9.081416818219072,423.8559650660881,423.8279068960352,0.21427768808694103,1.9886285175420022,5313.0,,80.0,92.1279228562511,315.81021445346477,1,2,3,2022,mid,1
3,3,11,6.495642496286642,394.2867336342841,713.1028346420622,0.30722121770738886,0.7834280343556883,4972.0,5440.0,107.0,-100.57573962475325,,0,3,1,2023,top,0
1,1,7,5.372193951760847,424.72800624236874,343.0051383232522,0.23437249593330195,0.9115485188454526,5486.0,6888.0,82.0,129.46562415120255,130.34298790724068,3,4,0,2023,top,0
2,2,9,7.120735219164228,424.8528964959865,655.8166689044068,0.30640820997356655,1.5125781386563089,,6092.0,107.0,-48.36287096501097,-119.3317631821874,1,5,0,2024,sup,0
1,3,6,8.420328750888057,411.30316509897443,469.9992986671785,0.14780752639195288,1.5453711489495678,5485.0,5693.0,80.0,-382.9094763672193,-416.3156418503747,2,2,0,2023,jng,0
1,3,4,9.892692690070264,412.8618136246271,552.0790587781398,0.24757312877106658,1.2333571451977519,5382.0,5388.0,94.0,495.83141250602387,291.8437026120257,0,3,0,2022,top,1
4,5,12,6.0303517634174195,388.32788262310305,479.35293978002994,0.3012344365105442,1.4590485192003892,6561.0,5433.0,87.0,206.62265813942201,-15.31704252200862,1,1,1,2024,bot,0
1,3,6,5.0761619936608025,373.03333129330986,555.3169994340836,0.30443663247624553,1.659646932190515,4879.0,5679.0,121.0,-170.15273664349877,,0,3,2,2024,jng,0
3,2,3,7.1828757020377525,382.61690948860854,596.1831456481689,0.14752490772575083,1.9686095402707005,,5807.0,93.0,-737.3301654436896,104.78061849943698,2,0,0,2023,bot,1
4,3,8,6.980053007810062,481.01276824759924,259.7424212993513,0.37768772188028116,1.270672238904616,6597.0,6170.0,92.0,478.5724615194565,744.8119627215947,0,3,2,2022,top,1
4,1,6,6.4412505032388045,330.96855166324974,370.30810094591413,0.27182305488862996,0.9580939571150471,5584.0,6229.0,,181.12753290323622,-259.58309458733197,1,2,1,2024,top,0
6,1,9,7.948453061965896,330.98924685873186,520.1000578801136,0.2998857346706493,1.5206145535867046,6194.0,5543.0,110.0,155.33525101869387,-603.7949331963641,0,1,1,2024,bot,0
0,3,4,8.453915615510583,424.0692652883316,740.0904260066443,0.1837346125171866,1.7948506186834532,5670.0,6461.0,97.0,-221.3706680211871,304.8414258825769,2,2,3,2023,mid,1
3,2,7,9.211817753548084,387.770259139847,550.8767217987743,0.13702075038835831,1.8987245978134482,5426.0,6397.0,108.0,363.6621458081614,-130.21356247226115,1,0,0,2023,bot,1
1,5,7,8.607111129015681,351.1634030407258,738.0947155195083,0.17759850543073324,1.1092992976559342,4936.0,5797.0,96.0,-183.95806490488536,171.51733637197944,2,3,1,2024,jng,0
2,2,5,7.228221140102454,328.60361102170674,559.8740214327115,0.12159014527595798,1.741341471995015,6021.0,5270.0,98.0,,137.61965463179428,2,7,3,2024,top,0
2,3,4,8.140959071771668,427.9877768108172,508.11158626771646,0.18522777300135498,1.3301181018747927,5146.0,5721.0,83.0,-480.36439308821514,384.359569393611,1,0,3,2022,sup,1
3,2,3,5.851796724327058,387.9048138230388,492.6841710615858,0.25616192204767363,1.8758681047765011,5674.0,6060.0,86.0,-349.598457107801,-436.6186737157125,3,1,0,2023,jng,0
3,1,9,7.78445143787311,249.18170437048158,656.950917422788,0.16513139711072455,1.4327363512897355,6400.0,6272.0,,,80.66252665030595,5,4,1,2024,sup,0
0,4,7,5.80162210748891,426.79494678529056,554.4239280490501,0.3364683929184389,1.307842539429544,6144.0,5636.0,,,296.4145068331286,2,2,0,2022,bot,0
4,3,3,8.30149893352606,366.5660797121996,671.1778851666467,0.29330809581135275,1.1059046237237689,6873.0,5323.0,88.0,195.78964580684067,341.38503751761573,2,3,0,2023,sup,1
1,5,4,8.083220513279773,467.7476327684156,508.4992157918414,0.257114149077428,1.1601815118679688,5841.0,5964.0,109.0,-209.02391858893785,-21.372663526102794,0,3,2,2024,sup,0
3,2,6,9.589842437553262,374.7728368030534,501.13809596511817,0.23305505714116717,1.846861557600706,6101.0,6204.0,114.0,-686.3919884846975,7.968943346213749,0,1,1,2022,bot,1
4,2,1,9.270026501484999,491.4818838634613,458.9179215446446,0.26761396327906123,1.11554589432652,5745.0,5182.0,79.0,,539.1113667573601,3,5,0,2024,sup,1
5,2,9,6.715961674803648,436.02915084229124,325.3435172296812,0.12180992711597385,1.5532586015061332,6204.0,5779.0,92.0,102.57338032019992,492.749668864811,0,2,1,2023,jng,1
1,5,1,7.380507313711594,380.96997792481346,476.0373091896431,0.2532859313960498,2.3114222892323166,4985.0,5936.0,129.0,-241.503264416956,233.33644618704915,3,2,4,2022,top,0
2,1,8,8.529932221203731,552.7674084801567,615.5211997341885,0.11366084671716979,1.1521626055616343,5158.0,6346.0,84.0,,-340.69547074026315,2,2,2,2022,sup,1
3,1,5,10.092775084180191,418.2275320556402,367.3374986458956,0.17947377429058925,1.59753016987619,5399.0,5104.0,105.0,-122.18549223827793,,2,6,2,2022,bot,0
1,3,3,8.660827976739018,417.76393466508154,430.63752132102593,0.10671306162607168,1.4547318551108144,5286.0,5750.0,103.0,,561.5099352810632,2,5,0,2022,jng,1
4,5,5,8.721819986261087,452.97732541557195,466.5223979095954,0.13222810293569118,2.045642139828813,5107.0,6449.0,112.0,-632.6693845150805,47.191147929285336,0,4,2,2024,bot,1
3,0,6,9.662683776312544,345.1933528983189,609.3450047075402,0.2181313915891514,0.7200335693029412,4738.0,6922.0,81.0,12.452126812549551,1339.3461748388122,0,0,1,2024,mid,1
1,2,2,5.905930162006065,355.29125972547155,397.30237610608754,0.17882728528342728,1.1568739426787364,5366.0,,88.0,-432.04494307952064,538.8997837143667,2,2,0,2023,jng,0
1,2,3,5.85540047337941,283.83845858467896,385.95231562716356,0.09709993007093168,2.340623779974135,4027.0,5653.0,91.0,267.9358927410546,-486.875887023132,1,2,3,2023,bot,0
2,2,10,9.726712599011144,437.1399177333548,571.0959940418255,0.11238076040111546,1.6555757789975205,,5739.0,110.0,688.5914354178944,16.274710670320772,1,2,2,2023,bot,1
3,4,7,8.107777739968979,287.6786163860884,476.8578281534469,0.23844777408919587,1.5363184413640474,6675.0,5479.0,117.0,275.3500036527001,-131.4191237893132,1,3,1,2024,jng,1
1,0,6,7.619834339044021,307.1865281527315,375.7997556652025,0.2517451142664141,1.1687354859993828,6460.0,,85.0,-489.1163081263408,-358.21887822427976,2,1,3,2022,mid,0
3,5,1,8.645130888036947,274.1861977235443,573.8504551960635,0.21603527685979154,0.8109243703907025,,6155.0,77.0,615.1013344314972,-120.9304655387725,2,2,2,2024,sup,0
3,6,6,6.105819480841842,432.9827541175526,607.395901470023,0.393784275728239,1.2457449292298135,5539.0,5361.0,109.0,117.71076761782601,-107.01741128247998,1,2,2,2023,mid,0
3,2,9,6.913788187770118,360.16567078001503,464.55155497530984,0.25751712025949763,1.524372341988906,6086.0,5494.0,88.0,-806.6981574387243,9.449705422732542,1,1,3,2022,top,0
4,2,8,8.176928790272575,422.651777375316,576.0702337939256,0.3311830343586216,0.9044804279729366,5740.0,6198.0,97.0,167.1347372161749,194.95332821907851,2,3,0,2022,top,1
4,0,6,7.288388603463068,491.78669817753604,653.9990373709975,0.1890182746202611,0.9514124365991918,5570.0,5588.0,109.0,,256.0793033070086,2,7,0,2023,jng,0
3,3,4,6.966755796988619,309.10511791813195,539.8452122429479,0.26141029302672225,0.9808572535438906,6147.0,,112.0,60.921617680790945,-263.76827122385725,1,4,1,2022,top,0
2,2,4,5.981029955589413,293.22490738541615,584.7899326775324,0.22186034718949108,1.665056069404145,5720.0,6269.0,101.0,-78.81061488972458,86.46014032172144,2,2,0,2023,sup,0
2,2,9,9.63988278858604,292.2204659564377,258.1208312984039,0.21628410547667082,1.33412218131945,5402.0,5182.0,108.0,107.2966235017443,305.9417876862138,1,2,0,2023,top,0
0,3,6,7.270134687781358,356.98996397062996,410.26957598252227,0.1904555034166117,0.7566918504416098,5823.0,5556.0,103.0,-189.04226051980532,,1,1,1,2022,mid,0
4,6,8,7.4530219968344875,332.7259677039572,195.69496401598178,0.10611631551790017,1.7663574526781467,6833.0,6456.0,101.0,465.7436273690796,-74.60863630942515,1,4,2,2022,jng,1
1,3,9,6.317264889208179,405.95007444126327,726.707770088529,0.2719913367529246,1.0253770906265693,4970.0,6093.0,98.0,691.2688764603413,-313.15605713602406,2,4,4,2022,jng,0
1,5,1,7.9916528916280765,299.98572507931755,576.3372086276477,0.17971264446881183,0.7995891533430942,5069.0,6781.0,102.0,-236.251955831668,-96.26899246036172,2,3,2,2024,mid,0
4,3,8,7.356052366753992,352.42942190863533,493.48247834820745,0.26833953563957247,1.014611019475936,6489.0,5810.0,126.0,-30.08465107164234,-374.2534383238,2,3,0,2023,jng,0
2,4,9,8.515433628854005,443.9752352390812,372.0388362417957,0.22664766210911585,1.2087169021774304,7051.0,6246.0,92.0,-196.86080417645803,-756.6356985813335,0,3,1,2023,bot,1
5,3,7,9.50701581657929,411.75568557762034,576.3583394076147,0.10068176467791198,1.6464720316915153,,,100.0,109.28799097571176,-382.0239246790176,1,3,1,2023,sup,1
3,3,8,7.797324255009854,359.55800951701,344.876037117368,0.26847384936717883,1.4155185861878887,,4814.0,95.0,398.7538464537847,213.91604309515537,1,1,0,2023,top,0
1,4,7,8.730828720382576,371.0820203620235,374.91244876970757,0.245970058170113,1.0960312557118514,6901.0,5996.0,91.0,,298.66670693060337,3,0,0,2024,sup,1
2,2,8,8.114101367382238,261.0196754907722,522.8576837221606,0.32889129434542175,1.1991390023374162,6580.0,5574.0,90.0,690.2737501069369,-462.48926854611807,4,4,2,2022,jng,0
2,2,4,7.9322022954080404,463.7509710387837,536.2367524491922,0.1627992816348222,2.2541415499363224,5819.0,6416.0,92.0,-77.21975001500203,314.9680975535258,2,2,2,2023,jng,1
2,2,7,9.278836470469088,570.1451454082852,697.4867643074865,0.13768993312077465,1.4420565715703355,4383.0,5809.0,97.0,460.56127586547484,-787.5059597447369,2,2,1,2023,mid,1
1,3,8,6.939786118298999,419.6954050838325,611.5470248134789,0.20875196350885625,1.2817183291715986,6318.0,6183.0,93.0,508.5627355454603,,3,6,1,2024,mid,0
5,2,9,8.74336967152829,326.8536949239365,637.961741088273,0.3175834904793461,1.8812220759068379,5500.0,6274.0,103.0,-668.912683549629,276.447099918458,1,3,2,2022,jng,0
2,1,7,8.018277267415941,390.9868018122265,660.2814832771489,0.21721500556118653,0.8336659315351902,5329.0,,70.0,239.21941589650572,285.1967368026328,2,5,0,2024,sup,0
5,2,3,7.988482911153351,378.72817739325853,438.4263318605622,0.2526250009291071,0.3,5919.0,5414.0,103.0,774.7655469213381,-321.9327203599859,1,3,1,2023,sup,1
5,4,14,9.274774584130377,413.6657797460512,784.4067704729248,0.25360661922897926,1.339852700668075,5641.0,6334.0,99.0,181.99916465748788,363.7301169579732,0,6,1,2024,top,1
1,3,6,8.159829372823856,420.58143712779287,470.93894573902315,0.21323655677523295,1.1645732333490295,5687.0,5740.0,82.0,-51.70730106562273,166.17024597872893,1,1,3,2023,mid,0
3,5,6,7.372801964868999,353.42206128359663,315.72901550432437,0.19447555229059524,1.5065997446183226,,6519.0,100.0,90.85709660908748,456.4886752832878,1,3,1,2024,jng,0
2,0,6,6.14470935893999,432.6817635923286,542.0487721112963,0.21858878076193902,0.9932068024137071,5548.0,6373.0,123.0,,62.05842496377409,4,0,0,2024,top,0
6,1,6,7.7950203726083105,447.52182589603535,643.2773775046857,0.3031361347095328,1.2236147111537843,5637.0,5729.0,,164.77063946188622,-0.07948189486496915,2,4,2,2022,jng,1
2,2,3,8.628569419159803,383.16381276781124,576.1422257482506,0.13852423142326586,1.5923268935336423,6119.0,5461.0,92.0,579.4477586078466,787.1646970993968,3,3,1,2024,mid,0
6,0,10,7.726277332221105,342.49227297799257,350.68070894097843,0.15037889262919202,1.119752928609401,4994.0,5512.0,,-309.77437117770376,-607.9464016960253,1,1,0,2024,mid,0
1,2,9,7.38212360470562,333.95091312678665,584.1162419961689,0.16582911347855417,1.2266616342253267,5881.0,7062.0,103.0,-540.5164667075846,-340.4739141819613,2,1,2,2024,jng,0
3,3,0,8.765599064628965,393.92626221182815,463.1102201451242,0.3689439645015787,1.3089909608082606,6810.0,6205.0,96.0,605.9827518497684,321.6293678231191,1,4,0,2023,jng,1
4,5,7,9.033563362910119,387.33614559095804,451.84211612964623,0.14654000372443562,1.805457491035737,5174.0,6602.0,95.0,-427.59289649426387,-464.4386316643266,1,3,1,2024,sup,0
5,2,5,8.047124809529391,344.41994048128237,667.8093159156961,0.19456507262426864,1.7049528538810053,5290.0,6427.0,131.0,,-178.3469416838143,3,4,4,2022,sup,0
5,3,10,7.628010126559786,380.4764484915821,676.1127085156708,0.18966830345347793,1.7678634576389367,5018.0,5149.0,117.0,622.3352102867591,157.7846342899383,2,3,2,2022,top,1
3,0,11,10.091544693727464,351.3551661946429,654.7398505660608,0.30374096935882877,0.5429617489294203,5277.0,6305.0,115.0,-614.7782793416126,-317.79489024893417,1,4,1,2024,top,0
4,6,4,7.736352050605008,400.19930251519014,642.1441780991341,0.2665671350311947,1.77913948302436,5035.0,5941.0,120.0,416.2434377592394,80.88159694730982,2,2,3,2022,sup,0
2,2,5,8.437200914995907,323.9943073385781,628.065571906639,0.3190752827581116,1.7804221940347806,6109.0,6117.0,119.0,37.29496572749059,241.11019692475458,0,0,1,2023,bot,0
2,5,6,5.895726918895445,340.79497028276836,656.5368806099116,0.2502338341141854,1.213846222048318,5267.0,5765.0,110.0,-463.9242191900182,329.05697454925746,2,1,1,2022,jng,0
4,1,12,7.7962870537210245,289.4942708353002,504.0824734941251,0.2543797254095264,1.8140356160947635,,5615.0,100.0,,-377.8831598981943,1,1,1,2023,mid,0
3,3,5,7.988619130731315,370.61363045774215,661.9786717366757,0.25018761147383106,1.5155671754373907,5933.0,5407.0,92.0,-164.89703880372485,562.8269580830992,2,4,1,2023,top,1
5,4,5,7.308537240545428,416.3170006834546,703.7062557742088,0.2522679276774909,1.61200105130364,6265.0,5656.0,129.0,-323.8647003581873,-465.8962144976199,1,1,4,2024,sup,1
4,0,8,7.981097059571715,373.2688315385741,448.9913551236617,0.24530449130154433,0.6623576398308941,,5999.0,99.0,434.6019806324278,39.69159126009447,2,0,1,2022,jng,1
5,1,7,7.534747848124478,340.2992685818081,575.1039338504767,0.3485252851677336,1.1310055735581115,6143.0,6267.0,97.0,480.6119205696531,181.2295994273525,2,3,0,2023,sup,1
3,1,7,7.018468165241436,471.9394433554771,407.13654309790525,0.19339159337080578,1.4608756029370382,5288.0,5369.0,114.0,-55.99100978966182,4.864302775117963,2,2,1,2024,mid,0
1,4,5,5.920536465082668,375.58277685503157,374.02494532515675,0.16375151196500787,1.3003684239048183,6855.0,6332.0,91.0,,-291.27090557752956,1,4,1,2024,sup,0
5,1,7,7.187956766055333,380.93710450436083,525.5599193675217,0.27924651149662494,1.7762875663111568,5991.0,6021.0,,788.8117644662092,-461.2724241024617,1,3,2,2024,mid,0
3,3,6,8.922042680900638,366.1860729738635,386.67258021878433,0.23922173116698833,1.4523258464728133,5326.0,6484.0,115.0,301.39748162285764,-250.03435361407708,2,4,3,2023,sup,1
6,2,7,8.689942858424741,377.6360298190408,649.1690279223019,0.2619906179298505,0.8252439779913999,5374.0,6100.0,90.0,-688.7027999822595,598.0124805103989,1,2,0,2022,jng,0
1,2,5,8.2358868072834,341.75973548684794,562.068981383696,0.2014076040969072,2.329853961738924,6454.0,5830.0,113.0,-494.4950700990116,,0,1,2,2022,top,0
0,4,12,9.349079379654151,406.6139613000828,545.3150320574671,0.19283803974228259,0.8402197679015485,5351.0,5911.0,101.0,468.5726623332655,-130.03594430772583,1,2,1,2024,jng,1
3,4,2,8.046115676471711,354.5765646101728,392.30713621661295,0.10531255768422404,1.5082077299827712,4876.0,5856.0,93.0,709.0349183842416,99.21060065710532,0,4,0,2022,top,0
2,2,5,6.932048803058908,424.0684149785587,653.7711489277981,0.2282468640045114,1.7616380772341766,,5865.0,109.0,987.7900180718962,562.2496850747702,0,2,1,2023,bot,1
3,0,5,6.758580205487239,392.00857281584246,532.373729030783,0.2580041540352158,1.9191436242076867,5989.0,5361.0,98.0,532.0628496370274,-77.78013195463697,0,6,1,2023,mid,0
8,2,5,6.796564789668462,348.83559936486034,526.2044696997052,0.19615126354108667,1.6937334565525555,5798.0,,76.0,318.8872104216913,-176.55987524716804,2,3,1,2024,sup,0
1,0,4,8.3898988304225,440.87113584633556,381.4137249951417,0.20037986607978875,1.5598305867104467,5259.0,6094.0,92.0,206.59078719118742,222.601620826157,1,4,0,2022,bot,1
3,2,9,9.278129133817208,351.1138086456359,684.7815247553768,0.2411508144155777,0.7855224974404211,6636.0,6807.0,75.0,612.1132286444195,246.17253464386852,1,4,5,2024,top,1
1,3,6,9.232037472218806,286.2676603869644,632.2591939742827,0.1583862752700719,1.9442698326213712,4327.0,,113.0,190.52661645685572,-448.41327735745654,0,1,1,2023,jng,0
2,1,8,8.649972177228042,446.1666243959951,494.650585397793,0.22668914717705768,1.1829848244218404,4956.0,6169.0,118.0,0.8217943987031191,26.22550991117238,1,4,0,2023,top,0
3,4,10,6.165046680708093,379.4803020346195,319.7993975089905,0.18185809468780192,2.1462508155254834,6272.0,6224.0,112.0,-423.25627025998426,32.711415355531656,6,1,1,2024,bot,0
3,4,3,8.233564272731398,355.00612230574814,422.25524192576495,0.0812816370971935,0.9615851114289382,5836.0,6764.0,91.0,-616.7285812134445,160.26519559903633,5,6,3,2024,top,0
1,1,4,7.848148580318063,248.20860438466644,610.1946346655265,0.10713102481287574,1.2533539733063785,5313.0,5563.0,97.0,390.3174693685586,72.04897918012671,2,3,0,2022,bot,0
2,2,6,7.1606171839413335,357.1715616084157,582.7795014555604,0.3077890221605272,1.2431335645401391,5699.0,5653.0,91.0,730.9146333804867,618.3960315585667,1,2,0,2024,jng,0
1,4,7,4.805737732257813,414.1286550614283,336.36604968625005,0.10083698891417324,1.1583056412053692,5723.0,5965.0,96.0,-390.465878073806,-459.3265185191841,1,7,0,2024,bot,0
2,3,4,8.13352607490587,344.5747169458503,607.2139449992403,0.07874923698720052,1.5227008784444833,,5328.0,93.0,-221.4472069166746,795.8596557376076,2,3,2,2022,mid,1
3,3,6,6.989321159114188,262.34124406774714,427.7608666894115,0.2701848538399342,1.8771212090844462,5757.0,6544.0,97.0,67.8918052256484,-133.29237530524688,1,1,1,2023,jng,0
1,2,8,8.688147577012348,418.10282690540794,478.05734007092383,0.1753996726334434,1.445345254787195,5435.0,6803.0,98.0,492.7257744747085,680.8242152908338,3,4,0,2023,top,0
2,4,10,7.614981511052396,349.8426408672103,500.94731488266734,0.23278825809730846,1.419441586660049,5217.0,5696.0,80.0,322.36902652124905,9.993582398814695,2,3,3,2024,sup,0
2,1,7,7.6368634173807965,313.8527942941016,605.7062768233764,0.31018638841779567,1.615653036091673,5680.0,5929.0,95.0,-347.6895187259778,213.41724592742145,3,4,1,2024,top,0
4,3,7,9.37585053267429,385.0458927831177,509.84878927567866,0.04996770748736942,2.1136554010153925,5728.0,5967.0,87.0,238.825695189295,-222.647131872601,3,0,1,2022,bot,1
3,1,9,7.93470346898509,369.6727994090567,758.1218359487519,0.10457997913056025,1.2092608915514709,7066.0,5340.0,122.0,69.45232454189167,687.0407098677802,1,3,0,2023,jng,1
4,5,9,9.886694628383564,342.08829427763567,294.7431224049366,0.11451163945510885,2.1435459918101305,7029.0,5844.0,104.0,,81.39876071984534,3,1,1,2023,jng,1
8,4,4,8.74739969284431,303.6352585827083,648.1889148311482,0.2544986754496662,1.3785614479765242,5231.0,7004.0,123.0,-126.33412693316492,-529.6311036956424,2,1,1,2022,mid,0
3,4,8,6.7876465586218355,348.71982803224125,613.50635720824,0.25958478316286604,2.4993464013495985,5874.0,5380.0,95.0,-681.2027735976021,74.35877758297036,2,4,1,2022,sup,0
4,4,5,7.508830505437933,340.88034571944115,726.8161323409613,0.15807087575643583,1.4798172372844114,,6533.0,92.0,,-169.03385276527,2,2,3,2024,sup,0
3,6,6,5.48425008381019,356.9773055565252,585.9696464667929,0.14371473428744175,1.9930568367903856,5636.0,6293.0,107.0,-13.298146417988136,-733.1572992775733,2,2,1,2024,jng,0
2,3,3,8.580719000522215,294.1325041641146,602.9331589525318,0.2762485055091486,1.5687401576497713,6858.0,5683.0,107.0,-293.81651695020065,79.80300284711194,2,2,0,2022,top,0
6,1,9,7.332702004812585,418.9502050494124,622.9250707376539,0.3947869736768891,1.3304985645773266,6019.0,5056.0,127.0,109.79490208702816,657.4281580836181,0,4,2,2024,jng,0
0,3,5,8.188055675226103,283.49113473807375,653.5749814049749,0.23412227411715936,1.0448620063465703,5880.0,5547.0,72.0,210.5534319941964,66.89304404361263,2,3,2,2024,jng,0
3,2,10,6.363254821291026,415.8300435082648,738.0359069320791,0.28271080466505705,1.143159013770355,6756.0,5829.0,,-120.28696219257878,13.92298800250908,1,4,2,2023,mid,0
3,5,13,6.937547850508641,363.1359789141543,542.3680119601759,0.1766780537671947,1.53241941643368,5509.0,6694.0,112.0,-622.1143054410536,54.228156415687366,0,3,2,2023,sup,0
3,3,5,8.97402964455723,386.39420672217295,416.97280956435304,0.237532174387673,1.6448385551761011,5337.0,5489.0,90.0,-34.43490188203333,,3,3,2,2023,jng,1
6,2,9,6.804415560220354,456.20193138404926,572.4131377952007,0.2522252859282251,2.336769308157854,4044.0,5745.0,96.0,-435.65706659602586,,0,4,1,2023,bot,1
3,1,12,6.344391267352848,405.15379316422127,433.9772994052972,0.21028118331489956,1.5581343499768279,5700.0,5313.0,108.0,-5.301564569654005,-233.9473811867375,2,2,0,2023,bot,0
4,4,10,7.495703262519731,422.8895426596562,770.3057399782623,0.21596580228933304,1.492865652661978,5205.0,5896.0,99.0,,,2,4,0,2024,bot,1
2,5,10,7.03205475214566,305.5590613498324,454.5702414884226,0.044241415388839966,1.325068189489133,5859.0,5812.0,126.0,669.7605346104351,-295.53981810453877,0,5,0,2023,bot,0
3,2,4,5.78823981404258,398.46780567579,480.55856665421055,0.23416896285193628,1.9516028909784606,5516.0,6966.0,93.0,-380.21523581064304,-755.5314224928459,2,4,2,2023,jng,0
4,3,5,5.495231993922839,396.0836974355328,442.5282034605683,0.2116738655174153,1.1968284673879737,5514.0,,,-24.91494000487618,0.7969997738094392,0,1,3,2024,jng,0
1,5,5,7.334203105567626,331.1048360240629,521.4800984199187,0.16702465731307753,1.742833656535405,5200.0,,92.0,348.12217936909246,-276.7160644719092,0,3,1,2023,top,0
1,2,2,8.169841931404157,448.2985093689124,530.7253369903101,0.06633044662456533,1.2272351213945807,4903.0,6042.0,95.0,232.6356365360881,-282.8585430879644,2,5,1,2023,top,0
4,5,7,8.839636709803735,386.8166817971312,631.4612356611904,0.26640582651329636,0.9215365852697117,5721.0,5585.0,,589.2113811743932,187.76600424363073,2,0,0,2024,bot,1
2,5,4,6.650710576665813,382.23946276080596,610.3850357047422,0.1273889671107803,1.0452829220818816,6093.0,5453.0,99.0,-284.47398430433964,,3,2,1,2023,sup,0
1,4,4,7.370051879659712,308.53993829324884,598.514708397867,0.2439957545512233,1.6886029672320064,6917.0,6438.0,93.0,320.44931584336877,79.15055954289954,2,4,1,2022,mid,0
3,2,8,7.430280685723241,407.886211544612,410.69466863984354,0.2555896255006634,1.2089929905506205,5499.0,4916.0,73.0,-268.0863802695708,294.02088361013887,2,3,1,2023,mid,0
3,5,4,7.297407864673492,371.94144237755916,463.59121412338186,0.10478082314582395,2.049505282747642,4608.0,5261.0,129.0,250.8020644190497,,1,0,1,2024,bot,0
2,2,3,7.971556476270626,434.6137086472144,668.8763021938412,0.2678104990086492,1.4538789850795804,6261.0,5793.0,101.0,108.79460335335749,-151.8555493079935,1,1,2,2023,bot,1
0,1,3,8.067155148468562,315.07349334607864,617.2407423354252,0.14187038919235073,1.1069546025530272,6119.0,6952.0,115.0,-41.24856682437278,314.68561578997907,1,8,1,2024,top,0
2,3,5,6.370187305979792,330.7150738653944,445.138239774154,0.2768608623454596,1.5099446519780753,5752.0,6367.0,,-40.08370313435957,-264.866688507181,1,1,1,2023,jng,0
3,7,2,7.319586299092719,450.85701911988684,409.4552638960559,0.07197948664299356,1.101072924851791,5937.0,4856.0,110.0,-514.8655199217555,63.80885063896623,1,0,5,2023,top,1
5,4,6,9.745558249331912,416.4188282099376,371.9448915326441,0.30480646805942546,1.6021512481825417,5430.0,6008.0,111.0,202.22025807900997,-128.88925185179608,0,5,2,2023,mid,0
2,2,5,7.878524626401829,330.7281639870723,427.41814210193144,0.2399152721869665,1.0265617313938271,5230.0,5897.0,133.0,-184.5375288667177,-128.8709050975845,3,3,2,2023,top,0
3,2,5,7.019450196242168,285.03636640956904,619.2050191329498,0.38503251414930295,0.7571451505129412,6378.0,5795.0,93.0,533.7001152305912,-338.24979463584793,1,2,0,2022,jng,0
5,3,5,7.884541464064232,369.2195027034708,474.3258576087368,0.12796232295738347,2.1937497424061885,6076.0,6287.0,99.0,358.17897965636655,,2,1,1,2023,top,1
3,2,4,8.079897070711844,394.6110335027083,746.3150586696677,0.07673335670942599,0.6281235328523509,5541.0,6455.0,110.0,-799.9261828676057,-868.8843436212629,2,7,1,2023,mid,1
2,1,5,7.307027769801637,321.1092345608878,530.2171758483133,0.1531370830059438,1.7506215650809311,6082.0,6270.0,78.0,,-29.16948680992775,1,3,1,2024,sup,0
3,5,5,9.269295085555084,391.04580218327624,656.5383550742853,0.14722413334947715,2.1929740216913585,5815.0,5602.0,96.0,1015.5070950543789,-66.63030232454713,3,1,1,2024,sup,1
3,2,10,5.406702055147503,417.02610580920566,437.408413459745,0.16215423085977365,1.2087690105304225,4969.0,6401.0,111.0,209.16114248241632,-196.51480994241282,2,1,3,2024,top,0
3,2,6,9.447359148948937,383.9319729586755,326.54257770185836,0.15545357761175876,1.4991840114889867,5557.0,6411.0,89.0,-0.9780089841510744,295.98412112055814,3,1,3,2023,bot,1
2,7,7,9.030129000309381,392.5197126840409,225.80441523749937,0.2541724516370147,1.730904528658545,5772.0,6171.0,122.0,-376.9124921428736,,2,2,3,2023,top,1
2,2,5,9.677165358389418,395.7956005843259,539.8354749008723,0.22649485345141923,1.7819026187001497,5151.0,,97.0,343.77625794118734,479.2493461236161,0,6,0,2024,top,1
5,1,6,8.954847216829684,472.70504697478174,530.0931360517056,0.3162356362075989,1.5072781746250903,4940.0,5732.0,81.0,-192.48793726218554,-31.05155056489795,2,4,2,2023,jng,1
7,2,12,9.037392842665895,392.38748410553177,726.1430142887239,0.3505592916485559,1.0410614525441606,6078.0,7082.0,74.0,-32.17604799472966,12.775721620434268,1,4,1,2022,bot,1
11,3,7,10.13229565064592,421.70535724371655,338.31022775992676,0.24475110130144656,0.8376486526626981,5286.0,6651.0,70.0,-204.55116228064514,509.26979046046483,1,5,1,2023,top,1
3,3,7,7.828140715120845,271.3614848404952,491.03563450118486,0.21838590766103336,1.493883897679025,5421.0,,100.0,-739.1396423835886,,0,3,1,2022,mid,0
2,1,3,7.1655790624739515,390.7659582908202,700.3328527003434,0.20798643467543318,0.85288333131342,6819.0,5577.0,97.0,-41.41251351521084,81.48551160467576,3,2,1,2024,bot,0
2,2,2,8.297047234606126,335.27673029031104,706.0556300186481,0.24646268747576305,0.9811525292757863,5325.0,7565.0,89.0,-85.31233842161143,567.2742950425452,2,3,1,2022,top,0
3,2,7,7.3664807111174815,399.65163170421914,587.7846298264323,0.263034619551998,1.649241072061392,5942.0,5659.0,103.0,868.3467529842244,132.2306266979994,1,2,1,2022,top,1
2,3,8,7.154908923256034,269.49137579191995,285.8506473598029,0.3251575840573953,1.1740063863327803,4844.0,6830.0,96.0,167.58497398536923,-111.0714407120397,4,2,1,2022,jng,0
4,3,4,5.163552063960468,488.5538803471068,502.7510842791955,0.27036927925704607,1.6951944109914776,4753.0,5285.0,118.0,-544.6487293332834,-386.27852068239997,3,4,3,2022,top,0
2,3,6,7.005313119078675,413.5944249713436,487.4107088824345,0.34817351070171454,2.0640741006615344,6315.0,5896.0,68.0,1096.3063421873053,,1,3,2,2024,top,1
2,2,4,8.036267883817223,342.4153096489889,403.47327330793485,0.08428639782278657,1.3977180255916848,8336.0,6196.0,99.0,-412.1177068207196,-222.28707106592572,2,2,1,2022,top,1
1,0,4,9.15127797891717,369.40763167683383,551.7788257117287,0.20840244321305262,1.47489099680795,5041.0,6536.0,113.0,-4.309920993853794,,3,4,0,2022,sup,0
2,0,9,6.480808533029417,360.55888190751904,705.4494537460274,0.1875387947083006,0.9726585491191311,6247.0,7524.0,96.0,-258.4177363988558,-263.6761576360557,1,2,2,2023,mid,0
6,1,6,8.318133730016166,367.90539385761326,393.0355429029521,0.24126475031623043,1.6687818853567489,5237.0,6301.0,98.0,-332.9630760087325,364.14843741847943,0,1,3,2024,sup,0
6,1,10,8.48711728363188,352.2401999835875,601.0842597651031,0.2861787204523559,1.770619961904094,6195.0,6170.0,121.0,423.0986671945838,-339.9842358019975,1,3,2,2024,sup,0
6,5,4,7.512367158028131,367.72603301715793,543.8677577243184,0.08940169813535262,1.5884246683047953,6576.0,6263.0,123.0,-83.59352453025664,,2,3,2,2022,top,0
1,2,9,8.76521240087183,389.04034876502106,451.6968900508607,0.2810490125014392,0.6298928925433952,4656.0,5498.0,99.0,345.64751169413705,1087.8294147783477,2,1,2,2024,jng,1
1,2,10,9.467470497743568,314.200780108771,440.08866907794123,0.15051673101545168,2.244970634588643,5732.0,5917.0,83.0,43.23780170856057,300.3497012078696,1,2,2,2023,top,0
4,4,8,9.055330603149402,310.3281999430778,538.3871847935088,0.17517810609553294,1.2567206353045406,5920.0,7196.0,83.0,-36.484677279554425,-289.8141301549207,1,4,0,2024,top,0
0,3,8,11.190625212009039,424.3999986682798,643.4977283493381,0.3075445575224941,1.05682854844394,6432.0,6208.0,101.0,306.6930296924735,299.7120253012341,3,2,0,2022,bot,1
4,1,7,7.51892082861012,323.3684346147515,611.3770320599369,0.24149289461273515,1.3867129561778686,5697.0,6236.0,109.0,236.42290835514393,-350.7597312836756,2,1,1,2024,top,0
3,4,8,7.896505319988507,396.4395193909069,597.0071821980738,0.3694163870754854,1.2505127490405494,6693.0,6052.0,95.0,179.77330996389298,463.51771320685305,1,4,2,2023,sup,0
1,1,4,8.105173579592925,304.12003919008504,551.9790296448807,0.09922065217386272,1.4712411237548484,6010.0,,108.0,-816.990008662322,-672.2756414122227,3,1,2,2024,bot,0
6,2,7,6.506530237773286,335.87423703828836,776.9117919133628,0.21493287659320884,1.7958772217149772,5575.0,6406.0,108.0,81.97461678144174,-409.0430639129791,3,7,0,2024,bot,0
4,4,9,8.859281612893502,369.49537201579705,644.250509664311,0.31739710093445367,1.4297644425388254,,6320.0,108.0,912.2271397012165,50.99727503061624,3,3,0,2022,bot,0
3,2,4,7.0890621814818795,432.6459699257178,495.9037431164415,0.2995823262271886,1.0891852790074945,6398.0,6118.0,98.0,-554.3400323436919,22.904584406411047,2,2,1,2024,sup,1
2,3,8,10.038619990257219,404.5756956624198,421.66962766744376,0.26693792837552643,1.6787731048461114,5800.0,5732.0,80.0,199.42004259065368,1087.6555419044435,3,2,1,2022,mid,0
4,3,8,7.732910551984482,262.14737884334465,666.7481244878023,0.27453819327677276,1.627407428243926,5186.0,,120.0,191.28122320552762,-622.94887528656,3,1,1,2024,top,0
0,7,11,7.734995999764528,405.6723133962952,359.6120112931898,0.172579689774229,1.0214836397196367,5502.0,5615.0,104.0,-386.28196727973466,-472.88062428669673,1,1,0,2024,jng,1
4,5,7,10.16526926932198,407.6764937225881,668.3179420757103,0.20032824642949343,1.5117869098645953,6126.0,6540.0,99.0,65.88856071408617,-193.63695184779334,2,2,0,2024,bot,1
3,2,7,5.514991832789816,389.4476627461191,679.7630407172446,0.3682962685260147,0.723586013448196,6033.0,5879.0,109.0,-603.6815957144131,,0,4,2,2023,sup,0
4,3,5,7.868497526076735,411.7289685843563,305.4048828411154,0.21754086393487038,1.332030842557692,5233.0,5174.0,120.0,,291.7503879782537,5,3,1,2024,top,1
4,2,4,8.288951395518806,436.10640075240684,548.6594671636221,0.3565490237419491,0.3,4533.0,5481.0,70.0,71.85357612870789,743.4257079531988,1,2,4,2024,bot,1
1,4,5,6.728864879481615,390.45194052734246,713.6387618100341,0.11143993828690393,0.8335362493887236,6551.0,5886.0,94.0,575.9385903573732,-731.5194079611125,1,3,2,2022,jng,1
4,5,7,8.458725860857486,326.66442307744205,612.1656093649075,0.24449404886501844,1.495912012848784,6721.0,6966.0,90.0,-400.7379672235295,-367.9856938194684,2,3,0,2022,top,0
1,1,8,8.097425056227927,430.46275311240197,476.0433695017821,0.20947851663044173,1.27212363397341,5458.0,5428.0,74.0,-480.5537949049768,-202.2883576489907,1,7,0,2023,bot,1
4,2,2,5.994136434451496,305.7312598873692,533.0335046116786,0.17453930260181863,0.7438950592165394,6142.0,7017.0,123.0,-224.54801086447432,-73.38638840812614,1,1,0,2022,top,0
6,1,11,7.704433220419175,355.5519899201475,316.8043431488368,0.26627769540813934,1.4746622980831163,6020.0,5067.0,106.0,-563.1492000671744,-362.0741749653254,0,2,2,2023,bot,0
5,3,7,7.281869436423199,375.01445908638703,549.0260093312163,0.3181460440543329,1.5527964166666375,6765.0,5630.0,,-403.0925385980001,-178.73443970549658,0,2,1,2023,bot,0
4,2,7,8.260566708937853,446.9264287978084,506.3875417405467,0.2847115963225036,1.1834299459604363,5822.0,5896.0,80.0,-56.418088867064824,-320.99235703628443,0,2,0,2023,bot,1
6,2,4,8.290773427371827,413.7464671642382,599.688154135283,0.29421879865327566,1.3751965407758482,,7046.0,107.0,-115.97318098333034,406.473436978181,1,1,2,2023,mid,1
1,2,6,8.142918624781199,369.4186291531844,625.6703290257673,0.21944833480927575,1.493516350863708,6466.0,6864.0,123.0,-561.2126322159774,-366.25420516365307,1,4,1,2024,jng,1
3,0,4,9.138962111677062,418.9105793541345,480.0680542593617,0.20054364564186236,1.2092658417199755,6176.0,6159.0,70.0,-72.42735501161276,155.20971758186644,2,0,1,2022,sup,0
5,1,7,6.513458320842268,383.53094463084426,638.313723456464,0.3490694354935419,0.7787853766347018,5130.0,6155.0,124.0,-369.78164177877267,-166.6320312829887,1,1,1,2024,bot,0
3,2,5,8.114226455708701,315.69849546677335,569.407579860669,0.2651140307866454,2.2292576905849595,5605.0,5390.0,106.0,-21.590835386923516,-228.01697665127722,0,5,2,2023,sup,1
4,1,3,6.0769558282143015,323.8299651280185,564.9429001111824,0.2564411033851036,1.930451858429521,5982.0,6245.0,100.0,,118.24213030053963,3,2,0,2023,sup,0
3,2,7,6.107222730786997,395.62685189617724,822.9027986010178,0.22999600620697194,1.3959876708717402,5472.0,,113.0,384.163427042816,156.11725476581233,1,1,1,2023,bot,1
3,2,5,6.726996032521481,344.23174724913935,512.1841065301995,0.3061945017735134,1.3021521929613349,4197.0,,85.0,-1168.8690225292987,170.74742204255554,1,2,1,2024,mid,0
5,3,4,6.574133979521183,333.82253965090484,453.95441193614204,0.29668729943963384,1.3199504074054949,5270.0,6158.0,137.0,259.9577415337718,,0,0,1,2022,sup,0
4,0,4,8.427029592352723,326.4131797461888,320.83645873591274,0.21680104510768775,0.883297798537004,5604.0,6217.0,80.0,-455.6760798949485,29.387895424890317,0,0,1,2022,jng,0
1,4,6,7.830452095824414,429.02693561233474,428.90150875483255,0.31638266275273,1.248354553874528,5850.0,5890.0,85.0,-229.60964398566043,172.85831746449026,1,6,0,2023,mid,0
4,4,3,7.511966783372686,318.6145170187828,791.5542217166792,0.2558832327480863,1.7606115892647107,4676.0,5768.0,103.0,236.3001957348879,-332.85798637618336,0,4,1,2023,jng,0
2,1,6,7.779190941452113,346.13805665331955,487.38234530126704,0.19683358139312399,0.7449042766397422,,4891.0,74.0,11.519284594235359,22.329820839053397,2,5,1,2022,mid,0
2,4,8,6.403945469514999,357.75778578540354,608.03787838524,0.29193838770301483,1.4255012800917528,6543.0,6244.0,102.0,-352.3489066654826,208.35325880608076,0,3,1,2023,mid,0
2,2,9,6.691439056340205,396.81877303078704,454.74628274392023,0.22561940329116212,1.4135946143942626,7172.0,6376.0,,-668.0456282983956,,0,1,0,2022,top,0
2,1,8,6.7121950179438,461.6591613349899,401.2351455925117,0.22426848260189375,1.950780252454718,6569.0,6414.0,,-282.7042950221995,-260.4743784393767,1,5,1,2024,bot,0
2,1,6,6.412073983843865,403.35336566187175,427.2090067099132,0.4010039559855453,1.00689795057273,5554.0,6387.0,104.0,-93.87432906581753,,4,1,1,2024,sup,0
0,4,4,8.232414077256067,456.61112846273335,578.8637325622627,0.24312041520156275,1.3655402528771503,5859.0,5757.0,124.0,,242.6411479151931,2,1,1,2023,sup,1
4,2,4,7.510260106409055,387.38728326053854,548.8664143238311,0.21949099758471996,1.5557338994965768,6657.0,5942.0,104.0,-225.07471194589797,690.1464425566405,0,0,3,2024,top,0
2,4,8,7.64572697786778,393.4026783613664,463.8363430506614,0.19436122144908893,2.032848388355894,5998.0,5285.0,118.0,1131.3669271445146,-213.52612872127656,1,5,1,2024,sup,1
4,0,7,8.218645557715254,320.57516830242946,729.0162059670538,0.23771135666157014,1.5047456586314834,5023.0,6112.0,81.0,144.49059730015009,107.13637645421522,8,2,2,2022,bot,0
4,1,10,9.739296609478558,312.3983446556096,539.4763781093167,0.08297184101035959,1.0270797322900709,4845.0,5858.0,68.0,620.7456229882221,-27.199678392646856,3,4,4,2022,sup,0
1,4,2,6.867127543328031,421.2110084161883,405.8924723478289,0.1652542523690341,1.6456442983664374,5656.0,6536.0,104.0,-258.64837961968783,-55.876951831727524,4,5,1,2024,bot,1
3,3,3,8.858539847469931,337.57670699951444,626.5218985802659,0.21265815087740303,0.7123473134257595,5422.0,6893.0,92.0,-234.39882735856293,-250.3032216668124,5,2,1,2023,bot,0
2,3,6,6.422707969145591,303.5053710957385,547.6739135276853,0.16261468760328662,0.8208949529572178,4571.0,,113.0,-146.42544208499294,,1,2,0,2024,mid,1
5,1,5,9.521541718883409,382.70424578529827,318.39800665841057,0.32085011245100076,0.9692685157638783,5777.0,5992.0,90.0,516.3025743366916,567.3235680141906,2,3,0,2022,mid,1
4,3,4,5.548899211933479,321.0515727958662,548.3295978444575,0.10261425797983023,1.5376986267770743,6042.0,6004.0,111.0,45.46533061675031,,1,5,1,2023,bot,0
0,1,6,7.391042874957514,295.59784111163856,478.2545580342332,0.36344797653543504,2.347176470646078,7145.0,5823.0,,-333.1553402606619,-17.45997758456017,0,2,1,2022,jng,0
1,0,5,11.234027779490306,349.9838933495826,345.96907783794785,0.2449093239877689,1.019538287386735,5766.0,6701.0,84.0,153.20853321618944,-217.89257611469995,0,5,4,2024,jng,0
2,3,4,7.237164475454889,392.81306967805415,550.2711012620795,0.3461878622420968,1.0100448272083555,5414.0,6339.0,101.0,-415.2569236909069,121.03242487777777,2,2,1,2024,sup,0
4,2,5,9.828975496675058,322.91959336889386,428.9483233847879,0.1464228401359427,0.9407149110182789,6055.0,6290.0,,764.1895943496612,-185.1486642195572,0,2,0,2023,mid,1
2,4,6,6.966032145602616,424.00227985866803,550.7131663484031,0.2799037950627037,1.1352211389662674,5117.0,5785.0,102.0,215.6482706951286,-91.92007244903434,0,4,0,2022,sup,0
2,2,6,8.835468067726625,411.677958616613,440.13766860777434,0.20398583711032006,1.5564419885516343,6709.0,6149.0,89.0,-339.3722184307617,954.163884138765,1,2,1,2024,jng,1
1,5,4,7.632699076742836,354.9337759488178,518.3727948867594,0.29649439750991474,1.0552478589269811,,5569.0,96.0,-795.2575906294334,116.59270004745181,1,4,0,2024,mid,0
4,2,8,5.739878536675631,352.1297388787465,558.4984836470768,0.12205749330992124,1.447586928413175,7076.0,6711.0,99.0,641.1857786765931,301.62196901288166,1,2,0,2023,jng,0
4,1,10,7.423092160268499,428.52367773811153,326.0008540685184,0.19581185719075345,1.7682633551302325,4848.0,5868.0,113.0,670.9135528236335,197.278810425475,2,2,1,2023,sup,0
4,4,5,9.113075142807112,430.6126445117923,761.5661714364336,0.35830224157984825,1.705352718382122,6423.0,6154.0,109.0,572.584723057104,193.6662245918024,0,4,0,2023,sup,0
1,2,3,6.4324232571896385,318.1331244761973,525.8069332345462,0.26940939868838853,1.1984269847481668,5627.0,5312.0,114.0,177.56936914650998,240.95952756297373,2,0,0,2022,bot,0
1,3,6,8.307499105253902,397.12072893377064,514.8883872695639,0.32102587139657424,1.3192750591408633,5686.0,6171.0,114.0,26.02101603267488,76.19243790791958,2,2,1,2024,sup,0
2,3,9,8.500465451320753,339.82606988049037,526.4272308636943,0.2504397557598146,0.8805215458102469,6001.0,6577.0,96.0,-260.0466584576287,153.14426106076388,0,1,1,2024,bot,0
3,2,5,5.385728390229793,413.27561038106023,417.6694262336973,0.09885851824991379,1.4196509690479933,5504.0,5832.0,,-516.9667235714974,25.366852586856893,0,0,0,2022,mid,0
5,4,6,8.5935415525478,333.68880208948576,617.19551139153,0.3040078437827716,1.7554457835597446,5675.0,6079.0,124.0,610.748955448073,840.7171268755242,6,2,1,2022,bot,1
1,3,6,6.976755322072986,342.61400639594603,422.92724736812505,0.26548635832267364,1.5427496139638912,5735.0,6024.0,115.0,-67.3409175137109,-464.3417620680717,2,2,0,2022,sup,1
0,2,10,7.967366408056115,381.90363249219473,486.4854590785635,0.05293188691820652,1.0967304490205345,6272.0,6321.0,97.0,696.2039556692724,220.39410748288327,1,3,1,2022,top,1
3,5,4,8.053531061364824,389.30782408283585,530.804579207469,0.23454851774289046,1.4194563740228192,5744.0,5388.0,94.0,383.7160261106062,84.05139525108817,1,2,4,2023,sup,1
1,5,6,9.243956752791378,374.23374248562715,465.60040532762156,0.25510969373561426,1.205325896064926,4354.0,6443.0,134.0,502.70544306105745,573.3745405676087,3,4,1,2022,mid,1
4,2,6,8.634545171020942,449.69050020454483,609.0768909237073,0.2529180585083842,2.0482822215631167,5249.0,5245.0,128.0,-373.6683620801723,255.83220428621846,0,3,2,2022,mid,1
5,3,10,8.216696455054798,432.09868751445305,330.45733756987426,0.23045071433265796,1.2489908434442776,5820.0,,90.0,-457.0343452129592,516.5572541166163,1,4,3,2023,sup,0
1,0,7,6.392921533780364,394.42484129037064,369.5641750136375,0.1328241552964638,1.0824917691828262,5557.0,6310.0,117.0,456.3561150847162,,3,4,1,2022,mid,0
1,4,7,9.08121963621525,353.68712244707217,729.6300215449875,0.2399523992498679,1.1067784026262002,5945.0,,101.0,496.58953544813596,49.33284525192067,1,2,1,2023,mid,0
3,3,6,8.605174275665302,418.0159630609638,455.6305586840404,0.2857073162096797,1.3279895168274316,5629.0,5738.0,116.0,467.3761908549444,-53.31390185168532,0,2,1,2023,jng,0
3,0,6,7.984802135133803,278.92163807571495,459.43168403045036,0.2913991863829948,1.3107535935972237,6073.0,5253.0,78.0,-90.51148423141193,257.2144398971927,0,2,0,2023,mid,0
4,0,8,8.414256814353205,274.9978256246397,491.83126714889016,0.26285237915963755,1.78662085600082,6138.0,5628.0,101.0,248.23780844291355,137.9363448752165,3,5,1,2024,top,0
2,8,2,8.247041539981437,364.9983174091042,465.85371470430346,0.14266761819232934,1.1398908951027658,4932.0,4796.0,100.0,43.93130041921671,-579.1260638006215,0,0,0,2023,jng,0
4,2,2,6.504601099718686,428.7623790023355,631.3269077923101,0.10470259427127573,1.4595507179289118,6082.0,6693.0,96.0,-556.7932587610865,248.46410907338196,3,6,0,2023,mid,0
3,2,6,8.798308124656483,427.6228513569302,751.4817950035148,0.11086356609119988,1.7104275036098782,6767.0,5931.0,73.0,189.110922482119,,0,2,1,2022,mid,1
3,1,4,9.57071107649763,360.3693807688333,679.3494775315647,0.16995607840232319,0.8392776326341738,5399.0,6037.0,109.0,12.513053411857584,251.3458447852823,5,1,1,2023,mid,1
4,4,5,7.224423421843414,396.6919843533193,441.2043617001787,0.30288830877103956,1.1252129183276625,4444.0,5325.0,91.0,516.8742338888193,600.4047894228638,1,2,1,2024,bot,0
4,2,6,7.1663482785043655,421.8486717252912,653.8968581582436,0.32138960395180394,0.4621502808273754,6318.0,6475.0,109.0,-43.36419987869292,-47.01829703340425,1,0,1,2022,mid,0
2,7,5,8.853998985592101,400.6933540133325,320.28110949815937,0.196265228459506,1.4902569360842814,6053.0,5438.0,118.0,,-147.11669268945943,1,4,2,2022,bot,0
4,0,13,7.82512912853752,315.33185620693496,509.5999019022769,0.18925223254949228,0.8263864808252116,5786.0,6206.0,102.0,163.77262503096253,,1,1,1,2022,bot,1
4,3,7,7.234426513862612,331.68873801226243,414.32793688012885,0.36912304195493145,1.456563970282447,4863.0,5882.0,102.0,888.1997456625469,-245.25067031530978,0,0,2,2023,jng,0
3,3,7,7.431965425564542,351.0271330453095,801.8628264091362,0.19274123281999772,0.8242933451097169,6696.0,6546.0,,267.1775796868258,-203.29049198548444,0,1,1,2024,jng,1
1,6,4,9.298023244181497,348.4955805166675,492.5639374652769,0.1321218611985361,0.9228998260494475,5626.0,6270.0,106.0,,299.12563345596857,3,4,0,2024,sup,1
2,5,4,8.01801793779448,422.87590729998493,527.0756150698545,0.23009492707991214,1.8632564823706217,6578.0,5309.0,68.0,277.29611865490824,144.17874913003374,1,2,2,2023,mid,1
3,2,7,6.066612077111247,394.19694623120944,384.3108615713277,0.21718853430080387,0.6040720205426794,5710.0,5920.0,103.0,372.75650334416173,544.093709037197,0,1,1,2022,jng,1
4,4,7,6.811610004072229,321.60525126521856,560.3343912374075,0.24037657505104798,1.1680835094213673,5904.0,6004.0,101.0,41.03074089623816,149.32323635493137,2,2,1,2023,mid,0
3,2,6,7.265915695103053,441.63081619933024,388.6094999745791,0.40798081533309916,1.7543893733772575,6291.0,5568.0,94.0,605.7803467110641,170.06830079666156,2,4,1,2023,sup,1
6,1,6,5.10787863340167,364.3331087964059,534.4145956498515,0.38617813521937294,0.9758403799445792,6268.0,5970.0,118.0,-241.6906776416846,270.45867187068006,3,4,1,2024,bot,0
4,2,6,6.480783977366233,344.8462936850502,530.766535952918,0.2913227880352583,1.5807495919223777,5073.0,6185.0,103.0,38.55748662975225,-208.79242356098212,0,3,0,2022,jng,0
0,5,3,7.5883091463893795,409.3264960332877,643.3893383923029,0.32205944036930284,1.070177680457429,5145.0,6199.0,88.0,76.20021021634628,204.64795012891108,2,4,2,2024,sup,1
3,2,10,7.198593095358095,327.25647336549747,473.8300980771204,0.1257683605452212,1.8573970582861068,5460.0,5939.0,110.0,272.9678837785498,374.14392048224266,2,2,0,2023,top,0
4,4,6,9.404794133225895,433.45538577057397,621.621163200589,0.2209282716248881,0.9808109736332684,6164.0,5450.0,104.0,-240.81283845217723,-174.81056803979118,0,2,1,2024,top,1
1,3,5,8.20597418272794,348.9738712142237,464.08948930371844,0.2773617525682765,1.659085230495984,6154.0,5295.0,94.0,422.1474118000748,118.72898643738957,6,7,1,2023,top,1
3,3,6,9.387784950162704,383.14383405378555,404.8933821850398,0.09311054406700914,1.1153969206899128,5606.0,6214.0,83.0,395.2913451893209,463.72451819137143,2,2,0,2024,sup,1
3,3,6,8.332718122798246,361.4697316457834,276.07994979449893,0.2577548367443381,0.8295448625192013,5742.0,6524.0,85.0,-4.539068432782486,,1,0,2,2023,mid,0
2,2,4,9.20818547241447,428.14482750667474,507.9500069955037,0.2617189647275076,1.463315458976809,6886.0,5427.0,103.0,-338.64932260481464,269.88443296744197,3,1,3,2022,jng,1
2,2,3,7.896333850180167,338.28461611181064,498.44461656276775,0.2541674497644523,1.1288988636058914,5739.0,5843.0,,-601.8374697519457,162.37251483311434,1,1,1,2022,sup,0
2,2,6,8.90906786203805,394.01499246591214,432.6648091296793,0.2546973400743408,1.2128544185867185,5677.0,6704.0,90.0,347.53311701005816,-281.34332968695674,0,0,1,2023,bot,1
6,2,4,8.56087956680138,378.75242258638673,483.9034302082474,0.1749629062550039,1.6821403026926505,5519.0,5833.0,105.0,,-393.6877680709607,2,1,0,2024,top,0
9,3,2,7.418605757865613,390.3629338002648,644.3590407017059,0.24741220825839072,1.631137056498296,4657.0,5620.0,107.0,-379.2316228211739,-41.68167706141395,2,2,1,2023,top,1
6,2,7,8.662537611827414,378.1316418034142,730.95826183961,0.1623242816326851,1.7690446841732967,6133.0,5892.0,115.0,-25.082699739678986,-132.2132771213323,5,1,2,2023,bot,1
2,5,9,7.152453656280745,375.6817787757679,636.3370783958622,0.17658553784144002,1.5167123887749279,6344.0,5781.0,,-455.2196416654069,385.7950342002726,2,3,1,2024,sup,0
2,5,5,9.292140834298317,356.9257274742854,459.65277216328286,0.2099608759459145,0.9434145779355827,4879.0,5799.0,119.0,-544.877948913056,-109.57317757016204,1,3,0,2024,jng,1
4,0,3,8.90081157777782,404.019013592468,515.9615031408532,0.3398226090093772,1.3496682736086996,6948.0,5637.0,76.0,-562.4068296843002,-263.3340231491675,0,5,0,2023,jng,0
4,3,3,6.360072105773809,299.49093332678655,651.3786886224917,0.1424266851437372,0.8170779368682771,,6089.0,100.0,561.6193689889376,-606.5383398983645,1,3,0,2022,top,0
5,4,5,8.656704019005414,320.9701350779213,734.4583604569536,0.4023113484235967,2.0269163921135016,5784.0,5597.0,86.0,158.61611408979786,799.8510169208466,0,2,1,2024,jng,1
6,4,6,8.40086609089753,375.80474340407204,376.37989447806,0.26586126838643204,0.9546244391475941,5896.0,5341.0,133.0,298.6608655891132,-268.37916468398186,3,2,1,2023,bot,0
3,1,7,6.988464770306067,338.03582886459924,623.3461890642872,0.196133483275033,1.2922381074315445,5847.0,5732.0,61.0,-340.9502017165418,,1,6,2,2023,top,0
3,0,8,8.807944142835042,403.84160863321796,580.3348881387819,0.11390148632468415,1.1616751439449697,6483.0,6493.0,88.0,357.31236107970756,-26.206230195255756,1,1,0,2024,bot,1
1,0,2,7.919431129446531,448.4259573157034,385.64869161326226,0.18514925005320518,0.3,6056.0,5766.0,99.0,467.163985376142,12.213910453141352,0,2,1,2023,top,0
3,4,6,9.009402660157958,396.72044637686116,374.11707306523124,0.23573348719215803,1.3428384286597517,5485.0,5406.0,105.0,94.8580637710878,264.1111679839074,1,1,2,2024,sup,1
2,4,4,7.013017836245579,286.15221368037123,812.7809082062394,0.1365762320451559,0.4414632827929421,5502.0,6156.0,91.0,216.45694800260912,-102.72905822471478,2,4,1,2024,sup,0
4,2,12,7.437961176356955,331.18450581787846,550.8231398907519,0.14830422964193257,1.8624011558184994,5601.0,6367.0,108.0,239.2173829933716,-150.80654814115445,0,2,0,2022,sup,0
1,7,4,6.226953441837628,306.6872056674766,636.7278961466768,0.24205464878848026,0.97044826464843,5580.0,4700.0,100.0,-254.4739111501937,-379.3815424643899,1,2,1,2023,jng,0
2,3,2,7.137657738775899,268.03428052439557,567.9444189127912,0.29053930598359495,1.637378482961716,5464.0,5889.0,120.0,53.808984379544825,-747.5732987392738,1,4,0,2022,top,0
2,1,7,8.214560555105582,346.82197030489766,689.7702130594739,0.35173923990072753,1.023512840967914,,6134.0,,-353.5973563385977,,5,2,1,2024,sup,0
4,3,9,9.137291329693927,397.2643887056006,481.67138103394143,0.32076296321223324,1.0272908450708427,6635.0,6652.0,120.0,510.4647633306363,-544.733294783267,3,2,2,2024,bot,1
3,1,3,9.768588626001184,318.6769269264305,578.7214325585472,0.17042802727119288,1.0702250544709566,5774.0,6347.0,99.0,-86.59425630611736,-548.4214440760966,3,4,3,2023,mid,1
3,2,14,6.692337100426216,269.68315802632713,453.9357960726472,0.20151789955211677,0.875459339654579,5827.0,6180.0,95.0,-663.0085194590495,60.91571512094909,0,4,1,2024,sup,0
5,0,9,7.689278203622834,355.4895716207868,517.2959122219027,0.2987926406771139,2.0176358291091003,6184.0,6111.0,101.0,23.778054154360944,-370.4648207867081,0,5,2,2024,bot,1
3,5,9,7.879244136120352,333.3786302118843,629.4765767519496,0.23363920123536325,1.2912647055327582,5906.0,6992.0,82.0,9.811036680658432,-761.3698998450411,3,1,1,2024,jng,0
4,3,8,8.335154798296502,380.82306081392545,690.6137601767659,0.23004026395183166,2.143893459239795,5363.0,6441.0,86.0,284.7012825846805,140.09925083937466,1,2,3,2023,mid,1
5,2,8,10.695718787332057,413.6819175036273,410.57580918755997,0.0706056306554016,1.1416209904202876,4526.0,6062.0,101.0,-85.34927932479934,-286.8878745743989,3,2,0,2024,bot,1
7,4,12,7.755040187452334,447.15456944959385,448.206365749877,0.17472981204587526,1.6773589469544656,4798.0,6337.0,90.0,376.8730041053466,342.3146561975446,1,3,1,2023,mid,1
4,6,4,7.091357003555906,408.8469606870029,576.1193652328586,0.32609602869522175,1.241691051346092,6080.0,6488.0,61.0,,288.1249428180839,2,3,0,2023,mid,1
5,2,7,9.30719937861195,347.836237059481,413.47612979022256,0.2175195022443005,1.1268929989117742,6082.0,5661.0,82.0,132.29430101683835,-2.8756906882808266,0,3,1,2022,sup,0
2,1,7,6.501047802930761,416.7145015348975,415.57614772018246,0.23581166997330102,1.6279687514329735,6080.0,5214.0,96.0,83.21934920823429,,1,4,2,2023,sup,0
2,4,5,8.310359803862736,378.3809064811997,625.2229124739229,0.24353042654529777,2.014080766513269,6711.0,6406.0,119.0,441.3007772059143,368.11782692086354,0,6,1,2023,jng,0
1,1,2,7.650428640073255,370.46227023785616,524.1359885233454,0.2951839828836563,0.922271269916743,6652.0,5912.0,111.0,377.13587524993875,-382.63091181494667,0,2,0,2024,bot,1
1,2,15,9.376778100596548,374.3634078919841,218.66623634925503,0.30208443885764874,0.7510981824640026,6034.0,6670.0,93.0,-8.44519282768276,173.5659812450895,2,3,3,2023,bot,0
1,3,8,7.92519052161758,402.3322970957426,365.14230654648316,0.14443626428989445,1.7167941421235535,5980.0,6671.0,134.0,278.3253156271904,384.9096372644771,2,3,0,2024,bot,0
1,2,7,9.435585988605323,338.05559389877766,450.2223068265034,0.22761680104086202,2.0528622353394326,7179.0,6015.0,99.0,-357.7089531377175,216.98044755259548,3,2,1,2023,mid,0
3,0,6,7.392731923408649,347.50487107793316,302.4301362042922,0.17990096255700577,1.435529937790552,6574.0,,87.0,-533.2804461075209,101.34095836688107,0,4,2,2022,jng,0
2,2,4,6.519102822693521,394.9040888192309,531.3147275788328,0.2153396878985643,1.3075425188975889,6368.0,5971.0,97.0,-245.03977906886885,,2,1,0,2022,top,0
3,3,4,6.9765536353860655,330.8030843377136,545.7754738960094,0.2762983332941243,1.5753418756902988,6442.0,5574.0,,432.2268572560222,-682.5625637130977,0,1,1,2022,mid,0
2,3,9,8.964034148530542,330.7499593371946,476.447474414962,0.1251859923179205,1.5487774107499845,5436.0,5724.0,91.0,268.930394252658,102.8097953381531,3,4,2,2024,sup,0
5,0,5,6.636976019254643,331.6199208723774,692.3622822359146,0.2625958868268948,1.6915982809611956,5609.0,5676.0,,521.1601502307883,124.78809018616369,1,3,0,2023,mid,0
4,0,8,7.735180903692308,297.80335993470123,477.1831385751376,0.26166663029447235,0.9285497804497866,6864.0,6252.0,114.0,294.83768704321506,-240.06039556714958,2,1,1,2024,mid,0
2,3,3,7.5154281529657645,310.3404164902503,457.4626606714634,0.2611075503281667,1.338870968373693,,5656.0,,-43.40308536391841,-578.108117546114,1,2,0,2022,top,0
6,3,5,5.780990357160609,400.96018447529275,548.5003905149574,0.16019718168077862,1.9181122755255813,5734.0,5704.0,72.0,,-120.3030669018872,4,4,2,2024,bot,1
5,0,7,7.2536954333365555,389.10265057018665,496.3765012565583,0.4362376625032033,1.5745710042563117,5541.0,6173.0,102.0,127.46406381683198,-24.598442794944475,0,3,0,2023,mid,1
2,1,8,6.400072479766898,283.7065251443094,476.23296254904653,0.30610066315850415,1.7186360186618568,6316.0,5342.0,80.0,-548.6890559677211,-292.7171351155624,1,2,5,2023,bot,1
1,2,2,8.052573963825456,353.74170746842765,504.7559620799112,0.2229812183973651,2.2085956061432066,5604.0,6044.0,,495.56929617432047,834.7272270444013,1,2,2,2023,top,0
2,3,4,8.698173825439108,413.45807068817453,525.5416389547994,0.27425482660079203,1.424826095833199,6493.0,,101.0,-839.2413969111586,240.13983132485816,2,2,1,2024,jng,1
0,5,3,6.781433874135633,489.3049003528436,811.8568146509996,0.2295291365281594,1.464381244166765,5319.0,5814.0,83.0,65.40121711760919,-144.6191426984343,6,4,0,2024,mid,1
3,1,8,8.529894697065977,347.24806197429183,578.4976463450017,0.20574497748240958,1.7011597658920474,5463.0,6080.0,106.0,380.47989447136706,-342.56037783997795,0,3,1,2022,top,0
3,4,5,8.030517745457065,316.9978525773985,537.5892418365412,0.06638735850574298,0.7973981220749814,4753.0,6054.0,110.0,-179.59392655119473,498.85235528270016,3,2,1,2022,mid,0
1,2,5,6.5829590609287685,339.68397857662046,704.1535061015314,0.09559452682646931,1.1830784603097029,5521.0,6137.0,80.0,-48.63724845205142,-224.05020199840652,1,2,1,2023,bot,0
3,2,2,5.523957438266811,400.33071277812957,374.72717508091216,0.1732392596327472,2.325205181440241,5695.0,6808.0,88.0,53.72378850269831,-499.12009658751924,1,0,0,2023,bot,0
3,1,5,6.005533344843412,329.7878695858743,609.8767477710503,0.25906364468600734,1.305554069208016,5433.0,,105.0,366.4193289540778,96.25947080606815,1,2,0,2022,top,0
3,2,6,7.964400250732264,337.1974789619145,536.1927824185008,0.19337757314240764,1.4960936714072457,4755.0,5703.0,93.0,-233.94518350731292,466.507128061844,2,4,1,2022,jng,0
6,3,4,7.853232161132271,355.25871131194253,551.1024813182433,0.23970222395877647,1.9208058011526399,5860.0,5750.0,89.0,269.3545193751295,-449.2902820873453,0,3,0,2023,jng,0
2,3,6,8.711944464800117,369.2169735301585,570.3899840212908,0.2536063785829672,0.8770821138304958,6540.0,5925.0,130.0,-469.5075765179687,-235.21393785442405,1,4,0,2024,mid,0
3,3,8,7.688644296971938,350.6429286530209,410.33368697708966,0.041093760003565266,1.8528940823638607,6229.0,6705.0,81.0,-31.96393468195086,520.2579120997099,2,3,1,2023,top,0
3,3,5,6.848874424959228,345.2770469126588,311.6734518708347,0.27228445621975955,0.6510403236026354,5846.0,,109.0,,110.76779173773417,2,1,1,2024,jng,0
2,1,10,8.346550752840143,411.53656946746094,577.5077369693317,0.06676610502753841,1.630715599645485,5895.0,5940.0,106.0,605.5703854534416,64.61571639883635,1,3,0,2024,jng,0
3,1,4,10.189206722110852,355.5334947118827,421.36759192051153,0.2845060022374763,1.185308584125691,5629.0,5236.0,105.0,-996.5029767870939,,1,5,2,2022,sup,0
5,6,9,8.769502170329732,387.36759620823636,609.0064650616118,0.2032255454193974,2.3720580355147516,6248.0,6189.0,58.0,,191.46716359024,0,3,4,2023,jng,0
3,4,6,8.593005044974182,429.42694653030145,633.1801472421624,0.18599233453290104,1.6947403357543371,5149.0,,120.0,526.6183002638573,36.91990462384854,2,4,1,2023,sup,0
1,4,5,8.703553710910182,257.36347418151166,486.4349326222859,0.20162257187405927,1.004290591652016,,5215.0,91.0,-369.57401587392826,492.5291244079342,1,2,1,2024,sup,0
4,1,7,7.938931829592508,331.51729553276186,337.9922575140871,0.26245035679857287,2.2143395766522582,6091.0,6385.0,100.0,568.2058892166258,,2,1,2,2024,sup,0
1,2,7,5.6916839764550184,422.58124148527776,451.0469971053913,0.19854140402800902,1.4400458031545413,5732.0,6747.0,93.0,,,1,2,0,2024,top,0
3,2,3,7.043586783477065,401.81402989692407,573.9664186612677,0.19222493455058742,1.629852369306919,5633.0,6089.0,110.0,489.29433653041474,-137.3580483964962,1,2,3,2023,mid,0
1,1,4,7.766440368384913,353.7546459123217,598.6501816288092,0.253335344476892,1.1581014640951188,5457.0,5816.0,84.0,,-884.5250330738447,0,2,2,2022,top,0
3,4,4,8.85539155007793,364.867872943061,673.1443614474406,0.18311717057477622,1.5313064598336825,5194.0,7255.0,103.0,,-159.09984166944844,1,2,1,2024,mid,1
1,2,8,6.445590934401592,277.1946903223096,542.4462024565322,0.17097597748957147,1.6062318963594686,5029.0,5872.0,116.0,137.19251216063697,-303.7869228172427,0,0,0,2024,mid,0
2,1,9,6.69217820494548,383.89514592492,552.5791651786337,0.1622887654218226,1.4982191331631558,5917.0,6267.0,94.0,-57.6497230495789,,2,2,3,2022,bot,0
2,1,8,7.383643707672473,391.91748842338467,573.3299623068854,0.22390816619534318,1.2115013483147725,5036.0,6242.0,101.0,-560.8257970821882,302.7157647185501,0,2,1,2024,top,1
5,3,4,8.278150120933281,340.0555841375589,497.70528002669886,0.2707675895388338,1.4417822628826145,6012.0,6671.0,112.0,47.532409094588346,29.502485761206316,0,2,1,2023,mid,0
3,3,4,6.424030110771971,366.3295278581082,600.2485414450427,0.25917442915985023,1.2046092577001617,5709.0,6069.0,55.0,-558.0727752990553,900.6611565945601,2,4,1,2022,mid,0
1,1,3,9.092136247166579,357.3725638379325,463.4424695193271,0.06870780161844212,1.705383687609516,5490.0,5114.0,76.0,111.67333581771538,-289.15075505721893,2,2,2,2022,top,0
2,4,7,6.678043506669454,381.6744633310581,744.438146183553,0.3682724522072149,2.7814527535584928,,5420.0,99.0,-1136.065533728187,228.80904975454717,3,0,1,2023,bot,0
0,1,7,7.014508943619721,356.2297696657345,499.1224995484372,0.3411778950322927,1.743000669948225,5276.0,6091.0,90.0,-594.299215042322,50.68156836204146,0,1,3,2023,bot,0
3,3,9,7.517367792409938,286.6218091209223,348.0993363260828,0.2179493953219998,1.033385583232403,,,,,-46.22141842137567,1,2,1,2022,mid,0
3,2,3,8.491691009055916,356.03605908280286,784.941504643526,0.24235301134652487,1.2844246856876311,6017.0,6161.0,79.0,616.3460606730189,437.6568431688545,3,3,1,2023,mid,0
6,4,3,6.39775646031167,395.35362622617936,491.6727403109046,0.2667510072147641,1.5762322811554546,5638.0,5696.0,88.0,-327.90451268661525,2.1279813908558367,0,2,1,2024,jng,0
4,0,9,7.507100127072367,471.61430241023464,519.3918574456794,0.13803280371502785,1.5663098111029587,6059.0,5140.0,114.0,,,1,2,1,2024,sup,1
4,2,6,7.5426935262184704,409.2095511118451,537.864296537468,0.3002815203260454,1.1017360736262827,5306.0,6533.0,104.0,567.1677291849646,-372.4976146535252,1,2,2,2024,top,0
3,3,4,5.646890792921796,361.7747655556877,501.8663918941522,0.2458146588462335,0.6903747221208445,5320.0,6266.0,110.0,20.80768312942986,-529.9030903983421,4,3,0,2024,mid,0
6,0,4,7.067992961578844,421.6709732745201,802.2834338956078,0.27288483560435306,1.2254581827608766,6513.0,6545.0,101.0,-526.018917300464,-420.55414544709157,0,2,0,2022,sup,0
1,2,8,7.964301008799932,410.6946295650006,520.5926187984702,0.20612005381766607,1.8918525045575292,5640.0,5719.0,,120.85215610639614,766.6827051889542,1,1,1,2023,mid,1
4,4,3,7.786182936527872,424.34126711230397,673.8589163720577,0.19312067858065826,1.0642353748083762,7105.0,5805.0,120.0,882.0617931409639,-322.736006351112,0,5,2,2022,jng,1
1,2,5,6.651236624145781,393.8361948135177,538.8296756483945,0.24071239764556224,1.7302022534520716,6262.0,5827.0,80.0,-535.6763123666601,-541.7363122320526,2,6,1,2022,sup,0
2,4,5,7.538480211945103,360.48734888108436,530.0445534196442,0.1406972971531525,1.7521592997171247,6475.0,5779.0,103.0,-201.5786761679201,533.1743967990867,1,1,1,2023,top,0
3,4,10,7.83914426323337,394.942334259156,644.2278634321859,0.1668753290020441,1.0423090440785598,5751.0,5961.0,76.0,83.81531497149737,277.4701883446363,0,2,0,2022,bot,0
2,5,3,6.645752195783155,322.36497932881815,647.4819527345112,0.19432029779501445,1.5190985761592997,7120.0,5873.0,109.0,-403.00146978287023,-653.1635180948698,3,2,1,2023,mid,0
3,5,6,6.996722295601814,395.4056122922302,374.6927463317714,0.18765365513114213,1.6674933422209306,5954.0,6882.0,104.0,392.7702989668736,-421.6019127791322,2,1,1,2024,mid,0
2,4,6,6.296993444216005,438.53438096031084,581.2562470063582,0.13665205635236422,1.9826333296201653,5833.0,6362.0,88.0,36.25355717012138,-363.29388586005626,5,2,1,2023,bot,1
3,2,7,6.373188584931589,328.13377069291687,589.6878810447164,0.30794491569699034,1.5260947037369754,4573.0,5976.0,110.0,263.0794985085949,-138.949861903733,1,4,3,2022,top,0
5,3,1,9.091248134940976,415.6774563456659,327.26084923603867,0.31453576619586726,1.6144598530547203,6160.0,6172.0,109.0,-136.75316576156814,191.5256591458264,2,3,0,2024,mid,1
3,2,8,8.50337160871536,422.6379430809112,766.4930715014444,0.1833206824977352,1.4326622550896284,5695.0,6266.0,85.0,150.35059877659214,-43.5506444343392,1,3,2,2022,top,0
2,2,4,8.908263263481112,352.11791487291384,318.32225493163486,0.19431184607616056,1.1224574612839042,4164.0,6633.0,98.0,314.0611906726035,178.78847934482167,1,3,0,2022,jng,1
4,3,7,7.185651537841932,363.1883527317335,601.4697227587262,0.20088717777242854,1.049687547928452,5609.0,6063.0,112.0,20.702647094690235,513.3687062669688,1,4,0,2022,bot,0
3,3,9,6.950356371625364,271.03763144263826,259.34750984811456,0.22103235842695623,1.1369757609464695,6763.0,5571.0,110.0,-428.4021454423751,,5,4,2,2024,mid,0
1,0,6,8.151580225888935,369.32709998400196,496.1940939337615,0.23072123215028928,0.5509513147348604,6018.0,6263.0,93.0,-118.85499089948786,-118.2878958376316,0,2,3,2024,jng,1
1,4,2,6.905660855510608,404.2923233877828,382.70409468905586,0.18923502552442356,1.3766962099185827,6015.0,6124.0,113.0,481.8425145195112,308.7974402364719,0,3,2,2024,bot,1
7,0,11,8.932746198521492,366.20370129880246,629.4746708611424,0.33603767457362843,0.7158274752838877,4746.0,5954.0,134.0,41.12506889688524,105.27073393410822,2,2,2,2023,bot,0
6,2,8,8.149089493790575,331.12033609603395,357.06482567094804,0.23436939143986765,1.3264053865482908,5853.0,5614.0,117.0,-99.08353569517817,140.2840198693388,2,1,1,2024,top,0
1,4,2,7.49718745059641,421.71492351683924,646.3339340164559,0.142770606602168,1.4917833021012914,5826.0,5937.0,98.0,259.6437534978755,-356.04295158124285,1,5,2,2023,top,0
2,2,7,8.449203345991465,329.3550460085531,278.09481129075755,0.17384757579747762,1.3617160502341406,5761.0,5668.0,118.0,564.6193056297908,14.229301882967533,1,3,1,2022,sup,0
6,2,2,7.725665931723914,291.5348165304736,461.8836670755435,0.23304377997233758,1.1410745466386751,5166.0,5672.0,,-134.52620667388237,-80.7623917701789,2,2,1,2022,mid,0
0,4,6,8.982254980657514,283.837992990969,589.411699218765,0.14113320438976318,1.3572549943388403,6108.0,6194.0,78.0,-117.34572520177096,-711.8971106464799,1,3,0,2024,sup,0
7,3,5,7.719038124391084,337.9908195150326,533.6578628587152,0.3187213770938089,0.9741926120477017,6373.0,5067.0,98.0,-326.6810496489813,-441.53531715493716,3,4,2,2024,jng,0
1,3,9,8.026530868677975,316.03249318564053,566.2713162284163,0.21286716218740007,1.1233195031974696,5932.0,6082.0,106.0,-426.60034278658304,-386.6260009291059,4,1,0,2024,jng,0
1,2,7,8.142857240188288,467.50045408574687,609.3184979935634,0.2389129740413703,1.832243245613886,5785.0,,121.0,155.28623867472135,-196.2078476328682,0,3,3,2022,sup,1
2,2,7,7.300127072710826,258.03047425362706,587.938380767512,0.25515229990975286,1.7967898544875545,5488.0,5987.0,116.0,-640.2313495089198,388.0988216470538,3,3,1,2023,mid,0
7,3,6,6.502709831422535,333.0489752263516,488.18233882802747,0.3418995494205418,1.4389223559234985,5353.0,5712.0,139.0,620.2572477837289,-65.42847702291877,1,4,1,2022,top,0
3,3,10,6.646507325158301,325.173667934129,376.055661317622,0.34698758418726894,1.2410178731494304,5556.0,6523.0,94.0,83.79601780895209,,3,3,1,2024,top,0
5,5,8,7.491540956201197,367.9260491960271,567.9213671313273,0.14429832264606593,1.7870484639060307,6350.0,6331.0,115.0,-240.67987638919794,-63.36088988945561,0,2,2,2023,sup,0
2,4,4,7.998569328036165,345.4993675479936,467.5773361505354,0.24992033554070697,1.6448917520439068,5280.0,6845.0,102.0,-291.50810351557277,824.5630822459831,1,0,0,2024,jng,1
1,5,6,7.927766718680942,389.31373379754666,552.0059891695153,0.3417313095873648,0.9139050214194935,6442.0,6582.0,,347.8985818318467,235.17086408176002,5,7,1,2024,jng,1
3,2,5,7.948690944063344,365.401306641539,331.4136650720948,0.11182988688050961,2.0657861592449898,6478.0,4837.0,,-388.2344998594312,,1,3,1,2023,bot,0
6,2,4,6.418082105446621,279.8806245357087,572.4496446580799,0.05054722289173891,1.190981602804316,6284.0,5905.0,105.0,-403.8758639784651,,0,1,0,2024,top,0
4,3,7,7.542158546843772,394.61728399065674,409.05397689751453,0.20976880743079737,1.6373719134708897,5622.0,6132.0,,85.88638812570431,-315.7363656092018,3,2,1,2022,sup,1
4,1,6,8.140983948111888,338.6932462631851,599.9343058058098,0.36190912929868035,1.9445241238306008,5721.0,6749.0,124.0,-85.27580911059546,-444.5462143852469,3,4,1,2023,bot,0
7,6,6,7.499408549138228,245.68722503956317,329.1124873654396,0.25438630254521344,1.399183560454099,6092.0,5164.0,114.0,163.62557193408966,766.8404913336889,2,4,1,2023,sup,0
3,1,6,7.6951772456381775,320.2757968713421,530.1584102554233,0.22255130353118527,1.573106556270717,,6579.0,108.0,226.68161851593902,198.5324238334769,1,2,2,2023,bot,0
4,1,7,8.239521539004784,406.2497666339975,797.3100062467734,0.1799756231396989,1.5939814523882263,6015.0,6350.0,85.0,27.66096276129943,333.6318011833644,3,1,0,2022,jng,1
2,3,7,7.558525311476562,317.5651721808824,494.44986092767874,0.1686045379870798,1.1712452652696714,6265.0,6007.0,113.0,-734.7799975746466,-62.29642246518036,3,3,3,2023,bot,0
4,3,4,9.349048914737224,316.0588615720899,524.6109717341556,0.28650690481518115,1.6817161214733671,6193.0,5633.0,96.0,-502.14311963777277,94.20363487870257,0,2,1,2023,mid,1
2,3,7,5.8940537532245845,412.51851718362894,468.5236946459176,0.3137503977425869,1.331906007865971,5018.0,,86.0,-4.7546538108241805,-425.5894128249364,1,2,2,2024,sup,1
4,2,7,8.83802863912653,409.4236104597569,627.3612405586953,0.25190245199972555,1.6672039206999552,5642.0,5851.0,102.0,-487.30028203334996,702.1886231772484,1,0,0,2023,sup,1
4,5,14,7.181060543286564,367.60402410255114,460.02050424166407,0.1512814682593341,1.8874882296016906,7010.0,6407.0,90.0,-761.4751029979041,26.110477205666967,1,3,0,2023,bot,0
1,1,9,7.820348721624992,424.8193696578005,486.23279646291667,0.2743481397552172,1.7144457930151236,4809.0,6117.0,124.0,-245.81160796809442,-122.56739119747176,4,2,2,2024,top,0
6,2,2,8.099208327581668,401.44787144401,575.5199233139488,0.2202154156153088,1.1186503925285716,6163.0,5983.0,109.0,162.31213595169328,76.26680801359913,2,4,1,2022,top,1
1,2,9,7.401022343477242,369.0959496288822,716.5616314084804,0.11484454224478059,1.2607640613575601,5499.0,5766.0,86.0,300.612254695476,64.3370736853566,0,2,0,2024,top,0
7,3,3,7.2955617493137,373.58008460206105,611.885945603984,0.20214552265093794,1.2061010133569834,5653.0,5852.0,97.0,184.36997808430777,390.39290905216524,2,0,0,2022,top,1
3,2,6,10.020595743704163,363.6419518759411,463.94764372417774,0.15490055909086153,0.3,5810.0,5796.0,,-75.40519824910265,441.96799355129167,1,5,2,2022,bot,1
2,2,5,7.143848563729549,369.53393575065104,336.865738049205,0.16788190803502162,1.5627633141248816,4848.0,6373.0,85.0,265.1431541581531,635.427188413389,0,2,0,2023,jng,1
2,3,5,8.398804905186909,406.758617677788,605.7227655756928,0.23855954648828542,1.0373058869150376,6111.0,,102.0,501.8920997834153,356.8145203284856,3,3,0,2024,top,1
1,3,6,7.309559314517994,297.95990351985216,569.3130116044183,0.12338404878117788,0.8835614456208668,4963.0,6585.0,107.0,169.80148641056644,299.2348327459225,1,2,1,2023,jng,1
3,2,9,5.950171925386277,426.86649062172063,584.3725219604274,0.281908384962158,1.3681904618047132,5787.0,6889.0,111.0,374.9283103939737,559.0958236988533,0,3,1,2024,mid,1
3,6,6,7.941950272243289,363.7262097649822,453.97855206332343,0.15984674351488445,0.5331186245274626,5850.0,6010.0,95.0,250.64093495272135,207.22620586596355,5,5,4,2022,mid,0
1,1,7,7.162447341788173,372.1282603404526,459.1379501942051,0.17222783732376684,1.0622331210702252,5944.0,6333.0,105.0,-114.5523715019975,-132.26854249778506,1,3,0,2023,top,0
4,3,8,8.338184313706059,398.0985125600516,621.8760812162559,0.1947218008866623,1.2956198216143493,5569.0,7093.0,103.0,430.8158057695059,-638.908118098441,3,0,0,2023,bot,1
2,1,5,8.034041265232263,398.4083401514092,640.4263248869103,0.22992645696096053,1.80033512727424,5992.0,5575.0,77.0,48.2260895886038,193.02509574295706,0,2,2,2024,sup,0
1,3,5,6.930848526412485,402.3123893506559,259.6262820303878,0.332043962302748,1.4637320876230138,5529.0,6125.0,96.0,143.1461417318554,109.68974598900243,2,0,0,2022,jng,0
2,3,5,7.548585997994108,410.1877097379525,581.1448978615185,0.3056858337575467,1.4549108973691547,,6093.0,76.0,857.8383021793874,325.60848687458144,2,2,0,2024,top,1
1,3,5,8.053787640068663,407.144710460059,487.52983627170477,0.08078913248131916,0.6561587056839873,4895.0,,117.0,-218.58208651509915,-203.21508209243586,0,4,2,2024,mid,1
1,3,4,8.112656583578646,307.1153402643389,505.29257088057625,0.16947824037739723,1.1084055335518608,5518.0,6206.0,96.0,-244.9958161682608,361.15949863312966,1,1,2,2024,mid,0
1,2,6,7.648599198192751,423.88422582803133,831.3994050695361,0.42913282075327963,1.4475088261249416,5513.0,6053.0,92.0,228.13288964954165,-366.3459952391227,1,4,1,2024,sup,1
3,3,5,6.9553093378180675,259.02076397608937,339.4255436663849,0.24560606639455876,1.6093603675606851,6167.0,5744.0,110.0,246.24796525500392,63.44644652353901,0,0,1,2022,jng,0
2,1,12,9.085685119190021,374.5383493759122,399.2314566123905,0.24912131896751621,1.0949500225449067,6362.0,6544.0,102.0,-576.7359849397358,-285.6084452496763,1,3,2,2022,bot,0
2,2,1,7.564751650602269,359.8455689584247,304.2133208846351,0.19926023059738351,1.318456251881914,5719.0,6393.0,86.0,-52.7845842046908,359.30245735286474,1,2,2,2022,jng,0
3,1,7,6.980327137618191,461.31361715182646,633.3067656452542,0.3650728643235637,0.5711317296247972,5506.0,5872.0,,171.38146582191783,-723.0344522453413,2,1,1,2023,mid,0
4,2,3,5.9326734195107615,351.2517420590619,613.168417971756,0.17623604766022488,1.1191775001394513,5139.0,6348.0,108.0,-490.5445780833465,-367.39729571866417,0,4,2,2024,bot,0
1,1,7,8.011776631417241,402.86166999107047,511.88959285888757,0.23792566252160555,1.9687175012721232,,6358.0,92.0,-519.5412951209162,-543.7197801393422,1,2,2,2022,top,0
5,0,6,8.320180579882647,429.4986441448083,298.53257875178934,0.13273738194746226,1.6227165319988677,5837.0,6236.0,92.0,472.5839264490348,215.40020854228862,1,0,1,2023,bot,1
2,2,11,8.471999845854867,427.3509231911784,445.5547363871067,0.07818499524505104,1.54125530453741,6057.0,5880.0,113.0,-463.23064916341605,-142.1826263071025,2,1,2,2024,mid,0
4,1,4,8.903184230638425,408.9206128584256,669.5297576773017,0.1789809944912692,1.5825859597020584,6219.0,,90.0,470.791766546735,,0,3,2,2022,mid,1
3,3,7,9.331751046567994,376.53985402363526,403.9768495079726,0.2561160308783289,1.4326799794589806,5527.0,5832.0,105.0,179.51812129766228,-128.31812250069336,2,1,2,2023,bot,1
5,1,8,6.870832744288246,374.4606473807069,528.1736033452651,0.3800922040389236,0.9353718602977626,6358.0,5803.0,96.0,,54.203672634615046,0,2,2,2023,top,0
2,1,4,8.679187891372248,341.9155250969612,412.0630176305176,0.1477006496903414,1.1646552504250267,4941.0,5211.0,104.0,-115.50186938808295,-256.30240564747385,0,5,1,2022,jng,0
6,1,2,5.7760444405063796,386.700753072992,679.1353737171345,0.16097010240768397,1.0394441162111079,5191.0,5588.0,73.0,-501.4557190144174,-180.53714956527014,2,5,2,2022,top,0
3,3,7,7.36555315018552,293.9152744553263,380.51780679722344,0.2428519461125133,1.0351290294489506,,6182.0,107.0,267.19263469131454,51.80148891910012,0,4,1,2022,sup,0
2,1,6,8.040911546769753,373.940986958298,432.97716275257164,0.271313376098993,1.2836504227327081,6026.0,5780.0,83.0,-147.8004351939091,31.158933090346252,2,1,0,2023,sup,1
3,1,5,7.650898657677509,409.44691475531226,433.2911024786573,0.2745849038919122,1.514818353927931,5695.0,,114.0,-337.56969751300034,-320.94499985180477,2,1,1,2024,sup,0
3,3,7,6.762511515383518,322.1558267677278,454.5890011285344,0.2999543887846951,1.4311793208308339,6132.0,6141.0,80.0,-46.47942609476097,,1,1,2,2024,top,0
10,7,5,8.52175896130505,358.2806411840639,330.59732003709166,0.23870791241564301,1.3782370295411814,4941.0,5561.0,104.0,-227.0944423321256,123.04011001383441,1,3,5,2024,mid,0
1,5,5,8.449700904168559,378.52752151037566,450.2090372831309,0.28690708402617016,1.0474394322748477,6106.0,4978.0,94.0,-366.41385427474154,257.05577856495836,3,2,2,2022,jng,1
4,1,5,8.849394107498249,342.2858125833285,415.2780335437309,0.23117642002279082,0.8779413577666634,4996.0,6071.0,77.0,-275.5276012846163,-189.6272350425259,1,2,0,2023,bot,0
4,5,2,7.396286310645021,250.8157340597155,588.1556137759144,0.09637844507152417,0.9125323958409974,6458.0,5445.0,103.0,-416.4156479231053,-488.4799084671242,2,1,1,2022,bot,0
1,3,12,6.422196415485942,429.3046338123753,554.9021524804582,0.08635992246215321,1.6482974199677503,5825.0,6356.0,91.0,814.1992166268102,226.44368322741514,1,2,0,2024,bot,1
4,4,7,6.220785340049825,313.9797375193853,512.355163554703,0.24521077948519823,1.5179355880116416,6214.0,5346.0,112.0,-348.3297056825294,65.77732079349569,0,3,1,2024,mid,0
3,3,4,8.710000992601278,288.6786081682693,661.0659291010893,0.08671701332370799,0.6681909483019728,5678.0,6707.0,108.0,32.346057752533625,1164.0008484606858,2,0,0,2024,bot,0
4,3,4,8.059047911378846,378.5535048145209,516.2097884831173,0.30140397991740747,1.1755361492432936,5645.0,6232.0,106.0,181.98123987842138,75.7199576938563,1,0,2,2024,jng,0
3,2,6,9.537719706981573,346.8497913293375,745.7064054633964,0.24572531794355074,1.6860946617573254,5574.0,6083.0,135.0,488.6451384100319,-400.1899929959818,1,4,1,2023,sup,0
2,4,3,7.471661900615928,400.8418415975217,667.910844823763,0.3105995883886489,1.2259524819020364,5861.0,5677.0,92.0,-453.32420443282774,505.848466459688,0,3,1,2024,sup,1
4,1,5,8.639656701791097,342.5513894633632,525.9035159495043,0.22411501210422774,1.8769653203008738,6172.0,5500.0,94.0,-172.63121485369606,119.82282936709078,1,3,1,2023,top,0
10,3,9,8.820718539373233,365.1611468404216,386.1116843167016,0.34690386622200986,1.4484300782595156,6029.0,6067.0,94.0,-27.875782030446288,147.4726629133781,0,5,2,2022,top,1
1,0,8,8.715645373977049,415.0669473633779,502.3815920726293,0.15798748961023584,1.9710697758250841,5917.0,6010.0,107.0,-495.06717534025745,227.92913951165065,3,2,1,2022,mid,1
2,2,5,6.91329309412512,345.29881889886695,538.5048321481217,0.204222266804938,1.0308226360413173,7310.0,6139.0,110.0,,,2,2,0,2023,top,0
2,5,4,8.741765758102988,346.80910540788847,411.3156013669892,0.23530314709568903,1.2804505246584643,5539.0,5781.0,100.0,11.904314132925691,-59.74875526117158,4,1,1,2024,mid,0
6,1,6,7.139385093458199,385.177216715388,523.5790391848648,0.19556516743464714,0.7320505066772175,4857.0,,93.0,171.8290125378872,461.3919611596459,2,2,0,2023,sup,0
2,2,5,5.915723069381266,400.4663030133358,583.8346380542165,0.09161248758462723,1.6536677913932412,5263.0,6299.0,75.0,281.86807476359354,54.41946170776923,1,6,0,2023,mid,0
2,2,8,5.467042698461854,372.2010723323768,361.0519449546709,0.059801221489524437,0.7416528001458704,6042.0,7016.0,100.0,-34.62700206346952,-335.2851852877956,1,6,1,2022,top,0
2,3,7,7.693650111627478,339.7796696967219,428.2437357567299,0.20215493443942478,1.1736343603814454,,5905.0,88.0,35.32377108384976,,1,3,2,2022,bot,0
1,2,7,8.564343693554699,270.95241413008097,580.1911443371864,0.2298711840923898,1.2099232435508722,,6704.0,79.0,-1010.922063063742,293.0710686732292,5,3,0,2023,sup,0
2,4,1,8.077863091392466,395.59711274144377,656.4602440127173,0.21333513126531992,1.7635777421882344,5826.0,6438.0,103.0,-839.5808401989565,-53.86588742752168,1,3,0,2023,bot,0
3,3,2,7.486262580994216,464.55516325621295,324.3554876828366,0.3498653006345583,1.4372268126119887,6178.0,6119.0,113.0,-151.61843625429725,163.05430204069023,2,1,3,2023,mid,1
1,1,6,8.232568381546917,344.6939765311026,394.9525983389784,0.4011827631341896,0.99120142649192,5717.0,5015.0,103.0,-20.425026641379844,125.82555837692263,1,5,3,2024,sup,1
3,1,6,7.374089138216698,327.7547179501349,673.2070701654477,0.21056601730767524,1.74193967096065,6294.0,6807.0,102.0,-449.663721836169,118.83169067231816,2,5,0,2023,jng,0
2,2,6,5.873923355874821,329.1391569208842,540.4172726023551,0.19423259889975897,1.162092404519808,5632.0,5799.0,114.0,,-615.5160924133183,3,4,0,2022,sup,0
2,1,4,9.431704775522736,328.1598781841544,495.3976075449475,0.1286749129066317,1.7852776972175033,5222.0,6737.0,109.0,-232.1090932152001,65.22510571149165,5,3,0,2022,mid,0
1,0,4,9.502427499404591,410.8154748384588,733.4661878966137,0.2114816058561308,1.08933871385718,5552.0,,84.0,-170.46811898282232,18.210281904237434,2,2,2,2023,mid,0
1,3,3,9.008532094177095,431.24408912185663,508.76183171744066,0.25018955357182543,0.6327592447945124,5808.0,6134.0,114.0,-145.34586959059476,-232.69560345236982,0,3,1,2023,sup,1
0,2,6,8.040533555633715,371.8638187387388,497.28818943431565,0.32997627682488784,0.9048940664134517,5976.0,6225.0,92.0,565.0830228180853,67.16365805340715,1,3,2,2024,top,1
3,3,6,8.02573149517538,376.2234756415126,652.8613240205685,0.30226048180305287,1.3898285233363952,5989.0,,121.0,732.4123125207112,35.786318656538725,1,1,1,2023,mid,1
6,3,9,7.397608055921764,411.3924481973691,474.650809059761,0.07669973017172965,1.4491414545420844,6054.0,6144.0,101.0,314.19735528072067,-156.75965535951423,3,2,0,2024,top,1
1,4,8,8.721769129589983,363.4703138324792,511.11102535495735,0.17130726844642089,1.2436804309505731,5853.0,5196.0,101.0,89.21331340295922,-397.3266528913909,2,2,1,2022,jng,0
3,3,8,8.059059301348563,385.4948850306536,424.4474741058842,0.22318983040246343,1.5692271084796663,6357.0,6073.0,100.0,-718.188009832242,-176.33449867886128,6,1,2,2023,bot,0
3,2,3,9.006549451667354,470.2721666136593,586.4913406245245,0.14826375927997193,1.751271725727854,,6005.0,,478.09764398409146,498.8989154822457,1,1,1,2024,sup,1
2,4,6,7.698713734216228,356.4738712390259,541.542800991402,0.13493010968415278,1.0601532987290465,6668.0,5508.0,105.0,1060.6002619593671,-392.9909713970602,0,3,1,2022,mid,0
5,7,7,6.3514609011007765,381.29563331473605,766.8939869947004,0.2671528727176437,1.3860262978994415,6661.0,5948.0,103.0,,162.5733509178375,1,6,0,2024,sup,0
5,3,9,9.238758202696804,343.52652642187684,392.13313249776184,0.1850868690202626,1.123004137026792,5666.0,5723.0,91.0,-43.04558252910192,257.19706379223385,3,1,1,2023,jng,1
5,3,6,6.935683324293273,330.3486729401606,581.3879586686108,0.1831395134708825,1.5263818517566898,,5807.0,78.0,169.61576858353473,-703.0383292925393,1,3,1,2023,bot,0
1,1,7,7.4435285499631085,339.67852726807746,623.2501393164534,0.3111469014726941,1.596561204331752,7056.0,5851.0,91.0,-548.2966341002407,54.01703178507637,1,3,0,2024,top,0
5,3,3,6.5319051726129524,286.20349665753014,251.5235250634114,0.09135621981128164,0.9596534755974526,5660.0,5305.0,102.0,411.9574212750348,-55.81777430600058,2,2,3,2023,top,0
2,3,3,7.525414875146522,444.6762362157852,481.74812223566806,0.13457196418275444,2.0282533287906723,6475.0,5773.0,,-227.5576076059952,-31.125592027610935,2,4,2,2022,sup,1
5,2,9,5.1623108921909635,416.08807591066454,568.3770628735554,0.11229090265160932,1.4294303875652943,5925.0,5841.0,125.0,-107.20272768490118,-367.7058163445553,6,0,1,2023,mid,0
1,2,6,6.405355170484447,264.28049684343085,669.2298030675179,0.23006500842433314,1.283951983259516,6533.0,6016.0,122.0,-133.1571164233285,-59.65901952671897,0,1,1,2022,bot,0
6,4,8,8.346688278153689,372.32315968616,576.5641755575185,0.39556866116329115,1.4201141087385287,5450.0,6184.0,,-710.1024803061566,696.2799004266182,0,3,3,2023,jng,0
3,2,5,8.97736925222457,325.9055070196081,400.68432795567236,0.31278544968864713,1.3040040142108427,4546.0,6004.0,84.0,86.15983564319646,-70.49451214583516,1,3,1,2024,jng,0
2,4,2,5.708368764148246,340.9249359403255,367.86219395480316,0.22415209320526583,1.1820011023150099,5607.0,6716.0,123.0,150.1241340613449,-417.7853690254277,2,2,0,2022,mid,0
4,5,6,8.107454912966318,354.0929893158521,420.1320141022124,0.30818712278934524,1.3021511728267638,5843.0,5278.0,100.0,-108.25406432198277,-160.9445346815517,1,4,2,2024,sup,0
2,3,10,9.040309549563254,303.24827665968934,644.3711275906661,0.22916053371502781,0.8707411387753168,5295.0,5585.0,109.0,-401.3924602176043,405.7595773576014,1,2,2,2022,sup,0
2,2,5,7.83852220423357,402.96765897234786,533.8549269332443,0.08532282366976668,1.14781493428076,5489.0,6007.0,91.0,-79.35524755184838,-221.95235597176185,3,1,3,2023,mid,1
2,5,6,6.9823528867322215,249.39040220019038,530.960906797399,0.05956394273937035,1.2135540800456073,5644.0,,111.0,659.2544753311256,449.03812360221895,1,0,1,2023,bot,0
1,6,7,7.472571808928065,417.2047850999646,426.3580168948524,0.25126469608090746,0.7032380416109478,6837.0,6029.0,94.0,548.5419346081674,,1,2,2,2024,mid,0
4,1,6,9.048180744061026,303.09930316117095,540.5433856976749,0.2625209022819584,2.1308581443869787,4955.0,,95.0,-3.188687616253077,668.4543969626975,3,3,2,2023,top,1
0,3,9,8.527623741920102,332.4064490574676,438.85902190368836,0.369868086694612,1.4964390825382463,6069.0,6106.0,94.0,426.74393388318686,595.0154255339326,1,2,3,2024,mid,0
2,6,5,8.503379824312134,347.59727561058264,705.2333570653907,0.19078855343455164,1.321196220719954,5593.0,6588.0,109.0,-58.7235417021281,-190.03813455056164,3,2,3,2023,top,0
2,5,5,7.760295554884019,345.2380121640599,510.1150896984437,0.31810272882953394,2.739029784671488,6029.0,6994.0,106.0,532.3993325753559,-447.1128754389959,2,3,2,2022,mid,0
4,3,3,6.768891169241804,418.324875892778,531.1303823760309,0.27983687170669763,1.2764192204931004,,6427.0,90.0,-203.94092162928922,,0,2,1,2022,top,0
2,7,5,7.13889517107339,438.95062313441105,494.3805972495927,0.1162116806574026,1.5219402235215946,4950.0,5803.0,114.0,654.8331761522129,215.7201345641273,2,1,1,2022,sup,1
1,2,6,9.0750541222809,352.97312991120356,828.6778080623112,0.17168511304077955,1.418931996854657,6535.0,5639.0,97.0,661.4264079105774,5.8353911418271025,1,1,1,2023,mid,1
3,3,7,7.001782804090832,415.3464253114401,574.2778269950458,0.03148343225205752,2.0953268779397294,5349.0,5465.0,107.0,-158.6207199957487,263.23051177728377,2,3,0,2024,bot,0
4,1,9,8.369039564887332,396.1495135306515,386.5105232414929,0.21295306142843393,1.5720112674541231,6487.0,5268.0,89.0,-1008.2434457241969,-80.68445422632588,1,2,1,2022,mid,0
1,0,8,7.72456571288189,449.671054862494,414.6169804862226,0.2000916866649697,1.0294176178664867,6556.0,,99.0,-171.47243115652236,70.3231021744457,3,3,0,2024,bot,1
2,5,3,7.593873568891797,339.3265378603137,442.9090150228669,0.19565254821161937,1.1887871250188908,5867.0,5852.0,,247.70285855347015,232.04129291864416,1,3,0,2022,jng,0
3,1,6,8.496129651090074,324.96302791972596,446.8513061809482,0.2709380993908598,1.5745694300310566,5200.0,5578.0,89.0,-660.276139419115,,2,4,0,2024,sup,0
4,1,6,7.374837890156312,374.07163174438887,536.6119788339004,0.2090390006305283,1.5954596906618148,5531.0,5339.0,107.0,-764.7188123999609,,0,3,1,2022,jng,1
5,4,7,6.811347223982301,393.88696896414245,609.0063263271038,0.2261383471661159,1.2885764884516353,4733.0,5807.0,,102.81115380941,-374.44499498645814,2,4,2,2022,sup,1
2,2,10,8.640504484153558,342.092023983099,439.35806656957976,0.23115694123342964,1.1657122518878849,6178.0,5487.0,102.0,,121.9881585318634,2,4,2,2024,bot,0
5,3,0,9.241134667344806,447.75743127971344,572.2444708465946,0.1890354191817539,1.28931644182092,5783.0,6120.0,101.0,280.626061312532,557.3354241646773,4,1,0,2024,sup,1
3,2,7,6.3142481442363865,298.5076372569332,577.7451657567324,0.19827035253617298,0.7677697980535312,6785.0,6527.0,90.0,-259.98285343637826,-229.14019937758675,2,3,0,2022,top,0
4,4,5,5.957050493829776,461.8927280328475,503.6038370766644,0.2854510375454786,1.5598412816396596,5294.0,5819.0,101.0,494.3855462374876,418.2224692662362,1,0,2,2022,jng,0
3,2,2,8.676633407831202,487.04836263365684,613.9658388416166,0.17437816521787639,1.7067809139251933,5150.0,5911.0,120.0,368.30199646683235,,0,1,0,2023,bot,1
2,5,7,7.646314405123774,325.96327913402854,484.6516097460121,0.16989499049809687,1.0434253761822645,6004.0,5502.0,109.0,527.9447995462833,-320.1383724660002,0,1,1,2023,mid,1
3,3,7,8.451666415504938,406.1651351449104,509.03936808871765,0.15002379975360625,1.5583699908303157,,6074.0,104.0,1350.9926296800961,26.462465231225508,2,4,1,2022,mid,1
5,3,5,6.144524910582059,442.54703220263417,608.8511142843439,0.23467332889540457,1.8507397458653807,5284.0,6147.0,116.0,-297.15434914060864,360.22488358665106,4,7,3,2022,top,0
2,1,6,5.80018290616315,389.22382133522564,430.9886842501354,0.2979969157741644,1.3173216793125724,5672.0,,,-320.3500407360528,-224.8729342158966,1,3,1,2023,mid,0
3,2,6,7.084198024310534,245.2086138993382,418.3006211142585,0.09040007319056179,1.6292506808155247,,5833.0,90.0,,-571.6345086736229,2,3,0,2022,bot,0
1,1,5,9.426314512228739,356.9224261320225,584.4935595187669,0.21731994873484364,1.2865412164367882,5926.0,5911.0,80.0,911.7235883260694,62.926614237663706,2,2,0,2023,bot,1
3,3,6,8.315322532196552,393.03080588592184,479.60106325154584,0.3605720648865733,1.0144080331966538,4626.0,5744.0,,265.2267488735668,562.1667084161347,4,3,0,2023,top,1
2,4,5,7.67561418223432,339.8984025698137,642.475881565377,0.28894739937489045,1.2544244351020013,,5750.0,95.0,-328.1394064687673,339.9777966073404,0,1,1,2024,mid,1
3,2,6,8.147147264749123,421.59732673868587,376.50343677016144,0.285873409438517,1.5973816728854222,6253.0,5956.0,131.0,358.3073107445292,372.74699312335366,1,2,2,2022,top,1
4,3,2,6.625905444592378,319.6335717279504,470.9272448476021,0.2655589526400895,1.815552045910398,6500.0,6216.0,117.0,208.65384259248475,18.198483704467975,2,3,3,2022,bot,0
6,1,11,5.95113115036027,344.22509270651096,560.0914203340589,0.33765775301072687,1.050852068516026,6445.0,6357.0,125.0,-527.3720949776302,323.2194902662304,1,5,3,2023,mid,0
3,1,5,6.960351866269397,353.70197854461895,549.295006143593,0.2729643335738742,1.1870653583490238,5157.0,,113.0,890.180316539508,-249.50304872055634,1,4,1,2023,top,0
4,1,5,7.550695036210409,382.53083273253867,557.1172850198006,0.3489965725923185,1.541584172981434,,6214.0,80.0,126.73004057843454,64.62355920703372,2,1,0,2024,mid,0
4,3,6,7.302200303989702,425.31590051128455,558.2885210049599,0.2405827357293218,1.248569587290543,,5600.0,112.0,259.7841764692006,-234.2979295911218,1,1,1,2023,jng,0
5,3,6,8.071468910137833,269.7362003117874,630.185525786891,0.18599993650318603,1.522316392094432,,5383.0,80.0,-332.6487432947419,-734.0976006048331,0,3,1,2023,jng,0
0,0,4,7.140193129733008,227.56955177713124,567.5328271954398,0.24057470185997146,2.0399817176862696,6456.0,5223.0,99.0,-634.8292333754512,-192.77219990568256,0,0,2,2024,sup,0
1,1,11,8.371773004106043,350.7250212161054,473.85422328095524,0.37710798893067105,1.238999313127275,5841.0,5668.0,103.0,117.91509443158992,,3,4,1,2024,top,1
2,3,5,4.79434419942868,366.0931982324803,521.5217160953781,0.23921642280013988,1.1479477977669839,5416.0,5374.0,96.0,-752.0672338669638,-636.531121628338,2,3,0,2023,jng,0
4,3,9,5.462252577114891,361.2828522245626,661.4866854394692,0.3416851113682353,1.2615475303251091,6187.0,5943.0,104.0,-438.60384915692435,-357.97700231759706,1,3,1,2024,jng,0
2,1,5,8.225763118534266,320.69419701661315,618.0071029308828,0.21143341770631877,1.054892239972552,5443.0,5972.0,60.0,,-223.44744942144627,3,2,2,2022,mid,1
4,3,5,9.986112676976594,330.1162101928142,660.9170770962713,0.2812167806947501,1.3222973076297437,6339.0,5605.0,118.0,57.101781015693064,365.291635995959,3,2,0,2024,mid,0
2,3,5,8.794606261883569,375.0969401781567,625.2465520213386,0.22162574160558796,1.6736616329895262,5450.0,6777.0,103.0,127.44397039421443,827.0921302883486,2,3,1,2023,mid,1
0,0,8,6.989844075865245,376.0128378038569,450.9799120589917,0.1921820636842968,1.567656751995437,6615.0,5683.0,,226.8763492849147,,0,2,3,2024,sup,1
4,0,3,7.51198607393235,327.8685844420021,346.1169754168179,0.2659518708207865,1.881844370260535,6181.0,5866.0,125.0,,-419.78766464684685,3,1,2,2023,top,0
2,0,7,8.59959830459964,268.3937393162657,550.849323034267,0.26876116401394173,1.5695442498261174,6352.0,7160.0,95.0,-850.2578917958269,-157.07259501086304,1,2,0,2024,jng,1
1,0,9,7.08839156093998,355.4994948939356,621.1173241989084,0.15683304008737284,1.051656644036012,,6014.0,105.0,-697.0627936849316,-171.61314494205084,0,1,0,2023,jng,0
2,4,14,5.995097658235418,401.01033768012854,572.542238214339,0.22979158650536544,1.143675289014312,5040.0,6748.0,96.0,-198.86404686980865,-558.5988223265106,1,0,1,2024,bot,0
2,1,6,8.00079998044883,362.33213221324854,426.6065199568126,0.2377978874990699,1.1592418691817248,5512.0,6240.0,,-293.6315245954201,635.4095781815289,2,2,2,2024,bot,1
1,2,4,5.94932314271677,200.0,643.5391086741038,0.23547738204211852,0.8904249355813222,6156.0,6484.0,92.0,726.7676942918964,-344.0036272122903,1,3,0,2023,sup,0
4,1,5,7.246364699759723,373.1700606847195,643.3641379556113,0.22201689846651318,1.8632161472246664,6636.0,6647.0,108.0,-163.22077515338384,551.1528963868905,1,3,1,2022,mid,1
3,2,8,6.692542261234009,266.014406443196,666.6038138017725,0.32457573517964766,1.3656118830206494,5993.0,6808.0,95.0,-110.03729805783814,-176.74389693667814,1,2,0,2022,top,1
4,4,11,5.17332909127585,265.7495683939221,487.05198692380276,0.23024610541221702,1.0849419389090715,,,120.0,519.3288032258398,705.5654462886131,0,0,1,2024,sup,0
3,2,2,8.450663248722723,430.5989082809486,592.2872273986039,0.19718962586468092,0.8732407681967614,5530.0,4626.0,110.0,250.97013375397944,161.16342704636554,0,3,0,2023,sup,1
7,4,2,9.228366719672694,365.97696228844666,653.1186176531284,0.20870537532363795,1.9212617843160449,,6012.0,94.0,8.877728027863697,78.83295654513617,1,3,0,2023,top,0
6,2,7,8.463947335191484,384.0830212050399,280.42002625019666,0.20774315544278707,1.1536463024202706,6283.0,5670.0,93.0,,-600.2444288316083,1,1,0,2023,sup,0
5,0,6,8.853646676386019,329.5040492251244,412.7325531187013,0.08318777875181757,1.481153552852164,5843.0,5922.0,109.0,10.830821130102521,62.69743665142896,0,1,1,2022,top,1
2,1,5,7.658398122572002,388.72792593061007,368.6941692437585,0.13404587771850224,1.6546483211395258,,6313.0,87.0,553.6368047359376,39.54617632021349,2,3,1,2024,bot,1
1,1,10,7.033492794310673,359.60443381885176,577.9274498164884,0.25808409670705756,0.4162447333620156,,6082.0,69.0,-25.17144869760139,-795.9017262256431,0,0,2,2024,jng,0
3,3,4,8.281285568155566,454.9200507621626,547.0640711141939,0.22145951476680398,1.7313956103790729,6334.0,6950.0,128.0,-348.18947527846115,-423.6643612822341,0,5,2,2022,mid,0
1,3,4,7.447479665817218,315.1569582203836,349.80528021866985,0.24576208970500774,1.5392840491777537,5542.0,6521.0,74.0,223.38823808934524,,4,1,1,2022,jng,0
5,8,6,6.853924924363008,345.237561642709,398.02810257970987,0.20606601539031572,0.921594467768357,6263.0,5904.0,99.0,,1078.7067832982473,3,2,1,2022,mid,0
4,2,5,8.777769034824138,468.7218580790903,500.54570442764737,0.26363250298672636,1.4848044916406393,5067.0,,106.0,231.05870194471555,-75.5792353225464,4,2,0,2024,top,1
3,2,5,5.92838144082571,336.68118619313935,224.6865599811773,0.19020029091926308,1.6317885718475447,6132.0,6373.0,85.0,401.69026015516704,-176.37882396685512,2,3,2,2024,top,0
4,2,7,7.7788633961245175,398.4544493042226,655.1334578822056,0.17344986732605008,1.9808395080233328,5587.0,5812.0,113.0,455.25236181972866,-536.5049270766866,2,1,1,2022,jng,0
3,1,4,6.369681846118207,400.4031020196823,393.7075744933194,0.15295484726309155,1.119486729024132,5277.0,6381.0,105.0,25.696523898292426,-271.8960765885763,5,3,0,2023,top,0
3,4,6,8.765924510046023,425.1691094046616,749.122417607097,0.20486094683773262,0.9116377350242979,6105.0,,96.0,,-189.06560083378662,1,3,0,2024,mid,0
1,2,5,6.448745809481887,289.5696585122786,438.88497350144775,0.2728170794405943,1.8821145696098454,4089.0,6527.0,103.0,297.24814463008215,,0,2,4,2024,mid,0
3,2,4,9.014708581688073,303.4806520705777,601.0472611468086,0.11544347905230674,1.2374142983187728,5465.0,6508.0,110.0,287.2299239186004,-278.84670815335977,1,3,0,2022,top,0
4,1,6,7.177989015139893,376.5622821110869,758.032668052457,0.16694379374628893,0.7670555864868697,4805.0,6016.0,106.0,464.99385965922556,-398.9466171707271,1,2,1,2024,sup,1
4,5,5,7.949955493489696,404.5282132691431,741.7219626826414,0.17951771200048694,0.9511963667622634,6870.0,4989.0,72.0,500.70508258874446,94.7798809449444,0,6,2,2022,bot,1
3,1,6,7.966818516407855,387.32141811026577,430.1613575468048,0.1359214140524314,1.3600161928658192,6812.0,6346.0,76.0,-27.524682431462146,281.69438575729964,0,4,1,2023,jng,0
3,2,4,7.2473642758364925,292.48233692392864,633.5675878884294,0.23164009763970295,1.3650379217634236,6180.0,6299.0,,-46.13707445726967,-614.3128824248414,3,3,0,2022,mid,0
3,1,8,8.14726627035344,357.4246371304001,542.0342859740059,0.23539708627082742,0.6388668050503616,7196.0,5864.0,117.0,-167.51212987316262,132.21226229007917,1,1,1,2022,sup,0
2,2,5,7.930104614182702,261.3034336641347,560.62276881707,0.42170089912755887,1.1025746000376293,5525.0,6717.0,153.0,818.4007711931044,154.89177864956176,2,4,2,2023,jng,0
5,4,6,7.566262013628958,384.5039227246679,448.04287563877534,0.10161118433574237,1.4350802179671613,5411.0,5892.0,107.0,19.658318487242383,192.853322860601,0,2,2,2023,jng,1
2,1,6,8.174210969401397,332.5708593533193,627.5937437051032,0.21878443226029437,0.9611452369231244,6503.0,5759.0,103.0,216.57360794396322,39.62852604006686,0,1,1,2022,sup,0
2,3,7,7.496587751018906,391.1485568199695,631.8566773960657,0.26707441710366964,1.8025932193904988,6605.0,6118.0,84.0,-94.75248445565921,433.48162128539565,1,0,1,2023,mid,1
4,3,6,7.190961117730849,313.54586637441287,594.400246609144,0.21322219603540218,1.5579506302300667,,5843.0,95.0,,34.412438813123316,1,1,2,2023,mid,0
4,2,2,7.013017265637204,435.29104881657173,856.370701536591,0.12022753883414113,1.559740307607325,6218.0,5500.0,97.0,-442.66558929310406,,0,7,3,2024,mid,1
2,5,7,6.987128077541163,269.0317580183714,539.8375717005051,0.3092088422325986,1.6707398066623051,5809.0,7001.0,101.0,,56.603980435724765,1,4,1,2023,mid,0
3,5,8,6.52739937583908,338.1015653571715,414.3107616574574,0.16999398370776075,1.3213889395595273,5341.0,5491.0,97.0,-667.909367278175,,0,2,1,2022,mid,0
0,2,4,5.903798394550154,467.1512928088274,640.5845094021414,0.2169089057664396,0.8374886184573845,4800.0,5207.0,125.0,-688.0036476125177,-229.40361715863887,3,1,2,2022,top,0
2,0,3,6.9870612558528435,426.2188401335264,638.6121613579005,0.12049986698807871,1.7521982213133145,6071.0,5675.0,101.0,442.0710527895191,620.3795092173352,0,4,1,2022,sup,1
3,2,8,10.344160014269562,363.7298795971533,351.7687596001116,0.21439206500512475,1.3743960265594652,6000.0,7061.0,85.0,358.4671695583479,61.83771573373125,1,6,4,2023,top,1
2,2,3,6.098479266594207,430.538006093288,585.146951777931,0.2475639573721705,0.6766863954492032,5584.0,5845.0,112.0,248.08095693702512,137.29336705350744,4,1,4,2023,mid,0
5,3,4,5.846129721574088,287.3650267353241,448.0444658268624,0.15809409501631502,1.4635252680897357,4787.0,6628.0,106.0,492.6093801592789,140.7341007531609,2,4,1,2022,top,0
5,1,6,9.908559117334187,358.42537335628253,660.5780735720639,0.300651805390737,1.4444002537918856,5971.0,5188.0,104.0,739.9285035244955,471.1855825430282,2,3,2,2022,sup,0
1,4,2,7.509436531634979,348.53578774559884,652.827791183619,0.3544217973920617,0.7513171111925518,5554.0,,127.0,12.28918024507044,98.18555287096684,0,3,2,2023,sup,1
4,1,6,7.513053544031027,326.78362317602324,656.7013686410154,0.2589071134903103,1.607622218283136,6421.0,6051.0,96.0,351.25968913674956,-184.42425625472535,3,6,1,2024,mid,0
3,3,10,7.148206640355898,427.4263536652682,611.421670962762,0.4296559146939848,1.5943785148410812,5624.0,5267.0,113.0,-157.02557598438244,479.802750175039,2,4,0,2024,top,0
2,0,7,6.710096086007788,395.40592193601015,389.8335198350378,0.18533597813861502,1.8184891771116678,5739.0,6788.0,104.0,-270.6827864640856,-254.78943349321702,1,2,1,2024,bot,1
5,1,8,7.251828266452904,389.9906703144439,776.0020793558765,0.28081340039043395,1.9095805500162886,5576.0,6289.0,90.0,-380.4003191150568,,2,6,2,2024,top,0
3,4,7,7.389605961305665,430.44298225983925,461.3367352194872,0.3066736721306492,1.7097334994472984,5997.0,5295.0,109.0,261.88406588450033,326.77975801441187,3,1,1,2023,bot,1
4,1,4,8.772986344855926,300.97543846394103,715.5760569367353,0.33623127481986087,1.1597333884241325,6004.0,6406.0,80.0,158.1871852575729,208.16986784986847,1,3,3,2023,jng,0
3,4,7,6.816603804207934,270.67295253593755,583.6886862505766,0.08745269689970356,2.1938754043406807,6262.0,5968.0,102.0,-85.5212972174925,-452.77599132487893,2,2,3,2022,top,0
5,1,6,7.905609635843616,329.5000349802429,405.24711590338615,0.25426424218115956,1.1893033371760355,,6172.0,89.0,-584.631500431705,,2,4,2,2022,sup,0
3,0,3,7.652957401854467,422.46610760703345,497.70564541480974,0.09985341781239365,1.0853629394676227,5237.0,5506.0,105.0,-812.133618477643,-793.0880891803741,2,4,1,2022,top,0
3,2,4,6.643877899953456,327.71769456992274,594.4694154058841,0.2593609756996021,1.232667983055994,6344.0,6108.0,96.0,-895.0564565165082,646.2917512254264,2,2,5,2024,jng,0
3,1,5,6.887651329764032,317.6458434624733,577.7188260433325,0.2802414910472247,1.5503060996019955,7117.0,6180.0,119.0,357.64134786283006,563.029947572474,0,2,0,2024,mid,0
3,1,4,6.680111932005232,312.5800414456683,536.7661003677488,0.2382280284933488,1.9483941597961962,,6766.0,85.0,241.6165416145435,342.9950183087811,1,1,1,2023,sup,0
1,4,3,4.912134104564148,407.218485906246,796.2526994902241,0.18133335153159058,0.3395513415118738,5199.0,,100.0,-192.75962725819176,48.92538142207155,1,1,1,2022,sup,1
0,2,4,9.647118740447802,413.9880515353544,567.2303283206329,0.2398753039224134,2.382856510791099,5409.0,5939.0,101.0,200.9490294767707,309.0770087851615,0,3,0,2022,sup,1
3,5,5,8.683977788507853,409.4974775971698,497.5099107893417,0.1679235103940922,1.9174614398309755,6198.0,5995.0,102.0,-130.73150468716693,-358.49171535794375,0,2,0,2022,bot,1
3,4,5,10.028607215774528,386.67818525339135,465.0925823364448,0.31502616763982644,1.5891353065218894,5050.0,5663.0,110.0,21.660937737433983,-414.7932433861103,2,4,0,2024,bot,0
2,1,6,7.6863469037301275,275.85550834348845,606.217294966612,0.3193576292680698,1.6814645129482635,5679.0,5910.0,89.0,409.3093939193827,703.4698996541382,1,4,1,2024,jng,0
1,3,7,9.143608849790192,422.78346478951676,376.92531646939574,0.10118074853055843,1.1046576070422494,5840.0,6484.0,105.0,115.1880916185361,76.37821199326169,1,2,1,2023,jng,1
2,4,6,8.569179039115848,383.72297625340315,645.4264288443018,0.19933791667731254,0.5402710798881026,5913.0,5662.0,96.0,,-613.598575927471,1,2,2,2024,bot,1
4,4,10,9.552539100821212,452.79049814532493,553.8619032946684,0.26100313646824075,1.619811720212638,5746.0,5993.0,95.0,49.43310707710924,63.77675656109785,1,5,1,2022,bot,1
4,2,2,7.419772116995202,326.1264521739782,456.9499806848874,0.18151566383612563,1.996332600228728,6297.0,6276.0,129.0,-412.78091132491096,4.699234114701255,2,1,1,2022,jng,0
1,2,7,7.666171126869341,236.74400329214464,662.0910683722435,0.16638442252743865,2.0903508049897868,4552.0,4527.0,104.0,-286.56360833299914,53.96469376730518,2,6,1,2024,bot,0
4,3,7,6.494592077209823,373.71247479394276,469.71909070393167,0.16612818324263756,1.1390347533995893,5872.0,5724.0,97.0,-26.29448253314896,-215.63751052080923,0,6,1,2023,top,0
4,2,9,8.37136119744421,385.7741520466058,603.6807538176715,0.13259113442810463,1.9734707498885573,6253.0,5487.0,91.0,111.43938316432636,-189.7916646903558,1,2,0,2023,jng,0
4,3,4,6.744128937924836,393.7100020211323,532.8633001564432,0.1712321167563169,1.3197165794559824,5409.0,5684.0,121.0,-114.87817158692336,174.67068564168179,2,2,3,2022,mid,0
6,4,4,7.9339235723921355,357.0430846298019,378.25215007176666,0.26692260758513026,1.751535556925043,4527.0,5281.0,82.0,558.010203105662,376.569178245955,0,4,1,2024,mid,1
5,4,9,6.048882465869035,470.3451833200549,571.2538092453836,0.1193149326100768,2.1929365053449423,5331.0,6074.0,114.0,,-133.54152182160695,0,1,0,2024,sup,1
4,1,5,8.781615340130442,374.9229684150093,504.2662694859656,0.1866792775711422,1.0419740981351664,4863.0,6590.0,98.0,-53.818153052642785,291.1953301827642,4,4,2,2024,mid,0
3,2,9,8.755613102866585,343.3873773118273,599.7804462591765,0.20246488137565877,0.648951584086283,5513.0,6314.0,100.0,,38.45778046643983,2,5,0,2023,bot,0
1,7,5,7.874642439436844,353.3280260499376,621.4259557844504,0.10688315259742126,2.1098178428359278,5232.0,6391.0,101.0,-155.4216740686938,,0,0,1,2023,mid,1
3,5,3,7.6057884192669,341.3813367788274,510.08272833206433,0.18633457652128224,0.803554632191381,6940.0,5638.0,89.0,-470.1033172680715,-656.4652939110437,0,5,0,2023,top,0
3,1,5,5.456635608592392,355.2488351816692,385.6908045016786,0.3124686528832517,0.9989537072828146,5973.0,6002.0,95.0,26.142369893696696,445.70012208771493,1,3,0,2022,bot,0
3,3,7,8.401923350252982,403.42337443175546,463.10991281510996,0.1293014687614173,0.6709655974925745,7283.0,6326.0,90.0,738.6038027859561,,2,4,2,2023,mid,1
3,0,3,7.963343542169858,471.78327541426427,627.9528134193491,0.09231685347586682,1.0257537836820936,5865.0,5377.0,111.0,955.3971187722736,223.77208551529588,3,3,2,2022,sup,1
2,3,7,9.431923339396448,345.4681713571632,546.1550243626046,0.1750075641523072,1.1380315929475642,,6256.0,79.0,500.88459962285253,163.82872910377702,2,3,2,2023,sup,1
4,0,5,8.972180120389915,344.814020248606,720.4069394628636,0.24179093588406958,2.075946700941482,6297.0,5953.0,,509.25927125703345,83.42465278658484,0,1,1,2024,mid,1
3,2,8,8.409104169462159,257.03921156388884,528.9954358256423,0.3287037186103712,1.5729795001006623,5355.0,6316.0,114.0,86.01286894963647,447.208104026411,1,0,0,2023,top,0
1,2,6,8.818170783868869,372.07570922168634,364.62704585952076,0.23818010480386892,1.4411088908064489,6156.0,6045.0,119.0,209.0318943935284,-322.7403460974518,0,5,0,2023,jng,1
4,2,3,8.386965437913677,378.31092328973943,639.1324656706163,0.26016974728132014,1.561461222118264,6400.0,6011.0,125.0,440.05850686941955,,0,2,2,2024,top,1
4,4,9,5.878896042370158,251.41861806902267,539.5595688871373,0.06747920741121141,1.7313997285362004,5827.0,6178.0,97.0,-373.04808143616947,-79.92742836234923,4,1,1,2024,bot,0
2,0,7,6.312278139498024,339.4573690353762,409.68210196243473,0.13340230890750077,1.7192019571708932,5699.0,,112.0,-834.6190441110467,351.06184378848684,5,2,1,2022,mid,0
4,2,9,6.932990564502656,323.3233469456632,726.7265962550343,0.3366680760380131,0.9298496379788694,5524.0,5349.0,93.0,251.85820950438938,297.14767158355755,0,1,1,2024,jng,0
6,5,5,8.029950642083302,438.66145269751144,490.8957913124882,0.1989143809579604,2.110267260185374,6525.0,5060.0,102.0,685.3400798062637,210.5469169809262,5,4,1,2024,sup,1
1,1,7,7.801689934027702,360.30284138063456,547.8113987036107,0.26981527919023063,2.213858023877572,5518.0,6350.0,52.0,,,3,1,0,2024,mid,0
3,2,9,7.5706590058871175,358.94271826084025,832.7560359929865,0.25605933136267306,1.3260407378148644,,5807.0,98.0,123.68153996510298,126.0053292601132,2,1,2,2024,jng,1
3,3,7,7.080512903086302,471.64928990932793,577.6235379681009,0.28069580476001843,1.7527667433711809,7330.0,6883.0,72.0,446.49701951738564,26.661957434149386,4,3,2,2023,sup,0
3,6,5,7.574000894363532,343.35466397504837,691.9166763654175,0.28320272996204854,1.1861547770084022,6088.0,5880.0,68.0,-379.9803436169474,-917.7682208376073,1,3,2,2022,mid,0
3,2,3,7.359819179522342,477.46760902191124,480.41986752078384,0.1767187095532618,1.662627025116905,6115.0,6286.0,119.0,284.51690675371555,-41.385595695759804,0,3,2,2024,top,1
4,2,7,7.206769051191072,374.68507774236997,577.152589860224,0.30207108091544516,0.9201910640233719,,5748.0,97.0,52.73983834255388,-147.75920253533315,5,3,2,2023,mid,1
4,5,8,4.726978923692503,370.81397432240817,555.8588279763621,0.048411837839039684,1.2102192240708551,5979.0,6025.0,92.0,125.8018485241738,-63.97388694352981,1,0,5,2023,top,0
2,4,5,6.420034942542015,426.4139840696374,332.1493836717787,0.18597621223495817,0.9012775329496584,6123.0,,,74.42224495490339,413.84168935025434,1,5,0,2023,sup,0
2,3,7,6.453938652160786,401.65609983252557,322.35422783871763,0.0665916747137506,1.197735622117238,6492.0,5740.0,,-151.8768485241065,-455.6328617753982,1,0,0,2022,sup,0
1,1,6,8.62960759418417,355.9354740978591,201.40828223460272,0.12023507044908033,1.2929953837008046,6239.0,6243.0,103.0,1016.2829765066297,-52.60039509476008,1,1,1,2024,mid,0
7,4,5,9.144137944484322,382.9524498773122,625.4424990844186,0.08405604269087205,1.5173033667568705,6118.0,5094.0,114.0,-61.82825381502991,206.84725805528916,0,1,1,2024,sup,1
4,1,7,7.580117549716269,365.0620361219897,344.37066394173496,0.3487874471793599,1.4194077191786856,5225.0,5760.0,104.0,-258.991091713318,,2,2,2,2022,top,0
3,5,5,6.453539120762541,318.2250185452361,605.2459929633953,0.23054091401960883,1.53589808077336,5059.0,5536.0,114.0,-114.69382964163117,-232.72797135896502,1,2,1,2022,mid,0
3,2,5,7.820331470044791,486.8699894439166,317.4184033681313,0.2903733644557653,1.5139003801283304,6001.0,5919.0,90.0,188.66345688675622,-297.38829551753446,1,5,3,2024,mid,1
3,2,7,10.042634165559534,403.95422152105795,704.1209418446296,0.26006366154456795,1.0516869912295608,5564.0,6173.0,107.0,-559.5706595049194,-137.02135991364833,0,2,3,2022,bot,1
2,2,7,8.410345141483386,365.9897817610739,423.70382451021004,0.24210688250639584,1.1857376264890152,5829.0,6035.0,121.0,-181.85606445289338,35.2435545802761,2,1,0,2024,top,0
1,2,4,6.10702213667778,354.0899656258026,422.44434422552786,0.08324037779022983,1.111162313208969,5944.0,,86.0,-201.17343798392176,-228.19267969245948,2,4,3,2024,bot,0
3,4,8,6.0937945696331655,466.28748243202404,393.43472305046987,0.2597911945158762,2.3798778421400013,5931.0,5932.0,108.0,844.665173234547,363.3047293316787,2,3,2,2023,jng,1
1,0,6,6.2414623103134925,410.55379356590953,407.9995588863452,0.3008761480074743,1.2247533905765198,4617.0,5973.0,81.0,-485.5333279255639,-181.731317526442,1,2,2,2024,top,0
4,3,3,6.636126021432425,411.96875096310447,712.6580921652701,0.3037804464021677,0.8834748880933649,5720.0,4794.0,85.0,-26.644510343438753,-228.4454028422797,1,3,1,2024,jng,1
4,3,6,10.543431027112183,373.2204535220316,495.2171770486766,0.2801788576952199,1.8249886689568866,5547.0,6853.0,106.0,-388.1424847277543,-23.513925011341797,0,3,1,2023,sup,0
1,4,11,5.802390724795199,422.15377834062485,569.5719739289493,0.18863377951960617,1.0331644708310845,6714.0,,100.0,-374.03271258217654,-250.25338983131047,0,4,3,2023,top,0
1,1,3,6.143197134353893,372.62632602235414,630.3524669610324,0.17929637635276977,1.8377995500081463,6754.0,5935.0,,-91.45415718176966,-498.92834635665537,2,1,2,2023,mid,0
2,1,7,6.418542220881162,306.57534855865265,518.2430774291788,0.1910661696686492,0.9311861316094524,5973.0,5490.0,105.0,114.11597062387125,-386.8948840040393,2,3,1,2024,top,0
2,1,4,6.42530123834812,488.4655154291942,591.5754647323885,0.4006159208934114,1.3857253083025365,6494.0,5982.0,109.0,319.5128130245944,102.3458137921035,2,5,1,2024,bot,1
4,4,6,7.608772117003578,311.74681796052715,578.1877207173602,0.29848048296530405,1.5507253569108146,5349.0,5740.0,87.0,68.08776363165526,-78.36484920181817,0,2,1,2023,bot,0
3,3,6,9.210851437722562,373.5310602708307,647.5912670152447,0.29998146658243474,1.7906138890295944,6286.0,6431.0,95.0,90.26143748477412,,0,3,1,2023,sup,0
5,6,12,7.765495134132915,237.41498871373318,955.5329354351711,0.2583758975379426,1.8232486131944303,6191.0,5876.0,120.0,236.98383463061248,-243.66813657238473,0,1,0,2022,mid,0
2,0,7,7.889484302779169,336.58341038674087,474.14955281767476,0.2779415678515211,1.907516420218073,,6924.0,74.0,-405.90713466850775,-252.98040379265052,2,1,1,2022,mid,1
3,1,7,6.851963673617775,490.6854493368601,454.84510174844576,0.1518094558042697,0.8665996854315161,5888.0,6801.0,94.0,-371.3446657987208,115.12923776538744,0,2,1,2024,sup,1
4,4,5,9.52350567217799,391.7120614465289,511.1344960641221,0.36891302627155353,1.8015474466099735,5272.0,6966.0,117.0,-224.9827645146902,394.2607452350856,0,1,0,2024,sup,1
2,1,5,10.35518421054329,395.7711486762221,525.9203467500499,0.30503100155930485,2.0014433736582977,5162.0,5937.0,86.0,-0.38387538672259325,469.5000511088767,1,2,1,2022,bot,1
3,4,2,7.989977305499247,436.99099901924177,473.1411217674025,0.34304908673546275,1.633575387152554,6206.0,6305.0,104.0,384.1825611961067,542.8356924632582,2,3,1,2024,top,1
1,1,8,6.498959882526661,374.4184281426545,528.7750883467847,0.09563735572731469,1.387857698805504,5590.0,6743.0,115.0,-331.8047892883912,53.682908874370284,1,2,0,2024,top,0
6,3,5,8.549426227661414,361.7719480798535,363.67119324866957,0.24767067766893625,1.2518404505602283,4473.0,7102.0,92.0,289.51512026313696,242.35996321298506,0,0,0,2024,bot,0
1,2,3,8.261529676362583,337.2028112335204,362.74017177102365,0.12444747699021246,2.1240827636891333,5582.0,6102.0,59.0,,-37.38683276556455,2,2,2,2022,top,0
4,2,7,8.498502044494014,410.41570819597194,603.7621605282084,0.21227293682662274,0.80535282082955,6373.0,5920.0,,209.60463102501322,,1,2,1,2023,bot,1
6,4,2,8.502294773922758,371.8603503761058,497.86607256129463,0.09028643663671812,1.368939859480888,6156.0,6749.0,97.0,-95.12769550933609,-184.1099337391015,1,3,2,2022,bot,1
2,2,10,7.732091067646179,274.8353055207519,652.241397465735,0.14793694368305738,1.022661710328105,6261.0,6464.0,109.0,-48.7625106722249,-197.20196282449092,1,2,2,2024,sup,0
2,2,9,7.132372311166952,326.3791120235164,615.2759213596323,0.10899910208499003,0.9727333137971035,4791.0,6242.0,120.0,321.4692890267657,-339.01631618489444,1,2,1,2023,mid,0
4,3,6,8.403359599067274,366.2335819076025,598.2962445584513,0.21069611047935086,1.7678347044369191,5949.0,6304.0,94.0,-284.72409771453545,359.72473118255635,1,2,3,2022,top,0
2,1,4,8.184078009464097,346.33376747382397,394.2484638123409,0.23824538199361234,2.0857445392774956,6389.0,6243.0,84.0,-386.9578093706923,-528.8106684478307,3,4,1,2024,top,0
2,2,7,8.67384469005172,408.7715053129489,498.86962647605395,0.14563440557097046,1.5306510941716085,5540.0,5938.0,80.0,,-393.82919152809586,2,1,0,2023,jng,1
6,0,7,7.302773517095143,458.1913126014573,607.9429512731067,0.10275706763107306,1.5305355304375523,5521.0,5551.0,115.0,-406.59198245397084,-272.55621543537507,1,2,1,2023,jng,0
2,4,6,9.156720868438965,429.85263390532094,398.85404532552764,0.29162477231362594,1.457287244941931,5867.0,5929.0,87.0,-175.84879404842485,38.722597784021104,0,2,3,2023,sup,1
3,3,7,8.082403010673334,404.49829426538224,407.3970296319558,0.17568634828037918,0.9626524239540857,6798.0,6236.0,99.0,-383.75640669848053,235.3075116487529,1,2,0,2024,jng,0
6,3,5,8.317482443160225,324.55379734519113,642.7073998747535,0.2790703966670527,0.9627289513600061,5233.0,4976.0,104.0,414.97925889052215,-157.10047893251237,2,1,1,2023,sup,0
1,0,7,5.6549848846519355,378.0187070464199,454.16906017692907,0.13458351992578738,2.138359940308723,5052.0,5452.0,90.0,435.4720619861805,-441.2888849501346,1,0,2,2022,mid,1
4,5,9,9.211898970560041,394.69286100310416,320.5583398150651,0.23639446516527327,0.994204234028583,5830.0,6128.0,85.0,-187.34354788630253,384.67895136952416,1,2,1,2023,top,1
4,1,8,8.343274238403872,428.6125515780234,663.5403612221683,0.15526945183749602,1.803110136000122,6139.0,7130.0,106.0,172.09513614321398,-277.60729738526976,3,5,2,2023,top,1
5,3,5,9.435813527462635,323.8943543390066,834.8341076463815,0.12120013349886775,0.9960168930558075,5624.0,5668.0,110.0,161.8170698628926,531.2267681113872,3,2,0,2023,bot,1
4,4,7,8.385020833993753,368.72289390643743,370.36525776782014,0.32838210633086523,1.373527730447067,5797.0,5529.0,,419.07759705543424,-320.8211737507378,1,6,2,2022,mid,1
2,1,7,9.014316848303336,428.5679725396471,621.4865988924917,0.3904891811265767,0.910746721523721,6042.0,6548.0,,891.0761332287816,265.527138472287,0,0,0,2024,sup,1
4,3,8,6.301066879830432,368.0716014873514,472.3302497971827,0.31029492847974516,1.028963071826827,6175.0,6267.0,95.0,111.74369206161026,-4.9313676105939095,1,2,1,2024,jng,0
2,2,2,6.616650640063363,337.13047902053427,434.0907387441016,0.30870905509943086,1.3489105304372753,6303.0,6866.0,129.0,,67.52549490293099,2,4,3,2023,sup,0
3,1,2,7.25607753799152,353.6409375665246,521.2740676685181,0.10408919482312111,1.751113897268944,5514.0,6238.0,106.0,-473.74171211132585,-247.40073352521176,0,1,1,2022,mid,0
3,1,3,9.86464381276352,343.728588529574,378.1061262578689,0.15160850955719707,1.052875293562617,,5889.0,,277.9100739326807,99.96171532941844,2,4,0,2023,sup,0
7,3,7,6.418138978222012,355.382670034929,581.4186826110794,0.27664202645301106,1.940023043798047,5941.0,6203.0,93.0,-612.133695874757,-202.75405066172553,0,1,1,2022,sup,0
3,5,8,8.06957834153343,400.29172240185613,477.13438331880405,0.02,0.9202345873678198,5612.0,5130.0,81.0,57.72546200381467,749.6141632645288,1,4,3,2022,top,1
1,4,8,6.478415671155838,394.0792270006826,549.1037092900715,0.11053704582122309,1.572682614742237,5316.0,6230.0,91.0,,485.84611659670554,0,4,1,2024,bot,0
1,1,7,8.411034924422651,442.8362622116627,242.47587744411322,0.2661628834242532,0.7913189184340252,5513.0,,102.0,-33.82188447809541,-602.4010041317761,0,4,1,2023,sup,0
5,4,14,6.909477089985954,412.8792544599605,498.05960207683466,0.3124716846574056,1.582965331487916,6341.0,5991.0,111.0,787.8662096287081,399.8847898813758,0,2,1,2024,jng,1
1,2,7,7.702156884334097,409.4157550280401,728.1109471821784,0.1258705363933093,2.297799657509308,5145.0,6303.0,106.0,-351.1575886809857,-406.3528708841121,1,1,2,2024,jng,0
2,5,2,8.226624822248917,332.20694132125425,509.9770288470047,0.19103677655175477,1.534372345246715,5887.0,6268.0,106.0,-144.1463585357461,-287.37797306734217,3,3,1,2024,mid,0
0,2,7,8.247558525731492,398.4202634239369,597.1796400951199,0.23313642275746949,1.1074994784610586,5567.0,6236.0,94.0,168.54002739530725,200.50903713984533,3,3,1,2024,bot,0
3,2,8,8.902956239271678,417.2778442974287,476.99559246208986,0.19710723995854648,1.3359808090519476,5250.0,5592.0,96.0,,-212.9611587172979,2,2,1,2022,mid,1
2,2,13,9.852331767717796,348.9744979812688,652.9779205438917,0.06850034675294286,1.5918742726950699,5819.0,6136.0,86.0,-31.582326311360276,,2,2,2,2024,bot,1
3,1,3,7.716949836915059,387.4553653380406,499.327582593068,0.3155631798526687,1.2373700816646842,5978.0,5618.0,113.0,-109.44142979710699,445.51473001583787,0,2,1,2024,mid,1
0,3,6,6.625568051550023,329.85009386978567,699.3252687225902,0.13917143655166497,1.6749602669943866,6074.0,,100.0,30.736304026884312,-791.4180677314818,3,1,0,2023,top,0
1,3,7,6.429712019881405,355.15996809115774,549.6299651695717,0.35792543153757794,2.0685324162462266,5692.0,6276.0,93.0,-407.14862944801126,30.758160061402393,3,1,2,2023,sup,0
3,2,4,4.829368833394237,398.3779182981927,313.1537844947544,0.2674709588175014,1.5970446492399557,5169.0,5711.0,101.0,,-279.0086532850429,1,3,0,2024,bot,0
4,2,7,6.614593226728604,267.7107126740323,576.456932323651,0.15791644585553227,1.82021765189022,5626.0,6108.0,95.0,-259.37554312441796,256.4599086088,1,3,5,2024,bot,0
2,2,3,7.57026228393889,460.4511496387624,709.2212555415073,0.11993701318875512,1.3646349203289747,,6328.0,114.0,831.4734091677531,-0.39285856616672277,0,2,0,2023,top,1
5,2,5,6.827497445486886,335.56302994190503,664.0336693402196,0.15986458184973715,1.5835959252642522,5553.0,5598.0,96.0,-346.97759241673714,-48.949940467631194,2,5,0,2022,mid,1
4,4,5,6.591154210984072,431.23489764849484,364.4561866896415,0.11103080537532653,1.7575173658283876,,6230.0,100.0,496.7009666662019,-139.94551387283832,1,4,1,2023,top,0
3,0,7,7.551232253456882,421.5044803153096,463.68416338752354,0.21699641004632794,1.39529921514795,,5396.0,104.0,-55.459956629318924,-929.2201097295874,0,1,4,2022,mid,1
3,7,7,10.371520686198744,408.209827441418,499.64207814693407,0.18287882177628642,1.397710667907514,5588.0,5532.0,66.0,164.58449728017916,1121.3642450276532,1,3,0,2024,top,1
3,3,4,7.262099119626464,484.8994079199206,271.58455997885073,0.24254084325157177,0.936997976623802,6549.0,5179.0,,-46.44183393369331,27.172355389147626,6,3,6,2024,bot,0
4,4,9,7.038339102853546,368.7420109067807,581.1046550061202,0.3029695066334443,1.2243208057718131,7179.0,6045.0,112.0,127.09063317732333,-540.3367396821887,1,4,1,2024,sup,0
5,1,8,7.366983012854676,425.0593478501372,429.8006214969269,0.12558611733624128,1.5019220927881352,5679.0,6245.0,125.0,493.0609050298531,-198.60597558807535,3,4,1,2022,top,0
1,2,6,6.706012957367476,314.5908471179675,246.09138165859622,0.14248630639174456,1.4076413095721427,5281.0,5448.0,100.0,401.7234558830919,-537.2820318893165,0,3,0,2022,bot,0
5,1,2,6.1499071478082,351.59305807809096,595.2396437582273,0.25989902499180806,1.2491406297049643,5861.0,6128.0,83.0,-129.62307058903303,-559.7385871465058,0,1,1,2022,bot,0
1,3,8,6.124595197428446,399.20734428707107,606.8012248975984,0.18277324211825444,0.9313516630191616,6044.0,5923.0,109.0,169.31750618229952,-436.9021391141896,1,1,3,2024,sup,0
1,3,6,5.827189574315111,403.1458415274694,100.0,0.23224328073873127,1.0249658294163546,6059.0,6367.0,100.0,-108.51206453768066,,1,1,0,2022,top,0
1,5,7,5.691010942339567,322.43026925571155,417.86371089572503,0.4918541292151386,1.5903074193451607,5926.0,5962.0,,78.19068807340187,-163.4216757946639,3,6,1,2024,mid,0
5,4,6,7.59263589615004,341.71004285720096,491.27783025682754,0.23757203420227382,1.0518212020710345,,5963.0,96.0,-23.939537899635297,-25.50190978562,2,4,0,2024,top,0
2,5,7,7.965225317899122,362.31382478609504,701.0452968802532,0.25501342793975135,1.8650082263567935,6057.0,5970.0,122.0,-217.88342859831556,456.13964326072977,1,2,2,2022,sup,0
1,4,4,6.881081476770874,402.02076561145367,735.4786905041989,0.16741311051584168,1.2486625842848103,5615.0,5855.0,111.0,-661.0080313525427,,2,2,1,2022,jng,0
3,6,5,9.005489898105907,412.5233277731011,651.153653533888,0.23357778686183256,1.2984996857131428,4882.0,6527.0,113.0,164.95392487989096,49.459332184299825,0,0,0,2022,bot,0
3,1,4,9.261799473378959,364.5165015472092,506.04879643215054,0.2004932025257751,0.8621870095179754,6268.0,7761.0,105.0,786.9191560011001,243.46782317592107,1,4,0,2022,jng,0
5,3,9,6.964836692548894,321.86024688916046,463.1642367676608,0.15125322876720532,1.3710054759242996,5903.0,6484.0,90.0,405.185845288426,-240.18239057379282,1,2,3,2023,sup,0
1,2,4,8.672778734779332,402.44093705565973,564.2524466746648,0.2663116777563223,1.602098564064927,6789.0,6144.0,89.0,-554.6825098961795,-268.0492502689073,1,1,1,2022,mid,0
3,1,4,6.885098802684809,358.254091668559,682.4580344563828,0.11825444847038838,1.7303519018288767,4807.0,,98.0,147.6591302222154,-226.24467843383235,0,2,1,2024,top,0
7,3,5,7.293490272831697,398.44143319671736,660.0245887454247,0.17346763237900992,0.9169804338347833,6605.0,6932.0,134.0,,-444.0330356737825,1,2,0,2023,mid,0
3,1,4,7.943595741967508,450.7295496920748,679.7277504149865,0.15225663400306072,2.4055844440934493,6767.0,5790.0,114.0,-453.34220621211455,335.9280442996967,0,4,0,2023,bot,1
1,1,4,10.227860380399893,334.6977774073189,515.4649345901215,0.21802640834905182,1.8517067434179297,5991.0,6184.0,70.0,54.87438250665204,-260.61664628419754,1,4,2,2023,bot,0
5,3,5,9.50026858603659,431.42789424093826,739.3602820973725,0.2680811507969504,1.165882699358599,6277.0,5045.0,90.0,502.1790378010843,352.2936100498482,0,3,2,2023,sup,1
1,3,5,7.236849517324986,418.0205606081087,520.750573927719,0.180852332551321,1.1966170378118473,5699.0,5586.0,104.0,524.4789617731786,188.82123888224132,3,6,1,2022,top,0
0,5,9,6.884310489225399,306.9067063345772,576.0537905075819,0.15829338982122693,1.8277484988052304,,6464.0,89.0,474.4477326425585,23.156168025127258,1,0,1,2024,top,1
3,3,8,7.992637632080685,376.6015539543815,303.25430968922797,0.30673813380854975,1.7092911375601056,5264.0,5494.0,96.0,-896.129532257859,-44.18049145011088,3,0,0,2023,jng,0
3,4,3,6.944924060393982,313.8337460504566,819.4515617560814,0.17250732569617347,1.1576708617490947,4805.0,7210.0,106.0,481.9600376545593,-135.29431697276453,3,3,4,2023,sup,0
4,2,5,5.55550564966116,437.2381470076805,615.200433746491,0.28381741062297794,1.7438537416187208,5402.0,6189.0,104.0,201.0848460741389,768.9351544166815,3,2,1,2024,jng,1
3,1,7,6.9190998721533035,397.0498150982167,505.58405125394614,0.3916316135094464,1.438311065328115,6672.0,5252.0,97.0,-228.74507827258327,421.77828941659516,1,3,2,2022,bot,0
2,3,4,8.299013936388958,274.37017738884276,472.7612351353791,0.07997187196017613,1.4638919518746227,4583.0,5698.0,73.0,-233.73385496130462,379.4299127819789,2,4,0,2022,sup,0
3,1,6,8.468231122591273,396.84546823812866,454.84919479381705,0.2092135016637638,0.8399442369190481,5809.0,6651.0,93.0,384.2224106513387,,2,3,1,2022,mid,1
3,2,7,8.791564497818941,312.3638032938635,385.16133826221954,0.1038334631528164,0.5514019360605062,,4995.0,110.0,-352.6373195890512,34.573623513517944,1,3,3,2022,top,0
5,3,6,5.718949118513332,385.62278897536817,451.89095233235287,0.277233118227614,0.7877808078737674,5768.0,6027.0,,-317.61812113898606,-2.252587856052031,0,1,2,2022,sup,0
3,1,9,7.105539181653812,419.0402335084597,615.0496284467667,0.2841657516224051,1.1990307291750384,5392.0,5797.0,96.0,-160.2605127706159,-141.94919881555188,3,2,1,2024,mid,1
0,2,7,7.622983892558328,379.25929582421253,525.312642220597,0.13195275162074666,1.1966382334804644,6434.0,5717.0,91.0,289.09641717311143,166.45721868918116,1,0,2,2023,bot,0
6,0,3,8.173432497561112,379.6752982182652,518.663720347878,0.2032153466601657,1.2258250186028783,5290.0,5451.0,119.0,342.22570471597663,-226.21337716646912,2,6,1,2022,bot,1
1,2,5,8.1009188350951,315.57635687478717,421.3709757452359,0.25069401563786753,1.8310275881945084,5216.0,5444.0,96.0,65.55419214491792,-414.9236862375413,1,2,1,2022,mid,0
4,3,7,6.6371687301963345,389.53160639647695,427.1112872560382,0.11550007622018105,1.645921216623306,6258.0,,88.0,-80.56078583115355,-185.08590400791178,4,1,1,2024,bot,0
8,3,10,4.955687694415205,412.7147299433133,606.9561287932149,0.3456049189783814,0.9350694776180568,5819.0,5751.0,84.0,559.5360721974823,-388.01813033677917,0,5,0,2023,bot,0
8,2,4,7.227500560819612,422.63695379565,553.0821555135949,0.3061988719218934,1.1057128488779664,5087.0,5919.0,104.0,-1100.4416976333391,-136.57139359702848,0,3,1,2022,jng,0
2,0,7,6.604490038878381,335.1349403078784,533.3257527573616,0.08374665173450854,1.185578260213256,6223.0,4792.0,97.0,-99.9725474172099,40.52047377623302,2,4,1,2023,mid,0
2,1,6,7.137764444816274,407.7189290844781,435.25104560926286,0.4029237029177954,1.1307443707254161,5656.0,6295.0,116.0,-173.63951152638683,-292.0697239403522,1,4,0,2022,bot,0
1,2,4,6.778599399714182,325.8288819288004,641.3740565142552,0.30306732148352694,0.9073270769110224,5587.0,5045.0,90.0,-265.00479348448346,-534.7249354201106,3,4,0,2022,bot,0
3,3,4,8.786519179180178,441.4668362973878,602.1258581750035,0.34129986562032166,0.8946275332616095,6014.0,,75.0,-432.0360619686163,429.64361219613943,0,3,3,2022,bot,1
2,3,5,6.580473829196464,322.03134089327506,814.5432594408866,0.3449669937945589,1.6550395777817648,6459.0,5516.0,92.0,-201.1367364280189,-107.74703176904985,4,4,0,2024,bot,0
2,2,3,6.990940863424953,331.2506649483083,463.03593320409084,0.21291935319866578,1.7973378773999662,5046.0,,98.0,58.80054740293312,-503.67204159246035,2,1,1,2023,mid,0
6,5,6,7.507903234348768,355.85466046971214,498.13738734112917,0.21190866351419382,1.2799007963414546,5609.0,6182.0,127.0,339.1686136595171,-357.64699814824127,1,1,0,2023,bot,1
3,2,5,8.20907865135182,392.91573357377376,412.41085324081405,0.28198744055957575,1.3920563047123862,,5754.0,87.0,257.98752179762766,114.66475121919188,3,3,0,2022,bot,1
0,6,6,6.897867712463134,448.8090476329169,640.3464314135166,0.2039640727876742,1.5776905553437153,6226.0,6011.0,101.0,596.082818150693,-447.73570883898924,4,3,0,2024,bot,1
4,2,11,6.136100735868829,331.7022529733535,435.8140423868167,0.22838920543246596,1.267588121046327,,,88.0,-229.3178245608241,-402.4655342138778,2,5,2,2022,jng,0
3,1,8,9.407670974618778,336.02655154701216,545.9930782218602,0.27458839219085196,0.9201262060458759,5785.0,6486.0,94.0,170.81091921725152,838.7744543426147,0,1,2,2023,sup,0
1,2,4,8.670052979914235,438.59406473260066,276.8411712141435,0.14786221128403096,1.0915313902542563,6968.0,6088.0,92.0,415.26421297316836,253.88501950227462,2,1,1,2024,bot,1
3,1,7,7.653905938144937,364.4941284772139,518.2262647891033,0.02,1.627680010043772,5937.0,5378.0,97.0,-108.06315878627396,-248.40945569957088,0,3,2,2022,top,0
5,1,5,9.3777655891909,426.9737776804507,701.2009940437346,0.07441534910727271,1.5929503729461167,,6318.0,100.0,-454.37476799949536,690.5045201328522,2,2,1,2022,mid,1
2,3,4,6.010486510149651,329.9946638094751,644.5820950195789,0.25056868450354264,1.2423503208315678,5233.0,6305.0,,-108.90756181804899,250.03537861578758,1,4,2,2023,top,0
3,0,4,8.989045164270204,275.5353606848606,621.2566783796822,0.284112319416119,1.525401359281268,,4866.0,91.0,1077.0607075244739,372.1319025621243,0,1,1,2024,jng,1
1,1,6,8.756261634260548,375.78568577700497,534.3691929212173,0.11401386529346856,1.5314828131401765,5237.0,5877.0,88.0,360.92928641152514,219.67991146914346,0,2,0,2024,bot,1
4,2,5,5.782700594248582,397.535356750591,692.9470926018531,0.25008998940570976,0.6899958835428648,6235.0,,114.0,619.3069320651603,255.67344307912077,1,1,3,2022,sup,0
2,1,5,8.104971468815927,383.337742964281,591.459377044196,0.24906465595606653,1.2331897171154962,5171.0,6703.0,100.0,206.01211839112045,,1,3,2,2022,jng,0
1,5,8,7.2892281965259835,418.62098246158354,541.0296746325467,0.11980229688900117,1.978660117486547,5493.0,6185.0,111.0,-613.1766045774154,-110.66232560826585,2,0,1,2023,top,0
2,2,4,7.383130070699325,307.1544683753982,445.7805687527695,0.19555565333488759,1.3731358153279394,4874.0,6268.0,95.0,-489.48879343631717,181.13028888405202,0,4,3,2022,sup,0
3,3,12,8.22266441187776,391.31577997280715,522.4309716873612,0.3581382627356997,1.0419344368711356,6299.0,5727.0,84.0,-189.99503243347982,-140.6284949047017,2,1,0,2022,jng,1
6,1,8,8.209587727218123,346.21962844880034,457.6643405736591,0.1814530181743372,1.0823814173736876,5605.0,6508.0,104.0,587.991052551436,-901.3530421247923,1,4,2,2023,mid,0
4,3,8,8.393001663702965,394.70246268675794,515.5007859194181,0.29853088747648315,1.0118291128648722,5615.0,5232.0,99.0,220.41937004329833,-76.19770501481213,1,1,2,2022,bot,0
3,7,6,8.563044932515085,428.8609375935515,346.10872766738316,0.2599747768551773,1.5437791974802602,5118.0,5409.0,114.0,456.16266614841965,373.6863498827389,2,5,3,2024,bot,1
1,1,6,8.352933275535566,392.6176407154603,411.66167816021795,0.22750202127167063,2.1831094433460927,6037.0,6121.0,81.0,-750.5478637842672,372.6887317138695,1,3,2,2024,top,1
6,1,7,7.830213771888941,341.4167737620302,614.0379259222462,0.3645888824550536,1.6059015510580006,5777.0,5994.0,113.0,324.8850204559744,129.71502467697616,2,1,0,2022,top,0
3,3,3,8.458824019934184,241.0692802174015,560.4451336670471,0.1988179918518761,1.530317406462131,,5783.0,76.0,,,0,2,0,2022,jng,0
3,2,4,8.810636929804618,345.91593722326127,497.9921006408037,0.17023455042388733,1.0707373433599718,5482.0,5757.0,76.0,-283.0222291712364,-19.4269569676948,0,1,1,2023,jng,0
4,1,6,8.429700105195412,419.6148750270166,652.0283442452896,0.1960323399954381,1.702253949579633,5230.0,5907.0,115.0,488.5355917720258,35.24692990367713,5,4,2,2023,top,1
5,2,6,6.992079234036321,411.1549650232731,630.4257554129501,0.2473017602867817,2.4065173908638675,4886.0,6588.0,99.0,-372.45387313197125,94.71085478788305,3,1,3,2023,jng,0
1,4,8,8.124987464649692,406.90642216394275,603.6907721709429,0.3280489811420373,1.9373859316635658,6117.0,5995.0,93.0,85.7950456559684,-98.4268654480098,1,1,0,2024,jng,1
2,1,5,9.626306987618216,371.16079943412427,824.2064887937299,0.14507086707158467,1.351893964507778,6675.0,6623.0,73.0,765.984478358721,107.11549653098095,4,1,3,2022,sup,0
1,5,6,7.650562239764113,369.9992241041465,774.3561510374452,0.13229985768339914,1.1050635609296053,6597.0,6206.0,124.0,-109.08912864128662,,1,5,1,2024,top,0
3,2,7,7.7188307640536795,357.81078348782546,598.8917461274776,0.23182239769048082,1.4414431265044756,6104.0,5392.0,95.0,-176.74865889536943,-1049.0029459860275,2,0,0,2022,bot,0
4,3,7,8.716358388927185,330.2272570714793,655.6782479672518,0.21508129222819583,2.027582894473816,5423.0,6443.0,118.0,-370.39692000759715,4.869834923663774,1,3,1,2022,mid,1
2,3,4,7.689060907924074,287.73448404792066,393.3345996321375,0.23948868536273804,1.6059869141255037,5865.0,6979.0,74.0,434.59128744848704,-114.7717056233543,0,5,1,2023,bot,0
6,1,4,7.07997991320126,305.7717686003131,614.5593013248689,0.21873153152473904,1.220873793515584,6137.0,,,-208.50735103495109,313.2404687372838,3,1,2,2023,jng,0
7,3,7,8.59488802243105,488.38237888720704,362.3301597962868,0.16957950087511217,0.8221037056758977,5867.0,6093.0,120.0,-107.24905221639892,-125.41451496639309,2,4,3,2023,bot,1
3,2,7,8.652399567825135,328.84492303340767,467.4581259439108,0.14283009241232786,1.1620630432976742,6602.0,5647.0,85.0,195.74695311000562,186.9956071327972,1,3,1,2023,sup,0
1,3,6,9.057985200007339,350.4871829717951,332.2502116583829,0.032662504755080396,0.9545943999776338,5140.0,6109.0,95.0,-330.87322396798623,-81.25846539617345,1,1,4,2023,bot,0
4,0,7,6.588698031293976,273.0601725529468,744.7411917144747,0.3041484956796547,1.419539250035801,6225.0,5504.0,102.0,-181.38363431121013,-221.0374955213894,2,1,2,2023,sup,0
4,1,3,8.181553866765489,339.0867252668068,553.5076291490227,0.2323054647426523,2.3339818123345037,5788.0,,81.0,453.13808788149163,-324.271565115406,0,8,3,2024,top,0
2,3,8,7.501581427806803,406.3464763008295,520.4746167208251,0.1185860039701125,1.4240942541572825,6306.0,5914.0,84.0,258.06638024934915,-67.02654862136063,0,2,1,2024,jng,1
1,2,6,8.809441406937722,427.4997682882324,210.41572662360596,0.244049147791289,1.2199749994450007,6448.0,6070.0,95.0,671.9094376950625,-189.2408924320289,0,1,3,2023,sup,1
6,2,3,7.8027350124454395,404.4788522612045,841.0751693505925,0.3560129872626721,1.5910479379080535,6129.0,,91.0,565.6872734448577,1055.2499256743013,2,6,0,2023,bot,1
1,2,11,8.206711703062362,368.82202592215276,718.3099366712441,0.06446266669035317,0.8619304180480635,5323.0,6085.0,110.0,-358.60164663172225,-467.6308683947469,1,0,3,2024,jng,1
6,3,9,7.2880880371000725,411.4021377196143,555.0105006635298,0.17636189946283803,1.080429676943871,6064.0,5631.0,113.0,-609.0173376444127,222.82680636709284,0,0,5,2022,top,1
0,1,12,8.969250709911547,404.6325700274099,805.741220880069,0.2966200891715164,1.218122424327393,5587.0,5813.0,119.0,201.0179042572047,343.8740728976072,0,3,0,2022,mid,0
3,5,4,8.700384618045,329.9226415672144,406.2698768575881,0.12329879286334114,2.006306108796059,5030.0,6140.0,139.0,,,2,4,2,2022,bot,0
2,1,7,7.732301048524979,403.97856372719303,567.9870810416871,0.10781886700966313,1.6697145832363403,,5850.0,104.0,214.90305254990398,,1,6,3,2023,top,0
1,2,8,9.47251178154117,386.5536593228145,551.9621711137806,0.3018081428665556,1.6026951504862272,5715.0,5192.0,99.0,304.9055974573284,-116.64587600465933,2,3,2,2024,bot,1
3,2,5,7.577846414888691,273.0362424960653,400.4474514442484,0.3017067151680395,1.4752556802259602,5010.0,6115.0,110.0,-170.27680776392367,355.4749567474133,2,2,2,2022,sup,0
3,1,3,6.951721520491011,374.97767063319424,434.71415015625297,0.24391031901482846,1.4487210621596245,,6996.0,76.0,34.13208103213658,-133.38964788579534,3,2,4,2024,bot,0
3,6,7,7.349148694377311,418.6759019232493,546.6036792321065,0.21008701304737504,1.1437284230906726,4912.0,5452.0,83.0,514.4089023808336,382.3306257403355,2,0,0,2024,mid,1
3,3,5,6.575524226528227,331.34262935868225,361.3409168589265,0.16013607937965138,2.0290484702216944,5815.0,5908.0,94.0,-299.38586606298065,114.12236121565505,2,6,1,2024,top,0
3,4,6,7.607044697062776,403.7433217211582,407.0714521006342,0.17679078189362596,0.8276572636146701,6368.0,6335.0,89.0,,274.28861225148063,1,2,0,2024,top,0
1,1,7,8.136323364626946,415.83255512141574,606.9910923321511,0.2454875371925404,1.0958760092061284,6332.0,6146.0,107.0,-41.26317796489018,,0,1,0,2024,mid,0
1,4,5,7.330906434768908,408.6996342244101,428.19066809747795,0.10402933395550125,1.628723582045024,5831.0,6176.0,107.0,,600.297048672444,0,2,1,2022,sup,0
2,4,10,6.260089215034353,305.347662061599,649.7101367546803,0.24708192532896522,0.8977218494879865,5765.0,5753.0,99.0,,-434.72868514940836,2,3,0,2023,jng,0
5,1,7,6.413896763422749,371.89368307618236,654.257928792117,0.39085260515414255,1.843607736765859,4911.0,6151.0,93.0,-388.6503561327603,-206.27670580645088,5,3,0,2022,sup,0
1,3,3,10.15343833482283,447.6058324630719,816.000457606169,0.23691359669103135,1.061235967856214,5726.0,,115.0,321.0092546811961,89.24956313453835,0,3,1,2023,jng,1
1,1,6,7.732295565857065,407.1292947981278,486.76153572805686,0.1231756801291846,1.4816908095818033,5544.0,5213.0,,-763.963732123183,-220.62818531363007,1,1,3,2022,sup,0
1,2,8,8.533523340707365,368.049032145981,396.504194179794,0.32252368613682003,1.5951403263016748,5646.0,5193.0,102.0,543.3203654302106,-29.92874693873136,1,1,2,2024,sup,0
2,2,10,9.513147248321513,372.13618412449,373.6487172169806,0.2466454169270117,1.6710695687266273,4761.0,5216.0,94.0,247.2526890542315,-24.146178301170437,2,2,1,2023,bot,1
3,2,5,8.4422802107311,284.1942196995916,603.4092841631357,0.2427246100832536,0.608037656831961,6305.0,5935.0,94.0,,166.7522244721654,1,3,1,2024,mid,0
4,7,7,6.722658691422324,446.7963342957385,464.7472905753919,0.1402667036553631,1.1832553395064846,,5995.0,85.0,15.574717387438625,-232.88817814891854,1,4,1,2024,jng,1
5,3,6,8.660085134989126,403.0324618508377,585.4462564334458,0.08033732926541709,1.7052896401472304,5388.0,5397.0,94.0,107.11730605422392,490.6627354608023,2,3,1,2024,top,0
4,2,9,7.012955374864658,334.3603840667278,555.2369332175692,0.2320472188072518,1.885076181136835,5267.0,5120.0,78.0,-136.7947274572344,200.63014961534807,1,1,1,2024,bot,0
7,0,4,5.910356333003387,384.10863882030606,714.3590020009195,0.21560240971563746,1.1506173206311159,6120.0,5686.0,105.0,65.84565182104714,533.8465018444217,0,4,2,2024,jng,0
4,5,1,8.33275594240808,332.6140541704853,497.47985952075254,0.16832571593552964,1.455398300054037,5250.0,6107.0,61.0,275.30805511854925,-179.87134758044917,0,4,0,2024,sup,0
4,3,7,6.235434463363901,394.48350996804606,639.2966574331587,0.18409951411429218,2.3244451573841274,5331.0,6120.0,99.0,661.2436073394259,284.47624545707606,2,3,2,2024,sup,1
4,3,5,7.841741368579713,296.6769456893869,701.0997626559447,0.02,1.745032367115411,,5570.0,81.0,-134.06611200249745,-704.7775656564526,1,0,1,2024,mid,0
7,2,4,6.4998602283331275,414.22271528351814,475.0308477182395,0.2266700665971394,1.833163284703718,5058.0,,97.0,664.4883290918752,172.9108004434283,1,2,3,2024,top,1
1,2,6,7.027570794671055,372.9352601862825,716.1235308015717,0.25614766730307037,1.641330066603806,5488.0,6557.0,100.0,10.303689006075203,-239.4729019187833,0,3,1,2024,bot,0
6,5,5,10.199396582476227,452.18999136342535,456.59329219258706,0.20798497657640858,1.2282739193261516,5415.0,5699.0,125.0,380.71075545727183,78.04569881271702,1,3,0,2022,top,1
2,3,6,8.654365788297254,399.8098783390936,395.6927648389584,0.11442930929690258,1.3409799487940623,6134.0,5642.0,102.0,442.0328204326979,-32.86990249144799,2,2,2,2022,top,1
3,2,1,5.246632287431907,344.2304943189898,765.0759120051104,0.17432092488654477,1.087010001750375,6146.0,6118.0,84.0,692.6514851838169,-125.48437226146402,0,2,0,2024,mid,0
3,6,3,8.420335870730328,385.5434337922358,596.1179645431966,0.16136633676654918,1.2813976565213077,4633.0,5669.0,95.0,,-374.0254551465499,0,2,2,2023,jng,1
5,2,5,6.662188361568534,391.4621883294432,427.13796800950047,0.2980027243241984,1.3182898823062958,,5891.0,82.0,-236.67440552046673,-354.9865795879505,1,2,3,2022,sup,0
2,4,10,9.499755043548245,413.7526313539391,634.5514053441639,0.1637415083985631,1.4445684520780553,6022.0,6602.0,100.0,-293.5698090194474,-91.89895935343625,0,4,0,2024,mid,1
2,3,6,8.387679815161444,377.7391684380229,634.7090944841508,0.24709575476878234,1.4852344298092637,6091.0,5085.0,93.0,-413.7309504608742,143.73155574743154,2,9,1,2022,bot,0
4,0,4,7.506983573243982,460.8763343824981,503.7638045131704,0.212555394862282,0.9609726141995243,5758.0,5842.0,112.0,13.007820690605314,662.2541674653431,2,3,0,2024,bot,1
3,2,7,8.539645215487914,458.62873625613554,572.8936372726259,0.23056056822498602,1.551020446587822,7062.0,5422.0,129.0,-339.7848847715808,-290.014679590991,2,3,0,2023,bot,1
2,1,4,10.57538621839685,435.7909920648762,241.45240110732937,0.24259439468938707,1.4534316548908746,5405.0,6326.0,123.0,129.00935259272967,543.6885780851874,0,2,0,2023,mid,1
4,3,7,6.799776667385654,384.52478817390835,292.9403351748059,0.19338981206658518,1.871144603147361,6142.0,5475.0,102.0,246.06004263866294,-581.9622274597049,0,4,1,2024,bot,0
2,4,4,7.707013097573155,330.71361833448776,519.0051708196378,0.20530233764762815,2.212151273405799,6656.0,6241.0,110.0,,-179.55786122887974,1,4,1,2022,mid,0
5,6,7,6.205947042883707,405.1989244409281,556.7516340346491,0.08146185852716789,1.8601714037791768,6689.0,6409.0,78.0,-888.1137425731816,378.3722191279758,0,4,1,2023,jng,0
2,3,3,6.844524531648953,428.74591133359513,262.9532454130044,0.20205380459974098,1.8118895447828252,5435.0,6331.0,110.0,486.4554141974423,-222.93277394517622,1,0,1,2022,sup,1
1,1,5,8.085737977314476,496.9754119949795,563.6998913340942,0.18096259882514423,1.2019520440188136,5759.0,5239.0,84.0,-154.52389385405564,,0,6,3,2023,jng,1
4,6,7,6.474002242127281,402.48476044897785,504.9078533342194,0.19320699391008242,1.5465314597843778,,6070.0,95.0,-202.39273835959813,121.49652767880187,3,1,2,2022,sup,0
1,3,4,5.720137343568599,432.4825410898506,420.39970920391573,0.18767719694536864,1.5279420134811066,5794.0,5844.0,110.0,179.90647019007213,299.86868478248834,2,1,1,2023,jng,0
3,4,5,8.042067215138205,444.1412821367743,591.9272375848642,0.22283986673076625,1.08108656452911,,6420.0,90.0,316.7142197976792,-71.08475865823783,2,3,0,2024,jng,1
3,2,9,8.84106912670125,425.85497763153546,748.0852320870806,0.14823625895398046,1.4929499507069004,6212.0,5613.0,90.0,-108.66660673069953,-141.79173051776252,3,1,1,2022,jng,1
3,2,4,6.962450478950078,322.8619709512171,348.801505742101,0.10807273863993894,0.8151374115896358,5688.0,6354.0,92.0,242.61675142115558,-286.2864513615745,3,1,1,2024,jng,0
4,2,4,7.944628368133502,327.04959686044634,733.6543979841466,0.21109119795356185,1.5912193232954401,,5514.0,85.0,310.57456160107273,-287.0539895978104,1,4,2,2024,sup,0
3,2,10,6.230082724717953,302.17252974655673,512.0468284451877,0.12635616594608198,1.1714579610739775,6742.0,6416.0,114.0,512.7273764558836,-73.57903221552556,1,0,1,2024,jng,0
4,4,11,7.240586250809272,389.98135274956076,314.340311070842,0.24396511498582163,1.7132411105968453,,6503.0,79.0,-136.63577970793182,1061.691458632843,3,4,2,2022,bot,0
4,2,5,8.875008270765552,412.00894376653673,469.05198193119054,0.2394652139845487,1.5805892060621236,6914.0,5959.0,96.0,221.29820355819703,201.10857511816772,0,2,1,2023,top,1
4,1,8,9.914641401770753,316.35877702683536,643.4684601309928,0.2311824744394468,1.9383732289054043,6015.0,6033.0,100.0,-255.5215498206228,314.92316531286735,0,3,0,2023,top,0
5,2,7,7.324328161017599,269.3538201103483,718.3831648189494,0.2348089490391255,1.7127259189994215,5595.0,6408.0,89.0,700.5650831035641,-387.9219320211768,2,2,2,2023,sup,0
9,2,5,9.116204143921301,371.6171491615402,586.6355478794782,0.23088563071111806,1.3702362041351126,6143.0,6316.0,76.0,363.51707354028053,,1,5,3,2024,jng,1
3,1,5,8.717317392773827,314.92796828235777,595.8739244281134,0.2974045577119872,1.8365344203548803,5409.0,5883.0,83.0,-121.74977335166238,-494.436271695133,3,2,2,2024,jng,1
5,0,12,8.108755917069816,389.1159749903692,546.66678383162,0.09470871104191286,1.1637864989051414,6472.0,6778.0,,239.58866330176954,183.63136570031003,0,3,1,2024,jng,0
1,2,6,8.075084038086153,293.5986143643777,634.5156082969205,0.14383755282628805,1.5692700101282975,4782.0,5693.0,132.0,-298.7976986548998,-208.82729493995132,2,1,2,2023,jng,0
4,2,9,6.869524926741969,412.77579814100847,610.8398908116774,0.23055500166600076,0.8872908986216023,6101.0,6320.0,85.0,-106.12993580982666,270.88019878901605,3,3,0,2022,jng,0
3,2,7,7.5008148841829945,480.7311423814758,542.9663389950897,0.2792181992960654,1.6888382885621023,5911.0,,129.0,400.68279727951324,183.6566890009468,1,2,1,2022,bot,1
4,2,5,7.748246716157435,364.7304287122677,487.4666425355418,0.20006309258079427,0.6716700394874684,6472.0,5941.0,117.0,-252.36799182939606,-633.3461699129754,2,1,0,2023,mid,0
2,0,9,9.00126253250207,256.1506137485405,520.1958178197286,0.24066917296764403,1.552578955646417,5700.0,5990.0,84.0,-300.1024555590127,-428.1898979302885,1,2,1,2022,top,0
2,3,7,6.74642248301037,462.4172178429694,458.33676226567286,0.2335859860140556,1.9080340994296732,6667.0,6086.0,126.0,-446.93450752674966,-636.1249364745091,4,3,0,2022,jng,0
3,1,6,7.107013014467192,400.98777786784615,480.56958541484926,0.18152912164126195,0.5635723488452457,5223.0,5365.0,91.0,358.8476688067587,641.6123255500727,2,1,2,2022,mid,1
5,4,6,8.348671012102168,427.182278123693,817.600281413636,0.02,0.6053696681809295,5249.0,6557.0,75.0,217.5945135397685,527.8937565531428,1,2,3,2023,bot,1
1,5,5,8.156466875886652,385.91516818648876,584.3900805196322,0.11734508066058988,1.1177556709407914,5589.0,5608.0,,439.0400151254859,-330.02656111300814,2,3,0,2024,mid,1
3,1,8,8.335105029300918,432.50842626626394,733.3133685028513,0.32762745636905327,1.163083636185755,5521.0,,94.0,199.3281955923544,-478.2644644472023,2,2,0,2022,bot,0
3,0,6,7.792770270436499,416.03036920537824,403.0517464884181,0.36381287626624004,1.7872762725479547,5861.0,6027.0,,134.75291226723414,473.76176901474105,1,5,2,2022,top,0
5,3,3,7.4867618672025955,402.0164846046101,525.4913306252448,0.2837668917355441,1.0657685654329947,,5347.0,91.0,47.58444310567984,-630.0086345688527,0,3,0,2023,jng,1
7,0,5,7.656482912766023,440.9202390869023,724.5196740683732,0.22238746722577465,1.483943711657979,6031.0,5866.0,95.0,-8.212014743886797,56.20095196793659,1,3,1,2024,mid,0
5,3,1,7.465194552022073,407.1078337409107,310.006568195289,0.19956723503365995,1.142653197570208,5518.0,6140.0,105.0,614.8231457085425,306.93712155476436,4,0,0,2023,sup,0
4,1,7,8.891476933965198,378.06410433783213,330.9849336658524,0.2815613972804892,1.6861854617022658,6472.0,4966.0,105.0,154.28164423150935,,2,2,2,2024,jng,1
3,3,4,7.835686541289194,299.00549421892373,702.1403918896966,0.25698799418484125,1.2661308544082224,5851.0,6888.0,91.0,-394.3955891415293,,2,1,3,2023,mid,0
5,2,5,6.851932609381464,394.18877074845597,584.8143563129387,0.1194260941315937,1.4621814982595915,5435.0,4817.0,110.0,-27.450157747595114,-328.2685217247637,1,0,1,2023,mid,1
3,2,2,6.516139590784323,349.3966476232992,463.2374026424576,0.2042505147070396,1.3881575276342613,6307.0,5879.0,83.0,178.73089994383122,-216.3908742285991,1,2,1,2022,bot,0
3,1,11,8.653559793526584,360.8717441947107,293.5253164571193,0.24315451453725886,1.813433486501702,4524.0,5787.0,92.0,-1279.6910375186797,-694.2230622541454,3,4,3,2024,mid,0
2,3,3,8.449812495477525,326.85128618050953,669.008224630347,0.2777076447021085,1.5523505163549096,6319.0,6934.0,71.0,-33.80863273042542,-906.7208943767718,2,2,2,2022,top,0
3,2,4,7.014926661987452,429.54559183874073,514.2326448703138,0.36907263661083617,2.476094415566867,5336.0,6224.0,102.0,492.5807203667117,-72.95017935031115,2,1,0,2023,sup,1
1,2,7,7.363683776583706,385.2064028728858,490.870361591942,0.16427617804340539,1.2430825701008297,5791.0,6163.0,100.0,195.05686131203387,-173.48698230735135,1,1,0,2024,top,1
3,0,5,7.840023760770592,288.23740472155026,711.2163025458154,0.25478422469531825,1.2856513240169152,5732.0,6114.0,112.0,48.56296588329286,-150.38404889202675,1,3,1,2022,jng,0
2,2,4,7.453236876473987,338.755066382178,650.1663107291141,0.14752028492676375,0.9769329577576782,6315.0,5378.0,84.0,-50.44053232181062,216.91795321868864,2,1,2,2022,top,1
2,1,3,8.692412433329256,397.5249546027741,385.03052269360984,0.23324179546776247,1.4255386674741488,5224.0,5528.0,97.0,-328.48830401305855,-238.39769943774127,3,2,1,2023,sup,1
3,5,4,8.77967706752162,386.86579766149947,447.91615120568935,0.22303553193118172,1.4536561588397063,5360.0,6164.0,105.0,485.6326209993099,237.17248980709192,2,9,3,2024,mid,1
4,2,9,8.827910393892205,366.4089770263634,696.9656773362367,0.1356679276234568,1.7064058329229357,4985.0,5936.0,95.0,-477.7614835227688,17.97220057653871,5,2,0,2024,top,1
5,3,3,9.381539064904773,392.89372250048865,461.35643219451003,0.17142405922031445,1.5312975716489812,,5767.0,,-248.63696253811366,39.638634677261166,3,1,3,2022,top,1
3,3,13,7.934518390367274,284.90085893577645,621.0765992411605,0.2965201563759382,1.7417217898127149,6584.0,5559.0,,-549.2654268854521,200.05404602917565,0,0,1,2023,sup,0
8,4,5,8.193520869238732,397.0156921016022,689.6159356880947,0.2929496318781,1.3130678639738693,5615.0,7369.0,,-305.2551369268703,-330.1587841597366,0,9,1,2023,sup,0
4,5,8,9.990008377864097,330.7515362110305,349.4666888407744,0.24073776187731977,1.656092479764742,5650.0,6432.0,107.0,-36.12355547425162,-355.2797525553741,0,1,4,2023,sup,0
4,3,5,7.5659945083625315,364.2808427726205,294.0055722190647,0.2662869207133535,1.5158358136470775,5406.0,5816.0,,417.82315820954443,-268.16620780913604,2,0,1,2023,bot,1
2,3,10,5.851823824508685,364.7020702952899,546.9247843869214,0.3514003856883674,1.966471763816089,,5324.0,87.0,-205.0721969728853,176.1093872555137,0,4,3,2023,bot,0
5,3,4,8.672013104974756,506.36643255938577,548.9308573840704,0.043540291162483064,1.3260703262109301,,6024.0,113.0,248.93109271345168,75.01510180690414,2,1,1,2024,top,1
0,0,8,6.997888383059402,299.40988752434544,443.58979190665644,0.2940760364271879,1.161313052072701,5772.0,,107.0,404.2305829352301,129.054989040602,1,5,0,2022,bot,0
6,4,4,7.757806092246274,406.82067617415316,699.7575068437995,0.285441582248841,1.3405764969955438,5543.0,6178.0,111.0,-129.38648451552777,166.53656694859538,3,1,1,2024,bot,0
1,1,4,7.594202323358468,459.1036785620056,327.15034252508394,0.2717549227073585,1.3068148411664728,,5650.0,,488.2954388590034,113.80572971211879,1,4,2,2022,jng,1
3,2,5,6.48268202203202,301.13368036753474,500.3006394369602,0.193764494282023,1.664610658604898,5959.0,6296.0,111.0,206.40189837170777,-483.9247290182003,2,4,3,2022,mid,0
2,2,5,7.2677748802905855,361.567094491974,573.5182065418907,0.27668624877925146,1.3770117956295884,5944.0,6490.0,96.0,287.6665843927136,363.83547718048106,2,3,0,2023,mid,0
1,4,4,6.254019323583867,442.77711062624405,438.6834238097587,0.12301025658741051,1.6416021664970324,5083.0,6440.0,,361.39993553134065,355.9939820447849,2,2,0,2022,sup,0
3,2,6,10.508816336922516,388.1281248664561,405.47305188850066,0.2793438872207519,1.9741399782181333,6250.0,6410.0,111.0,759.8925986833592,245.86318818821337,4,1,1,2023,top,0
3,2,5,8.888824406947144,336.1770764419474,416.6126025433775,0.21993502434144074,1.6955339169789219,5739.0,6539.0,121.0,407.72685961169134,-97.02724347069673,2,5,1,2024,bot,1
2,2,7,5.675864719255223,459.3021305366444,406.9237483945967,0.20312786593473886,0.847153552776082,6099.0,6194.0,,,-432.17660826021853,1,0,4,2022,bot,0
3,4,9,8.918771628206914,258.32399200688644,656.1268839936012,0.2997124905543652,1.811209381510455,5696.0,6670.0,101.0,-671.9339353905298,36.05848835116751,0,0,1,2023,bot,0
3,4,4,5.64219633292637,452.98143312371684,641.8085668483565,0.04739566483497343,1.0174559039036317,5066.0,6294.0,99.0,198.45871050881473,175.64694674117808,0,4,0,2022,mid,1
4,4,6,9.60036081432276,388.18351835738815,550.8762799254434,0.23622115815968767,0.8865738753183978,6183.0,6610.0,106.0,-118.10744222311314,,1,0,2,2023,top,1
2,1,8,8.740146688140804,297.8778478266867,672.8872831311468,0.16571327071562747,1.4524163508785084,6910.0,6466.0,103.0,-225.19108042120826,451.3709237651876,0,1,2,2022,mid,0
2,2,4,8.598505213421067,444.2594182990392,577.7305707879337,0.2431368818313596,0.5683426008190205,5472.0,6467.0,111.0,-56.364357105197485,-29.9415374478194,1,2,0,2022,bot,1
3,2,5,6.768160828020365,262.2970225363796,377.25490900313304,0.16242525342483616,1.2140812566582608,6332.0,6271.0,85.0,-168.27800862369958,,2,1,1,2022,sup,0
8,2,10,8.27558780494758,359.0287147121647,589.2238071176222,0.26371046535470416,1.352023996159369,5968.0,4842.0,107.0,-397.0383574372286,229.71447870091714,3,1,2,2023,sup,0
0,4,5,7.250247965961106,350.5568498742107,531.3446371702543,0.31967608937692754,1.0786922773941994,6526.0,5979.0,114.0,540.1564066527793,,1,1,0,2023,jng,0
5,2,7,7.287084837360572,368.92703238531806,556.2928340274295,0.20842397972863058,1.033455959753063,5408.0,6710.0,110.0,-530.3557797859146,-150.46208019275338,3,2,3,2022,jng,0
3,3,6,8.582862186597017,385.13438273098404,510.7181590803212,0.12297617822634471,1.5254355115456475,5836.0,5295.0,77.0,-693.2446915745581,68.70336046782305,1,2,1,2024,top,0
6,1,7,7.786655446738108,363.30596399097954,631.3834801910655,0.13752596497649866,1.3337236207264855,5500.0,6497.0,85.0,-130.40336812417524,241.0464268300893,1,0,0,2024,mid,1
4,8,2,8.859390800121046,375.9814981377402,305.94854700865085,0.09749604152725323,2.2971353612087215,6485.0,6063.0,115.0,105.53323869694381,797.2738566373076,0,4,0,2023,bot,0
3,2,9,7.615226249060205,382.6651886299704,511.3644991641267,0.10106545068666344,0.9505890764972706,5748.0,5338.0,84.0,139.56640027288736,430.7371565484665,0,3,4,2022,top,0
6,4,2,7.479849578146051,370.11457803714893,639.6322568884767,0.21233437776505748,0.9390579997432644,6289.0,5920.0,102.0,-942.7741972667717,-831.3659221075125,3,1,0,2024,sup,0
5,3,3,7.531051413599976,290.06633601606575,365.0368174302633,0.07676473604977244,0.6064061750302078,6000.0,5836.0,114.0,-375.3645394067132,-232.22382255150208,1,5,1,2024,mid,0
3,1,6,4.238580475071259,335.6808712741716,639.9087496618253,0.2545790040035148,1.4216562762373428,5780.0,5661.0,104.0,-787.6175955380812,154.00466143314299,1,3,0,2024,mid,0
6,2,8,8.279070393806567,430.66429118426663,589.1668414836156,0.3709441513755256,2.41561310568376,6042.0,6480.0,97.0,-350.79784220521054,,1,2,2,2023,mid,0
7,2,7,6.105889564688484,323.5594968496356,329.7953665430026,0.36385877442879455,1.3651659973869639,6363.0,6865.0,129.0,-191.83859957948698,429.57997172973427,1,2,0,2023,sup,0
4,6,7,8.148840188252953,400.8468701869125,723.7631094575472,0.13675866574824852,1.5301217318049811,6722.0,6968.0,107.0,575.6561097786116,474.1805267231535,1,2,1,2024,jng,1
3,0,6,7.815878340815048,288.0359906762148,448.4904724991038,0.2265237856432744,1.5494306585904547,6284.0,5519.0,90.0,-809.7117189379773,-845.6688428605581,1,4,4,2023,jng,0
4,1,4,8.485241883224342,364.7383774063962,527.5006612173064,0.18680152191743848,1.4439908164627637,5992.0,6358.0,103.0,-108.47117234404323,-212.56688357853193,1,2,1,2024,bot,1
5,2,3,11.034679904058788,389.6418812751308,582.3395463788644,0.35254778389284447,2.3368119758023087,6091.0,6607.0,83.0,-110.95360631556892,325.7172291165361,3,6,3,2024,jng,0
3,5,6,7.525171697129244,386.2298445861268,638.6360954399815,0.0972641353858154,1.08822009213012,,6398.0,119.0,572.7074300417058,79.97432538737885,0,2,2,2022,jng,0
4,2,12,8.002141030159056,394.3498883013227,511.1762620156755,0.08406560481872272,0.7993218559555012,6510.0,5732.0,95.0,402.79285472703424,235.44748101812792,2,2,1,2022,top,1
2,0,4,8.808716545324243,405.4663934921449,617.0783270815642,0.188774152196279,1.6389813907503024,5295.0,6184.0,129.0,434.91508914563025,198.0264440197592,0,1,0,2022,jng,1
6,1,3,6.47819090190592,337.08807299259826,438.49086361411577,0.24206864846995046,1.8766197329229068,5144.0,,134.0,-574.0318129630627,-49.93005566912727,4,1,0,2023,mid,0
3,0,7,7.895926850007873,309.45780348438217,419.1198484118414,0.30362612803765054,0.7527939921407887,6739.0,5432.0,113.0,-1120.4697743633733,,0,3,1,2022,top,0
3,3,3,7.471736773940412,349.5475103015574,694.2957429899919,0.276190901339864,1.5297621315038126,5450.0,6040.0,97.0,513.0300147730869,-500.89179823317977,3,5,2,2024,mid,0
3,0,5,7.657296178835506,387.39056207467905,715.4432529681229,0.09657984617240953,1.9183226724636175,5258.0,6257.0,88.0,820.0502973365833,564.9244707325868,2,4,4,2024,bot,1
2,5,6,5.547577224868187,365.7468610384827,723.8688698384489,0.2672698140908749,1.1679517523576102,5482.0,6604.0,85.0,,-154.40598317970966,3,3,1,2024,mid,0
0,3,9,7.1144480671556,392.5870306357576,655.6424643726976,0.23710762357927156,0.9926453002621176,6036.0,5653.0,96.0,200.3254331812655,359.28789667574665,1,4,2,2022,sup,0
1,0,5,8.634078097991742,396.16877662917085,619.1185403567281,0.22539457259520707,1.568989359443828,5822.0,5408.0,66.0,332.05469775331864,156.6752108540275,2,2,0,2024,jng,1
1,1,8,4.831381506421577,391.68889930542707,507.3799821041954,0.07946479367179171,1.4515278584474571,5126.0,6295.0,92.0,454.92627823082165,,1,3,1,2022,bot,1
1,2,8,6.565479445615794,333.4846563950079,522.8446788725817,0.2325108469356152,1.224947203030822,5844.0,5540.0,107.0,,56.4078725310838,2,2,2,2022,sup,0
4,0,5,7.965506071835807,439.346742173972,669.3497027553806,0.2013102109576208,1.7008737565310963,6213.0,6629.0,122.0,-175.33024779771654,486.323616220295,1,0,1,2024,sup,1
3,1,6,8.24738838614285,364.34437041569015,581.5014768616605,0.309514735614972,1.702281342056342,6446.0,6294.0,113.0,,-292.6845033035487,2,0,3,2024,mid,1
3,5,6,8.435319003383812,443.7436402697264,585.3839893832369,0.2599749760005723,0.9679795093228953,5053.0,6982.0,79.0,546.9529601407859,-502.0856457943071,0,4,2,2023,mid,1
2,1,5,7.939910775135534,411.7040335336369,361.0992448791484,0.31152001732858237,1.4303359869257306,5084.0,,117.0,977.6667913183098,-109.42398179415409,2,2,2,2024,jng,0
3,3,7,8.941310398863903,343.5094548745823,503.45330217596677,0.4469264384751277,1.3303188071670091,4967.0,,91.0,607.147641115807,,1,1,2,2023,sup,0
6,3,5,8.416132744355775,347.9750445858944,807.9233678015646,0.09833195188887471,1.6342536577763829,6016.0,,117.0,-161.26719441004127,49.297794845514915,1,3,1,2022,sup,1
1,2,2,5.893662398997373,222.7270901967462,288.1401073572224,0.1498931725318683,1.436038103276116,5015.0,5492.0,,,-237.48498267836027,5,2,1,2024,mid,0
8,2,8,6.982077130903715,335.6622664253238,678.0255433751121,0.3404663381609369,1.4463745512829551,6262.0,6818.0,112.0,,42.00486579403746,1,2,2,2024,top,0
2,3,2,8.555912991849757,422.42344301835084,621.4561446910192,0.07962008191045408,1.2177633110645276,3908.0,6709.0,99.0,101.77605434438738,451.8582390924188,1,4,0,2022,jng,1
6,1,4,8.478106066864937,457.83252788690896,419.173539973453,0.1894000285719769,1.200205451231155,,6466.0,116.0,-328.94273033468437,25.801141454436134,4,0,1,2022,mid,0
1,3,9,6.468741374777947,355.6749511887698,420.2182860748077,0.20308967553102988,1.7544051736492878,6565.0,6615.0,79.0,234.948992207569,232.0399552518174,4,3,1,2023,mid,0
2,1,13,7.667598083088804,452.7248364645549,503.13007567594957,0.2620783446016222,1.4415394355930036,4900.0,6489.0,91.0,173.20564966682923,-84.33235035583061,2,3,1,2022,top,1
0,2,5,5.362535788556908,417.90185680508887,551.7402949442144,0.2070693248227415,0.5162989758962928,6224.0,5807.0,99.0,-704.863426369821,-453.7702459234138,0,3,2,2022,jng,0
5,4,4,8.174026688882957,316.0244888833786,351.103086677926,0.22108258005914894,1.4623434739029737,5930.0,6657.0,111.0,955.821870396295,-51.986757612653825,0,5,2,2023,jng,0
3,1,13,7.9401812711590845,431.48882731688354,452.40794792541374,0.23352009824870396,1.0836082821493316,5140.0,,104.0,-555.3422316723058,557.2935585761447,2,2,1,2024,top,0
2,1,6,8.044062363698515,376.1197496161073,551.2870955983494,0.21877260587974565,1.1611691365357384,5244.0,6021.0,92.0,-609.3507608846044,512.1452897916492,2,3,1,2022,sup,1
4,3,3,8.490176245863447,393.36472209818055,412.67394543596936,0.40432012583407084,1.3176089001674858,6311.0,,,376.222303939775,85.13781061496115,0,3,2,2022,mid,1
2,4,6,8.046094785947366,352.8391044496825,570.7760354063416,0.1402090350748033,1.149198055387524,6029.0,6440.0,94.0,,-251.3891892925712,1,3,2,2022,mid,1
3,2,3,8.753697756114258,332.148781450443,547.6409348476025,0.21894284724315988,1.0151319609256113,5796.0,6760.0,85.0,-340.86932833457087,190.2431858762994,1,2,1,2022,bot,0
0,3,2,7.575629632415497,397.9250483921029,531.9304881587882,0.1583827971894198,1.3877186539232886,4828.0,5934.0,78.0,-253.38390933129045,-387.4016967226428,4,3,0,2022,bot,1
2,2,11,7.6706667723294615,353.14086259257704,665.3152085479874,0.23686830138987347,1.6629104203318947,5647.0,5731.0,119.0,449.19446598443244,-28.568780835891953,4,1,2,2024,jng,0
0,2,5,7.179054194756922,422.43858031346235,531.7338734973562,0.3498412345777291,1.6916650956227337,5069.0,6143.0,109.0,,255.25560587108913,1,4,1,2024,bot,1
3,2,6,7.195855774871836,355.8077011838796,684.1359187197424,0.23716525636269548,0.9762469965118707,5335.0,6115.0,114.0,940.5579893809622,355.8670713955973,0,1,1,2023,top,0
4,1,8,8.311281488094915,354.2126216644257,558.7606625996974,0.12721227911190258,1.6235152811116822,5792.0,5344.0,93.0,371.3462256160261,10.45573014546379,1,1,2,2024,bot,1
2,4,6,7.0076992945642695,396.9925416226878,674.9906382439908,0.14019566837469344,1.313759920140645,5557.0,5811.0,73.0,118.23429203013643,-704.0986845924444,1,3,1,2023,sup,0
2,1,8,10.796540138150299,343.8953269610701,641.1053799090012,0.22247352516398708,1.4400987332810975,5908.0,5658.0,119.0,86.88840213868485,-263.19450630700874,1,1,2,2023,sup,1
2,1,7,6.8897856567030855,302.9089663708751,651.2258153773173,0.1338302154099369,0.5137164675241408,6135.0,5554.0,85.0,-198.45835582077967,-544.8750432621129,0,1,3,2023,jng,0
1,2,5,10.517849124495628,381.5331049130754,757.4082271673319,0.3177918659087089,0.937992973015623,7280.0,6122.0,88.0,,-388.22289121897643,2,2,1,2024,mid,1
3,4,5,8.972133384991947,386.3472519569261,552.2203261476265,0.12125549661773237,1.662277124279756,5876.0,5262.0,74.0,239.88343329734766,500.8268972695349,1,0,1,2023,mid,0
2,1,3,6.713542314635947,377.11109511788294,484.8183385598581,0.29791113089730037,1.8028328479847657,6912.0,6089.0,95.0,412.1487229658041,469.60078455012496,1,3,5,2023,mid,1
5,2,5,7.752744654633807,396.5380084752281,436.83935209359447,0.1625115444563751,1.421378869145414,6291.0,6035.0,82.0,-438.3892560513425,321.7758986234751,0,0,1,2022,mid,0
1,2,5,6.841693581878894,384.9237369730192,570.3167586936318,0.07522872862298269,1.2000449598818435,5480.0,5658.0,114.0,484.87279625949463,-319.3478095202599,0,1,1,2022,jng,0
4,4,10,7.885781678805517,452.649844304658,536.8890150677212,0.1271541746142859,1.6215207453509992,5329.0,5340.0,107.0,255.1595612973702,-179.46260212448038,2,1,0,2024,top,1
2,2,4,8.439620762731346,408.7712958162956,336.08388200343285,0.2909416017442428,1.2368125005217332,6469.0,5762.0,94.0,124.16465493767465,-429.5025783291047,0,1,1,2023,bot,1
0,1,5,8.143743115346167,362.9741585842325,608.715207226394,0.17365650425471352,1.4226683818269685,6859.0,6029.0,97.0,445.51619101963,549.1150451396767,1,5,2,2022,sup,0
6,3,6,7.939540266567637,318.84725175254727,520.687233426882,0.09187224953823855,1.4659065555257142,6349.0,6086.0,,,-354.75512915307337,1,1,0,2024,jng,0
1,2,9,7.813303223712364,399.3677230074524,375.50022690071535,0.08483638968581572,1.8831255806795855,,6736.0,86.0,-606.1946518683218,196.71806137714657,2,5,0,2023,sup,1
3,3,7,8.721016617628232,391.85019399503176,627.9444718376717,0.15426595834508888,1.5147337891207315,5078.0,6793.0,97.0,168.5884908595045,132.52468190399145,1,4,1,2022,mid,0
8,2,5,8.526215602196256,481.65945561119077,584.4625738610418,0.13178262542394792,2.205434433273476,5876.0,5358.0,104.0,190.17754523684778,-242.24931208418593,2,7,1,2023,mid,1
2,2,5,5.987787811280174,297.51107929738555,646.9292395924786,0.2210272914029558,1.5440463962616735,,5723.0,103.0,-153.81467524477128,-370.790244281591,1,3,2,2023,jng,0
4,5,5,7.031718120566771,342.2181250407943,413.54404472958237,0.2278963512731121,1.6858221524482084,5877.0,6147.0,90.0,-766.9555329658766,911.4040515370483,0,6,1,2022,mid,0
4,0,8,9.312146361611378,458.29823672505955,623.9375076610878,0.20435386843626535,0.9375919440028432,5398.0,6259.0,93.0,406.7472118310225,-65.3660999339119,0,5,1,2024,top,1
2,0,8,6.880926352895597,322.0083395192877,404.1064931801434,0.31882361525604525,1.1425028191217963,5580.0,5419.0,98.0,-813.3240254369953,67.93681437224984,3,2,0,2022,top,0
4,3,12,6.77781684547948,363.2902243975803,426.76148990280245,0.2838059555235679,0.4430142393669755,5682.0,6715.0,91.0,-725.5836742163655,247.26859678521845,4,2,2,2022,top,0
3,4,7,9.527063234581144,391.58765658506456,482.7829943391292,0.21637849386627997,1.1955918366897937,4609.0,,108.0,65.69492229073568,83.75897519080961,3,2,3,2023,sup,1
2,4,5,7.114660989652345,417.52041292514605,639.0021661894777,0.2367933002810715,1.83148870287958,,5193.0,87.0,308.8149341205482,-752.8138913936314,2,2,1,2024,mid,1
2,2,6,7.947160128930896,306.3138143591211,422.14407850536867,0.32650882695060585,1.237688718800308,5817.0,5543.0,93.0,548.0940807533126,-207.6641037105313,1,3,0,2024,mid,0
3,3,8,6.731763423182969,363.22426984028044,435.2174032733676,0.2900486042675965,1.517727114929674,6061.0,6134.0,97.0,-138.28824879504862,-299.53179860046487,0,3,2,2024,bot,0
1,2,4,7.387374431400562,430.6124522080153,369.6221690706544,0.20159261381457616,1.6589291942671665,5054.0,6262.0,110.0,433.7555443542832,-296.76507493036354,0,4,2,2023,sup,0
3,3,7,6.4250876747076875,353.1078637924919,368.66840339300603,0.19300906064187384,2.261572681919258,6393.0,6255.0,107.0,576.2981512832386,-117.9288561798379,3,1,2,2022,sup,0
2,3,1,9.247332852317134,424.8008635465693,590.640199304583,0.15947771152350648,2.030598110496202,5730.0,6020.0,86.0,-215.84938360706775,584.6789026171806,0,1,0,2022,jng,1
3,0,2,9.308571119495134,403.4595992952794,433.81771303081166,0.3571488497304879,1.0280162608993868,6561.0,5381.0,86.0,512.2008111820305,-295.23651622611544,2,2,2,2023,sup,1
2,2,10,5.630377306427671,439.05375675253003,413.082219736236,0.21755753418441556,0.7770251111442459,4816.0,5623.0,103.0,-32.40160457310271,-172.26246688792236,3,3,2,2024,top,0
2,1,2,7.172435748217762,391.79864434652825,525.2137513512745,0.02,1.865841242105634,6173.0,6748.0,139.0,236.47061328708764,-455.51493712557004,1,2,0,2023,top,0
1,3,4,6.151971094521659,383.666396179355,618.2838422887811,0.19730129254283227,1.075312652392256,5908.0,5978.0,82.0,-153.39839556040545,-448.96936533307166,1,2,1,2022,bot,0
4,2,3,8.660874224802585,420.99673328340816,485.30368074078433,0.31078896563668396,1.5444694998621435,4910.0,5516.0,116.0,-672.2054053365741,-212.1676820827185,1,4,2,2023,bot,1
3,2,10,8.070516365191375,464.91851831793275,601.4433245349134,0.05204240992087569,1.6369544762991548,5658.0,5888.0,104.0,167.45729752359816,-730.0268095776344,0,2,1,2022,mid,1
2,3,9,6.905115431793687,360.9465196759043,469.6598030199294,0.23978356896740016,1.2071873397170843,6140.0,5481.0,,426.20628407705397,-119.87062855997455,3,1,0,2024,mid,0
1,1,9,7.111769820926094,405.67787906295973,529.4019332615441,0.21631079826816635,1.6394046054553526,4607.0,6043.0,108.0,-50.17452364917566,-61.5714152950061,2,3,2,2023,bot,0
2,1,6,8.521650348962536,389.5848283317349,640.5939219166622,0.2228833844406605,1.4961935379278692,,5830.0,98.0,-8.125966709363809,-620.8139356492627,1,1,0,2023,jng,1
0,5,6,7.979001174649563,403.27106722504874,543.7878516253486,0.369834555026646,1.1728136391956356,6009.0,6342.0,115.0,402.9504790358405,-423.3232726839904,0,0,0,2022,sup,0
2,0,8,6.841272654553648,376.5275107344048,520.3008000169121,0.03636000276825099,1.4675141913898682,6613.0,6166.0,,474.32211670214554,-273.18694262036547,2,4,1,2023,mid,0
4,1,6,8.683302916290632,401.0331361993923,403.2334720357842,0.22061989524690997,2.1750317608962138,5483.0,6174.0,129.0,-701.5842461364766,-384.216204342254,1,6,1,2023,mid,0
3,2,5,5.523547913402731,460.8889877751428,411.9568817034789,0.1876703427914754,1.4231343421551497,5419.0,6129.0,96.0,,133.80170821307715,2,4,4,2024,sup,0
3,6,8,8.525644474945228,510.5071189505924,424.31860426290723,0.21287799266162,0.9869014307005317,6317.0,5811.0,113.0,552.4635948779716,407.8216691358547,1,1,0,2022,mid,1
2,3,9,7.893113021155582,353.64197989429687,713.5339814008986,0.2549318633679592,0.8284585958353701,5962.0,5424.0,94.0,-359.6928505334564,-119.11606355166722,1,2,2,2024,mid,0
5,3,4,5.006883502007543,371.61908479271847,638.8637356505186,0.17624804048726303,1.4963892368229967,5310.0,,99.0,-622.5606489399714,8.846821034405032,0,2,1,2022,mid,0
4,3,6,7.39727517292531,446.70111727632536,192.60955574906126,0.19616252569313436,1.2311789365971515,5536.0,5382.0,74.0,528.6872204055032,223.59645203336197,1,2,2,2024,mid,1
1,5,8,7.551138459006559,336.1059500159603,554.4610886174235,0.3609749716105577,1.4927790171846789,5315.0,,83.0,540.2226543801414,-26.499414052396617,1,3,0,2024,mid,1
1,5,10,8.122022505790333,419.2928364401011,654.307858161921,0.21860834225323245,1.0553777541830727,5083.0,5685.0,100.0,5.0513797593631296,544.223018428714,1,3,2,2022,bot,1
6,2,4,8.30062798726726,346.6683389291589,450.28525006094065,0.4447864445783648,1.2984174967248763,5603.0,6671.0,131.0,-255.16534662994135,-324.5942948710459,1,2,0,2024,sup,0
0,5,9,7.793784504891765,303.3388565633662,330.17991626799767,0.20749131670887444,2.6046940214788465,5739.0,6476.0,108.0,,145.13693053560326,2,6,2,2024,mid,0
2,1,7,7.896866428864502,401.12523267516497,645.1080600226928,0.09547170242393514,1.5869973255635492,5964.0,5680.0,77.0,133.90579836342653,140.20584687156622,1,1,1,2022,bot,0
3,2,9,6.924196826516936,380.0662948893599,594.5339435390065,0.18306918810524123,1.045241817341434,,6558.0,124.0,355.87236523240097,447.87898399683814,0,3,2,2022,mid,1
1,2,3,8.25376208693702,367.60261895090804,382.4261945944749,0.1682821462832989,1.3212896999538244,5894.0,5662.0,99.0,-247.5141198744259,422.21964544811647,0,0,0,2022,sup,1
3,1,7,6.8335466104125135,368.6405740292911,801.3573559466338,0.19770925407232312,1.8818480550088825,5778.0,5396.0,89.0,-359.83967798507496,419.14764310506644,0,2,1,2022,mid,0
4,2,3,7.899018660375086,421.2309963839979,533.1520911006997,0.1982859130651065,0.5051923280668623,6405.0,5579.0,108.0,346.4682737139059,-194.0847304107777,1,4,0,2024,jng,1
9,5,6,8.687237950688123,451.03369829321366,424.0194299002658,0.25085846409955803,1.2782215278744686,,6436.0,,-218.8597585267567,-41.96990853808322,2,2,1,2024,mid,1
3,5,7,7.914425827710328,339.5941409564321,450.3084158241223,0.31621287896021844,1.0079045172803918,5428.0,5620.0,109.0,455.2764354519908,84.17672113936763,4,6,0,2022,jng,0
2,2,5,7.894641965152216,293.1041701464242,415.21635537350556,0.10073311692013813,0.4612676073531701,6183.0,6745.0,112.0,-6.378292675621694,577.7537638642995,3,2,0,2024,jng,0
8,4,4,8.32896703004423,360.771758063858,397.10547458659073,0.02,0.7202707372784029,6134.0,5521.0,88.0,71.51260416372727,-75.42683677697185,0,2,2,2023,sup,0
3,2,5,7.446216546889273,464.0653794738226,611.4583882822677,0.11714036027820945,0.9763162302471065,5436.0,5936.0,109.0,-144.09926527200292,556.7320322558445,0,1,2,2023,top,1
3,2,9,8.634809147113177,394.8497557444333,493.86173233211093,0.4150914067386511,2.212916372038267,6590.0,5714.0,87.0,355.8132803435535,343.6801262303177,1,2,3,2022,mid,1
1,3,11,6.671756778197106,397.95812835444565,466.13428453891527,0.1788971875396228,1.0890007529067187,5820.0,6099.0,116.0,141.93558663827767,246.65556785709663,1,1,1,2022,jng,0
2,4,4,7.448132386181968,377.6600849771114,545.3569602041312,0.27439360247038447,1.2519902013560378,6156.0,6506.0,103.0,194.46458436103103,271.25091325317754,0,2,2,2024,mid,0
1,4,8,6.664155674373935,285.92110976223375,383.28776827198953,0.16646231733070088,1.5577565465704002,5415.0,5653.0,109.0,107.89198068075424,651.9141906335223,2,1,1,2022,bot,0
5,1,7,6.757939436015919,266.81390562933746,398.36776125760855,0.3067961671010102,0.9163347624837874,6331.0,5975.0,84.0,-953.0570360785632,-23.696756439356577,0,0,0,2023,mid,0
4,2,8,7.909258110291891,420.91730414700453,535.4106923509919,0.201535344158714,1.8831233588864256,5649.0,5639.0,97.0,218.22980502977367,,2,2,1,2022,top,0
1,3,3,7.058661989862403,235.41359235943452,451.80357905133394,0.13813899422148923,1.7577785988928942,6666.0,6501.0,90.0,315.6120512853548,-202.25246297758645,2,1,1,2023,top,0
2,1,11,6.20560864455254,422.44931474330866,394.36058166629357,0.3047521263084651,1.8907953124957768,5273.0,,118.0,,,1,3,2,2024,bot,0
1,3,6,8.562344521773207,417.63115449228894,508.09368292657774,0.3260034478426835,1.782056369450474,6050.0,5792.0,,,-552.7217290900492,0,2,0,2023,jng,0
3,4,3,8.357682313540687,354.454102756902,629.3046646122622,0.2851156017552452,1.6879867792592427,,5219.0,108.0,271.07787295832054,,2,4,1,2023,top,0
2,2,4,9.411252013737364,367.8729045542554,462.4827606227261,0.2165915896241617,1.411487387641447,5134.0,5664.0,102.0,638.9319715193349,-355.6140686743418,0,3,0,2023,sup,1
5,4,9,8.437728880645013,373.31971737766065,429.01981711702814,0.11788949889336386,1.475468993979766,4755.0,6240.0,109.0,228.61656966196176,443.32728535953095,2,0,3,2024,top,1
1,0,3,8.742990412936654,326.99310846877,600.6884592592374,0.024199835096356787,1.3400950612611537,6710.0,6493.0,103.0,91.85336083234554,,1,2,2,2024,mid,0
2,1,4,7.143623048342087,395.72653461574924,476.7275217120999,0.10161370848903502,1.552959773456134,5394.0,5535.0,79.0,268.7610425180118,37.25653262161498,1,2,2,2024,jng,1
1,6,7,7.250011415444599,349.8417531283054,597.7312520439039,0.15317987741873834,1.188003586499244,,4568.0,115.0,-18.24705317088341,244.78031380737053,2,1,0,2024,jng,0
3,1,4,7.6023466923347325,297.30065888811754,700.9851507206441,0.23952182163001381,1.086028121833842,5559.0,5528.0,97.0,-220.32306225609778,170.3382305906428,0,2,0,2022,jng,0
1,0,5,7.9494443449225365,443.42379639466367,643.4286472527124,0.3111670313305619,1.0534824181087974,5486.0,5768.0,97.0,193.60664096635207,253.6925693067298,3,1,1,2022,sup,0
5,4,8,8.311065533633585,419.1709802403883,361.8297941498558,0.12516514945883217,1.3591364476063292,,5969.0,106.0,,231.26449674793776,5,1,1,2023,jng,1
2,2,9,6.680698510973473,328.00187054920497,541.5982592002092,0.2452036143601798,1.4800441952782675,6963.0,5441.0,123.0,419.88208500596534,-680.0359355266004,2,2,1,2024,jng,0
2,4,9,8.62132963822616,345.6292574808694,528.9493188864366,0.23731554472252586,1.0739202946237265,6086.0,6230.0,90.0,46.11272647274791,388.1244784787076,4,3,0,2024,top,1
4,0,4,9.387503557063594,405.6438834298362,677.2190689966865,0.24498153747452286,1.5827619534671848,5754.0,6301.0,,329.6480383594701,-2.2177725734017315,1,1,1,2024,sup,1
1,6,2,6.47860920823387,386.5785966098027,717.8361869320422,0.20247200029749848,1.3204351282299913,5435.0,5520.0,101.0,96.56777906234888,47.027664103346595,1,2,0,2023,bot,1
4,4,5,9.111532482877687,387.0078430691652,454.5208377619948,0.28664776865285757,1.4876198446439521,6692.0,5929.0,130.0,-76.68375306403465,68.30863513863204,1,5,1,2023,mid,1
5,2,6,6.879164859819805,386.8563335094681,375.85997595129777,0.09695935494277576,1.4691993479068943,7018.0,6669.0,101.0,-248.28592918892954,158.29005593639172,1,2,0,2023,sup,0
2,1,2,7.675427306624776,318.07355975828324,520.4910158956568,0.21484479907388615,0.8357772478122937,5331.0,5355.0,124.0,329.3414611265491,-395.3376139504256,1,4,2,2023,sup,0
2,3,4,7.165230458663927,221.14800298894482,596.1870880739217,0.15866169821113194,1.5400105235620356,5682.0,5713.0,75.0,-542.4336385496902,176.22753646505194,1,2,2,2022,sup,0
5,2,3,7.149717797521144,327.55023163255777,558.1405076069179,0.2078058256406779,1.5093450241517952,6127.0,5958.0,114.0,-51.9131963627774,,3,3,0,2022,sup,1
1,4,5,5.223959951556547,278.5967839568565,528.6805998863113,0.22632971736163224,1.4894474009042025,6011.0,6192.0,121.0,1090.058628740792,361.97297210059463,1,0,1,2023,mid,0
5,1,8,8.01081506513956,418.43317764165965,326.070640218921,0.11736219510811609,1.4370429309093609,6100.0,6052.0,76.0,-223.19575591120946,-721.7792232296988,1,3,0,2023,sup,0
6,6,3,6.544537265954415,303.1671221781573,567.967177800776,0.12101713022474468,1.7997306100401882,5950.0,5414.0,118.0,-574.9182415686629,227.1305116864682,4,1,3,2022,bot,0
4,2,6,6.571842498110115,406.6113527716212,310.6653494554315,0.266190990632726,1.96349792220123,5777.0,6682.0,95.0,129.6312958292262,358.6347754929744,1,7,0,2022,jng,1
5,1,5,6.8498496156035555,344.2348456089293,320.03132922345935,0.12908478196806833,1.6558508381070594,5295.0,5163.0,121.0,-165.49593598441058,227.9138352202076,2,6,0,2022,sup,0
4,2,15,7.63488621112136,369.4298375015818,521.6709247574897,0.1504364057699552,1.735093160773026,4754.0,7099.0,107.0,-287.1621083224726,886.5244140415841,0,4,0,2024,sup,0
3,2,4,5.568829522568418,375.1301663686469,531.3321666015751,0.15515088952758413,1.8325639607524211,5182.0,6779.0,108.0,18.09169217573634,393.8936310258001,1,4,0,2023,top,1
2,1,9,7.387821113638539,396.65200565772113,433.366406407614,0.09633010451547258,1.2850824153825415,5455.0,6209.0,91.0,-414.74308809197987,602.5783417295381,3,2,2,2024,top,1
0,0,7,6.8387227031173685,394.30541086162737,394.4084854430963,0.05967282381658248,1.517775146788154,5693.0,5628.0,101.0,-44.649566998895054,566.0663775900275,1,0,1,2023,mid,0
4,1,3,6.874042489718096,355.49613827674034,624.4580490527545,0.23317182565404002,1.1596826505150597,5305.0,5034.0,92.0,-231.08143217998753,-245.7739047880117,1,1,1,2023,top,0
1,3,9,7.311667175922102,422.05017708200785,528.8884517249829,0.23978608358401995,1.4694210537577606,5870.0,5863.0,78.0,279.53575214974774,370.9076860554014,1,2,0,2022,bot,1
2,0,7,8.956807505724168,364.95058507163725,676.4506869351771,0.12483160180186388,1.5234932464219348,6726.0,6587.0,99.0,268.1959628026375,182.26624540644025,4,1,1,2023,mid,1
2,3,6,7.58546147831018,341.26966669804204,313.7413231238087,0.21242563686381002,1.4381853102104232,5884.0,5066.0,103.0,175.41065856897387,-123.28126323260318,1,5,2,2024,jng,0
2,4,9,9.304367675577383,422.001862004996,365.9568572195966,0.26710372618460754,2.0872863523924874,5815.0,6505.0,107.0,238.9257638166883,348.84164250963687,1,2,2,2022,bot,1
4,2,4,9.260546647375854,331.57418644330085,550.013801638151,0.26262513644043245,1.4933509463291659,5538.0,5492.0,108.0,284.7450463054498,-111.48844329332428,1,4,0,2024,bot,1
3,1,10,8.148568783800147,397.58392281383027,675.6400252237974,0.20206657310066667,1.0010125698240482,6840.0,,90.0,24.16056904307223,398.876408736254,0,4,1,2024,top,1
4,3,5,7.305908369643805,344.9369267992257,323.66884090832207,0.4392173733767453,1.4333271587930017,5610.0,5009.0,,881.9779154385591,-61.28331381082057,0,1,1,2024,sup,1
1,4,8,6.4858457504547316,388.59823058109697,578.9098256662699,0.35932576418108,1.5137226931373178,5782.0,5879.0,88.0,,-570.3892181767427,1,0,1,2024,bot,0
5,0,9,5.82753349247521,354.70220552289635,576.8822436510278,0.1568547627604967,1.5926075340414898,6011.0,5931.0,107.0,-551.3243383361457,-241.34398560456722,4,5,1,2022,jng,0
1,2,6,8.184542819466909,393.29991247870424,555.0315352661821,0.050612137662301326,1.0357431770515344,7047.0,5595.0,78.0,100.49544899543179,,2,3,0,2023,sup,0
3,2,6,6.775519085038274,368.1971768325446,644.4074265981851,0.2881927128099197,0.9856882236533331,5753.0,5686.0,110.0,-437.6664891712818,638.0146267869908,1,1,0,2023,top,0
3,1,8,8.129554506608589,368.5362068898151,345.24868044220005,0.053773602884848226,1.2267497714091649,4400.0,5461.0,123.0,,-280.54488051694443,5,3,1,2022,bot,0
3,1,3,6.300644288193102,327.1518435325243,725.0940331780288,0.16665864542726105,1.6058391643226502,7411.0,6666.0,89.0,61.35075602778798,-22.90119569914871,2,2,2,2023,sup,0
7,2,9,10.253652049273912,380.11644090291514,566.8255776907888,0.12588481419138967,1.086325538855681,,6739.0,98.0,547.2044087732176,93.65508975417364,1,5,1,2022,jng,1
0,0,9,6.890713230152717,290.23844526588846,630.3357853733531,0.1479733636994485,1.3926554018816522,6201.0,5650.0,107.0,-286.89241581512397,170.0956125142655,2,2,0,2024,bot,0
5,1,6,6.563837762604496,410.46603889090994,467.8339730969058,0.2589837193640181,0.4826147029630221,6498.0,4631.0,99.0,-301.47997313413316,13.290116992105013,1,0,0,2023,mid,0
4,2,8,7.239972634971752,370.4555575454456,572.9930313199823,0.37933865641780373,1.1871447675108215,6248.0,5944.0,119.0,138.95319663322437,-229.36321862946727,2,2,1,2023,top,0
1,2,3,8.13288800756052,352.99161866057824,436.86676738272723,0.26642349687544786,1.9640797510506003,5225.0,6350.0,97.0,-160.14072846688052,305.62978953860323,1,6,1,2022,top,0
6,4,5,7.744642781794091,329.3446872484145,381.0505263071874,0.21881214608299626,1.078440346057795,5473.0,5453.0,100.0,-332.0284782584406,-146.06797767182334,3,3,0,2023,bot,0
2,1,5,7.7592665194230825,380.4997464486926,474.8925602462553,0.08368839609616605,0.7726288494547953,6490.0,6021.0,,-308.1748167033733,-39.52242283694167,1,1,2,2022,mid,0
3,1,6,7.610835422383575,397.4096203293293,640.6216455592862,0.14136068713188782,1.3094382206502295,6193.0,5683.0,97.0,,-140.29619289817776,0,3,1,2022,top,1
2,5,10,6.879416287784092,435.68445727585186,162.53625375758327,0.2223960319094775,1.2525155796733172,5686.0,5570.0,81.0,435.4035718472068,456.1040395518467,0,2,0,2022,bot,1
5,3,7,4.997848542309625,349.4769404886703,498.83342702063305,0.23807678183279546,1.6054910599027536,5617.0,5999.0,99.0,-157.36122673123924,528.1613632369902,2,2,2,2024,sup,0
5,6,11,6.8970587337181435,346.9228827859554,489.6053393075073,0.28097299842850876,1.8413416927594408,6055.0,5831.0,91.0,129.86572821393193,1052.9580558666498,1,0,2,2022,top,0
4,2,3,8.04318970078761,406.74857284047954,404.4258379580896,0.21773472457652943,1.4081888835453265,5986.0,7294.0,95.0,139.68862144235058,-65.26109039774943,1,1,2,2023,sup,0
0,5,5,9.860858403417403,368.14419623794595,484.7723637342691,0.2025476194998255,1.8483268221687612,6273.0,5378.0,120.0,231.15168849080774,-38.929748471910756,0,2,1,2024,bot,1
2,1,10,7.885155802030793,462.9387173933377,661.673499561917,0.4013154838703131,1.5827717703696487,5710.0,5201.0,96.0,-8.683834273728138,-551.7617831589936,3,3,0,2022,top,1
7,1,6,8.622156204025599,355.05086290092794,488.7876782707523,0.20894295800939625,1.7589734532048427,5430.0,,100.0,740.9320221794079,,1,1,1,2023,bot,1
1,3,3,7.049465938777077,401.9840588443469,504.99587097662425,0.301813915944873,1.432729888739921,6460.0,6842.0,111.0,82.55674726413929,-379.5736850778154,0,1,1,2022,bot,0
3,2,4,7.9499492013514015,376.28735013198207,626.0170303179988,0.238347833110228,1.2121521549891618,5505.0,5805.0,110.0,367.28817018751613,,1,1,1,2023,sup,1
1,3,7,7.266855347110753,331.69692882281987,335.4596397796863,0.31768719418399716,1.4285811331932443,5345.0,6841.0,107.0,-375.30614186394786,748.1291242075761,0,4,2,2023,jng,0
2,4,7,9.369926671316264,363.7510342762817,522.0473168911275,0.20654505470212584,1.7391225457687884,5147.0,5593.0,107.0,93.39905565872192,-337.27630633543026,4,3,1,2024,bot,0
2,3,7,6.4370790890921725,355.5524676984179,506.1704235445488,0.3131368118613129,1.4384454883128306,5636.0,5708.0,82.0,,-484.41814141712496,0,4,0,2022,sup,0
3,3,5,6.392407533739591,396.2309494446301,473.29130666716975,0.10510584546661271,1.5055913194826727,6180.0,5454.0,139.0,6.4129988773530755,-254.93170379956476,1,4,1,2022,bot,0
2,5,6,7.271139644246347,389.93464248140714,615.1520060867608,0.3165900836225818,1.5376004835842716,6539.0,6040.0,83.0,-16.5571543919273,88.97903332231652,3,6,3,2024,bot,0
4,0,6,9.857909526787536,473.23846191834946,581.7670147015359,0.11267747020060029,1.0887690388470865,4854.0,6304.0,108.0,814.4642794390652,-119.77982356566241,3,3,2,2024,jng,1
2,2,5,6.798774775138237,346.34568886717267,764.3451387036083,0.21047120858732565,1.0986613464105712,6373.0,,85.0,-465.74624325656356,2.141808556262376,3,3,3,2024,bot,0
2,3,6,5.608313417699877,300.6667018084937,337.66173314503214,0.4033870952012484,1.364209628467963,6088.0,6412.0,133.0,-185.34409313685535,-234.73089166189922,0,5,1,2022,top,0
4,2,9,6.416770254851711,376.0681363488446,581.4318946368016,0.0610726943355393,1.121919970641315,5759.0,,97.0,146.60957068221455,-620.5556126958544,1,4,1,2023,bot,0
0,1,7,8.318240530916603,384.4864247048133,561.8721082419283,0.17052328009933607,1.214255070790558,5597.0,6500.0,110.0,-227.88332543507184,-400.75862960839606,3,2,0,2022,bot,0
1,1,9,5.968167288883573,347.4601072187359,395.58528570072144,0.26026181336323556,1.7241838372846818,4879.0,5816.0,100.0,207.22301312361458,-69.70334077543698,2,5,1,2023,top,0
0,3,6,6.293136156899194,335.1508486041261,712.7982806034463,0.33318734721209486,0.8539811351738283,4668.0,5063.0,76.0,,-51.2837230876984,2,5,0,2024,bot,0
3,1,4,8.519418641631976,365.15080855530033,528.648206037349,0.2853540956474651,1.8104266272463758,4814.0,,91.0,,,1,1,2,2022,mid,1
3,2,4,7.051047226033224,347.2949645271922,482.4746764083054,0.2765309687692925,1.8415605383687705,6439.0,5934.0,82.0,844.858623833486,-106.59407426718556,2,3,4,2023,top,0
3,1,6,7.100697742945904,334.45252003319075,395.76580231266536,0.19111523132149744,1.1676544477214925,4958.0,5463.0,92.0,-439.54800138005083,-37.21911321440012,3,5,1,2024,sup,0
0,1,4,6.938419388862062,321.3707543291362,502.7641614680862,0.15963905803213574,1.7460530370307943,6566.0,5835.0,64.0,-731.3768056278785,-389.66721223775994,2,3,2,2023,jng,0
4,2,5,6.452340726810076,423.27009490853345,507.8676182478715,0.17787533578536668,1.8317294415970935,5487.0,6037.0,95.0,597.5306131145471,366.7903820510567,2,2,0,2023,top,1
2,3,9,7.864357580445938,380.1789959721414,701.2523625482057,0.24024631234964594,1.1217427129459587,5920.0,5610.0,93.0,265.8997677214799,,0,2,3,2023,bot,0
3,3,2,8.37154907523753,360.9206989130527,458.8689106351037,0.34611608105864344,1.3317078663059807,6071.0,5538.0,119.0,381.84499209694104,572.738739553369,0,2,2,2024,bot,1
3,1,6,8.144727615137462,406.63284118427885,619.94463451514,0.11570905403745226,1.7471860991102846,6340.0,5847.0,82.0,38.463764390912104,308.1862862726033,1,2,2,2023,jng,1
4,4,5,6.756747955807217,446.5063160405323,355.0855581899407,0.21612799851311731,1.3689356122879581,5255.0,6032.0,93.0,-90.77851288098833,,2,5,3,2024,bot,1
2,2,14,8.00283067668412,401.0883775498726,489.14719120652484,0.24998230086141848,1.2063648891332015,5467.0,4983.0,105.0,,138.56551102187888,1,1,0,2024,jng,1
2,0,10,7.5645753134298825,354.1147410184104,443.03095675373277,0.16190894176680223,1.438419306494545,5251.0,,90.0,-6.993950393569548,322.5556583318619,0,1,2,2022,bot,0
1,0,9,8.291791847240901,398.715542961158,649.599233363155,0.16650508802338948,2.021672351709253,6659.0,5837.0,122.0,488.24385649388927,-0.8587767781259998,3,2,2,2023,jng,1
5,3,8,7.827077944344555,391.0083869644288,676.3482800737521,0.27057160196088437,1.2749859030822732,6502.0,6456.0,,-440.68155483496935,-376.18115623231665,1,6,1,2023,bot,0
2,2,5,8.045857822283109,449.3780933029106,562.0202434312561,0.3106040103031001,1.5982741752989384,6163.0,6360.0,77.0,315.2654015434887,297.37943888262885,3,3,0,2024,bot,1
4,1,8,8.468313320333642,331.4979009227941,499.85881536156404,0.2929019155623923,1.587225662382587,6716.0,6097.0,117.0,-586.5042648400002,-70.15788535035895,1,3,0,2023,top,0
2,4,5,8.000412784412896,390.6975144788808,369.8387793946017,0.2005589991732404,1.0360902930999702,5568.0,6217.0,63.0,504.5711269906107,22.065830041571402,2,5,2,2023,bot,1
4,2,4,8.861927530435834,336.7697011666495,901.1262889577094,0.2142457623190668,1.5165210097504187,6406.0,,83.0,81.48006271967918,404.44862896780086,1,2,0,2023,mid,0
2,1,5,9.315288043034233,354.84979494468814,630.4353417704442,0.24279458836570728,1.567189647319386,5344.0,6267.0,79.0,,,0,3,0,2023,top,1
2,4,6,9.296241618922382,374.56621975379204,667.169591557072,0.23125376634007683,0.9377598951090194,,,103.0,1584.2867829623076,129.4745801661474,2,5,0,2022,top,1
0,6,6,8.153845615136994,354.838708170876,528.5827901054762,0.21343036837874457,1.036455422822455,5971.0,6353.0,129.0,-415.6938054037446,390.93710523601584,1,3,1,2024,sup,0
2,1,6,9.224484251934163,405.9267696675771,491.6583815975978,0.2747761663425838,1.6155897429621038,6672.0,5978.0,,586.3800683612972,230.20941063416382,1,2,0,2024,jng,1
1,4,5,9.242527806866027,333.5429378899973,467.73332769942795,0.26635422462343145,1.314615004770438,4745.0,6701.0,79.0,-406.85077465899957,89.54643571671076,2,1,1,2024,bot,0
1,2,4,6.784443613579929,352.1801112784907,324.79960912214193,0.40998134978351675,2.2878222119810085,5248.0,6271.0,85.0,,,1,4,0,2024,sup,1
4,3,6,8.146485309520338,286.7478657034123,429.30576419058036,0.28617699691739534,1.550361234326082,,6975.0,98.0,568.5287645949902,180.46540311209333,0,5,2,2023,mid,1
4,3,6,6.851958150349552,359.22623557037053,403.20614631480686,0.24806780500718303,1.930099131605433,4772.0,6247.0,93.0,-941.6407523552793,271.98486803066146,1,3,0,2023,jng,0
5,1,7,7.94731814879848,443.6244631765692,446.7334494067344,0.2250273859917215,1.5782331794292825,5848.0,5852.0,109.0,114.16597688921506,51.05186076413857,1,4,2,2023,mid,1
8,3,9,8.232480311889235,436.48886664231594,677.0779938440795,0.3325277179447123,1.144441478211495,5986.0,5576.0,98.0,-445.38055830933683,124.16109543807801,1,4,1,2024,top,0
5,2,7,5.485307148434706,440.95117873228804,492.5207083118435,0.24064579395530253,1.8663892691932653,6935.0,5960.0,114.0,483.88167246150203,,3,3,2,2022,jng,1
0,1,7,7.826248470838843,522.3788094106168,469.008445625703,0.19615390948869857,0.9231268672272888,5901.0,5865.0,70.0,-85.52649643735407,11.181657401713409,2,1,0,2022,mid,1
5,5,4,7.578470810524814,285.2596216102499,504.62522951469685,0.25243410116660636,1.6277708497859573,4813.0,5745.0,76.0,56.25898384642724,-54.43234008908352,2,2,1,2023,bot,0
5,1,5,7.667600855732436,404.9939662293501,652.2572272658407,0.24995459457705255,0.8548383662881587,4688.0,6783.0,90.0,1016.0877163531952,-128.2029234653385,1,2,0,2023,bot,0
3,3,13,8.192968463504641,363.86672707630703,644.9533276860029,0.15917592007786513,1.3677835965706335,5642.0,5369.0,124.0,-91.01911781033112,,0,3,2,2024,sup,1
2,2,5,8.242142201633003,357.02304474735786,355.13183841930913,0.1940448956155682,1.189956235480923,5497.0,5946.0,91.0,682.130979557611,-123.10296730292006,1,2,1,2023,sup,1
1,4,4,8.129882098189801,365.68969011280086,537.4231780135555,0.14255600859920015,1.5745638184399162,6719.0,5566.0,125.0,550.8556914525888,74.27969010788505,2,2,0,2022,top,0
4,4,2,6.4964260378488135,415.55375665788836,532.4303081713988,0.2654243286368042,1.762712769283954,6280.0,6231.0,77.0,328.54913894666066,,1,2,0,2024,mid,1
3,0,5,8.412757360349637,396.8241604484304,518.8103454923884,0.19848743013083608,1.4933829217656203,5681.0,,98.0,,162.62332947204985,1,1,1,2023,jng,1
6,3,6,8.29389696586207,282.716084911745,594.6843487887284,0.3112824675413119,1.4802354535149906,5888.0,5169.0,140.0,-116.69490162107368,-16.81793066861752,4,1,1,2024,bot,0
1,2,10,6.796590303249018,505.2349176008145,492.0876947314731,0.19189354347045234,1.4530414573927197,6679.0,6285.0,86.0,1207.1054440719458,,1,2,2,2022,mid,1
3,1,8,8.188913825898322,321.8455331579785,566.6685283790156,0.31241370854027095,1.7164776929938783,4904.0,6694.0,51.0,,,4,7,1,2023,sup,0
3,2,11,9.161909151032997,316.94750884026905,462.4183850495141,0.32578100715406577,1.9643481167644912,4941.0,5931.0,102.0,-408.46655632722553,,2,5,1,2023,jng,0
6,3,5,7.13111331616746,397.5170055197605,621.1084319982072,0.426016571884968,2.1749900892823604,5959.0,5706.0,91.0,354.8757243302248,,3,4,1,2024,top,0
3,4,7,7.436802672888931,339.9622552096737,416.2612143677427,0.28879737589169496,2.3736493668896057,5900.0,5826.0,95.0,-177.78678932550525,-349.2952629898206,2,4,1,2023,mid,0
4,3,4,5.24777150173922,348.1888152835226,587.9692964445119,0.15873365989508426,1.3665560604318119,5634.0,5778.0,112.0,35.40926736883897,-230.92153969952855,2,0,1,2022,jng,0
5,3,6,6.24964091792923,327.83347509878195,594.4919247731966,0.28961020605231014,1.9215193369666879,5885.0,6411.0,76.0,164.1635348057261,115.53215726408055,1,2,0,2023,mid,0
2,3,5,8.69031032452994,261.18347596825976,412.0071266333868,0.22758069721084107,0.8079060242278017,5909.0,6629.0,87.0,-561.3270937306088,-24.289911440272633,1,2,0,2024,sup,0
4,5,6,6.584844826108041,301.9364972785026,610.4784447052057,0.19415135369656955,1.1524478817935588,,6187.0,84.0,-13.560058073758057,221.50489216528717,1,4,2,2022,sup,0
4,2,7,6.6804118256535645,381.8159720411035,555.3162569539336,0.17886769039010741,2.008465592186128,4812.0,6482.0,91.0,-390.4199783708026,115.14286697740107,3,6,0,2024,jng,1
1,1,5,7.292762641450576,390.042718185009,298.59071084561594,0.12089614380482688,1.2413597655450301,7313.0,6551.0,86.0,-383.8890706926368,-128.48069817038677,1,4,1,2024,top,1
4,1,9,6.97795334541615,401.5774322917628,394.6565975121415,0.058701424295378,1.5381971183531264,5602.0,5791.0,103.0,-962.1123205373966,251.13558585343173,2,4,0,2023,sup,0
2,3,12,7.738787595827757,380.83436076829463,450.37586591972206,0.23254001230378554,0.8712426632962265,5948.0,6081.0,114.0,-120.57889899362812,390.09850632598943,0,3,3,2023,top,0
2,1,8,6.752827397172304,381.5930610784773,321.2867014121874,0.2312551685263047,2.2448850255702393,6071.0,5389.0,138.0,,-268.91468426540376,4,3,0,2022,sup,0
6,2,5,6.918952509038298,362.05201474763936,451.0802543257955,0.3930643585369363,1.6505905196469748,6832.0,6220.0,124.0,-475.2868378411239,-364.6824479714821,2,0,0,2023,top,0
1,0,10,7.554988308741873,234.78887590486903,390.18542751435376,0.2370040148556739,1.1400301893691192,6098.0,4905.0,110.0,,32.19266825208105,5,3,1,2022,bot,0
4,3,4,8.09675868126283,289.90546899071046,577.822526921352,0.2062493719125282,1.1629259169113757,5520.0,5704.0,88.0,551.6623990915498,156.07276611165318,1,1,0,2022,jng,0
6,1,1,7.05469594574674,371.5127814465165,737.9910478863413,0.22821099236347192,1.4553907732137135,5219.0,6210.0,116.0,316.64945709075084,-343.02438951393617,3,1,2,2024,sup,0
0,1,7,7.361138452193691,397.60761012739226,487.0709889379762,0.18975638417845053,1.2510254459600407,5339.0,6183.0,,150.83167611283903,126.94545186054236,2,1,2,2022,jng,0
2,3,8,6.5454250817881725,357.02890551680105,538.764441012418,0.3384545240415754,0.8633865773460739,5637.0,6756.0,65.0,336.14207147219815,-543.711773018248,2,1,1,2022,jng,1
4,3,11,9.013651164920875,316.3935660219835,489.9563107562934,0.17585196938793143,1.1550016862534909,6199.0,4928.0,91.0,22.939672216981393,485.47551974133467,1,2,0,2023,top,0
4,0,6,7.021711141634901,340.1139286918027,509.3343798819594,0.23290424095260803,1.8997756120327174,6693.0,,,104.64972625950332,-217.98644273966525,2,4,1,2024,top,0
1,4,8,7.432568993752253,387.5904175775028,628.1179997460617,0.26939562132157263,1.1765442350279476,7044.0,6311.0,83.0,-171.04235493723348,-35.354439217779856,2,1,2,2023,jng,1
8,0,2,7.424280605736184,324.7783503536935,506.19381330179505,0.1580693089971958,1.1243698263086865,5916.0,5717.0,119.0,-26.365010777351813,,3,0,3,2022,top,1
5,2,6,6.9682467670567645,349.9952117793347,576.4595382492214,0.27600183192583205,0.8448150327821741,6286.0,5581.0,109.0,-1126.236872910489,-67.97804053030242,1,4,0,2024,top,0
2,2,6,7.038370111348965,437.3046429350413,510.08958209969757,0.33244938342600666,1.0195027882931837,5329.0,6445.0,86.0,225.136752294413,516.4601951735671,2,7,2,2024,top,1
2,3,5,9.22824523621465,337.18056549653966,644.0688857967393,0.22279168913649922,1.8124359730326882,,5375.0,89.0,209.8311294425037,-350.62577244919686,0,1,2,2022,mid,0
2,2,4,7.344772452979814,262.7417325696314,558.9887767840361,0.13040427992479653,1.194373416805243,5435.0,5034.0,97.0,152.09272549723156,-29.819662062271345,4,1,0,2024,mid,0
6,3,8,7.957890102978145,388.0634093032936,748.5032501985107,0.2313222412351075,1.6579049044540661,6287.0,,,-160.22283183865238,-689.3503144221468,1,2,2,2022,sup,0
0,0,4,8.182977413439719,283.632755566211,559.4279129892473,0.16182998415865044,1.0312146571654992,5163.0,6205.0,100.0,-5.039346844398182,40.70373547577931,3,4,2,2023,bot,0
2,2,7,8.163156614553488,394.0065210741278,634.6829721401364,0.2678581145876527,1.2368380636726983,,6252.0,126.0,548.0815989707963,-614.2560527543131,1,1,2,2023,mid,1
5,2,2,7.687462210713391,453.0674596545755,540.8514370575898,0.2899825004943625,1.0722725512630005,6835.0,5604.0,80.0,-287.8849997998575,142.7559280655533,1,1,0,2022,jng,1
1,0,6,7.204094210214143,373.7506486760718,467.6076374131649,0.15579290543313118,0.8706784254307093,5285.0,,94.0,418.26731726261494,467.0158087835446,3,4,6,2023,bot,1
2,3,5,8.40510055941435,340.750304939847,554.5723430249546,0.18503117449321374,1.2178989806112492,5797.0,5294.0,119.0,-451.22898401243987,33.04052297871654,2,1,1,2022,mid,0
2,2,5,9.467527524938198,341.6243588898012,406.05988049518146,0.20129830146658645,0.8781006678779364,5635.0,6872.0,118.0,-1117.0168570764765,157.6841276302953,1,2,2,2022,mid,0
2,1,8,7.783122005568247,303.8665457888116,578.4730326740026,0.3184605122456327,1.7277808742126994,5761.0,5718.0,81.0,,-431.95279920387975,0,1,2,2023,bot,0
3,1,3,7.084257903235994,340.3941540497351,427.9509269434461,0.10864591905009145,0.6726583636748512,5417.0,,92.0,59.42293950602078,-28.01207468121646,1,2,0,2022,sup,0
2,3,8,5.465158978902586,337.5065058467542,462.8207870277554,0.18327826545526396,1.683595466330011,6209.0,5755.0,,-66.49701680333263,260.73714432086945,5,3,2,2022,sup,0
1,1,5,7.530286543983368,386.1703510400548,504.3132172534274,0.23737239977730823,1.173401148057191,5333.0,5425.0,90.0,-211.2450390886812,,2,2,3,2023,top,0
3,2,13,6.523391898265394,360.72963398979596,543.7799682009909,0.09182717013561831,1.2121645474621165,5782.0,5918.0,78.0,41.14688996913878,-176.30301374930224,2,4,0,2022,mid,0
4,2,3,7.126007914500854,418.61124403196294,480.639299375,0.28885100664351887,1.9096648445645175,6409.0,5799.0,92.0,-304.38774741434304,412.32893479512455,0,2,0,2022,sup,1
2,4,7,9.19888954430743,267.50159269366145,401.4853143875298,0.1799323458682613,0.879650678711647,5294.0,5617.0,111.0,128.901246694969,303.82741251736564,4,3,0,2024,bot,1
3,3,2,7.997179356487565,274.8314165258672,528.9644024046313,0.23604564795481203,1.6761618984163413,4731.0,5795.0,92.0,61.3276773180975,433.1544995176359,1,2,0,2022,bot,0
0,3,9,7.552765285080788,391.9101765483364,463.1187430264706,0.25182562903569455,1.9387942270538723,5782.0,6699.0,88.0,-816.3275507482184,902.551004993285,4,3,2,2023,sup,0
4,2,5,5.70135573521223,316.5476196883664,548.4184387403702,0.11610465066364867,1.3059791315644083,,5720.0,117.0,296.7838435236274,476.30052761829893,3,3,2,2024,bot,0
2,3,5,9.012114441199925,311.3236890446249,583.0402407940711,0.16969576965232896,0.9941998520746027,5844.0,5643.0,,-322.15412380283027,-69.554206215765,1,0,3,2024,jng,0
2,1,9,6.3354848370009265,393.20946664323594,337.38462432835854,0.0824343473494357,0.8717331455324658,6140.0,5500.0,117.0,-164.38399371635734,287.1285955403514,1,0,2,2022,top,0
1,3,4,7.217245337197325,402.0739768812074,614.1170202421581,0.2742108323833448,1.22882866854782,5371.0,5906.0,91.0,-400.8134158567583,255.4000794451897,2,2,0,2024,jng,0
7,5,9,9.252842173582406,329.8637525277831,664.0453958954118,0.18371614802102826,1.4881395013214322,5047.0,6288.0,115.0,-400.96455399012564,,1,1,4,2023,sup,0
3,1,12,8.79563668564607,317.8053204841515,266.940408359443,0.2041486859939044,1.1384807617117798,5741.0,,93.0,91.0251216882761,603.680111659748,4,1,1,2024,jng,1
5,0,7,7.096011454826578,300.1990335383678,334.96172185078376,0.2719050830054069,1.864324517620699,6905.0,5366.0,,61.18025223815053,-338.55726531672764,3,3,0,2023,mid,0
5,0,10,8.520762642809514,439.3123169756108,671.6801930595993,0.18306116633930516,0.9810416900327816,6268.0,6138.0,100.0,-427.89286661925064,-429.65500958383905,3,4,0,2023,jng,1
1,2,8,8.82546381371673,395.76457757994626,498.06329668032265,0.17001017417813327,1.3100272901118728,4540.0,,80.0,-163.01731062969105,233.83550973334775,2,2,2,2023,top,0
3,4,8,8.034447594770754,354.70292460265216,549.2213367236403,0.22715498497612355,2.0377031681877718,6363.0,6394.0,79.0,156.3980757822799,-242.44372184586783,0,2,3,2023,top,0
2,3,5,9.133015839379153,260.28890557303055,584.5676320396275,0.252008157898174,1.035691041609909,6259.0,5670.0,,-149.99566455757417,66.4131714008083,1,1,0,2022,jng,0
3,2,5,7.775116618175526,472.35762653082054,604.479251437064,0.24477575359174994,1.2335651321334473,6082.0,,95.0,-174.95440370055542,187.108113152152,2,3,0,2022,top,1
4,4,5,6.559331243063041,312.08401392558966,415.1816685601477,0.09561897235667087,1.3234159964980536,5890.0,5946.0,92.0,-4.570660106872296,210.23532948041543,1,3,1,2023,mid,0
3,3,3,7.989215977210646,312.9972287959134,554.0538532837656,0.13351990658032564,1.3653206140682346,5220.0,,76.0,-1598.9547776842296,-837.981919827248,5,2,4,2024,jng,0
3,2,6,7.9307797835189735,393.1525295100459,347.4818960442838,0.24806027188633037,1.5000672304222873,5955.0,,83.0,-871.229834736067,-360.7968608751941,1,0,1,2023,bot,1
4,1,10,6.697960588915356,393.4240060598311,600.8924786572945,0.22393932483652468,1.6938625067355157,6439.0,6048.0,120.0,-37.94579510776199,25.636687212877177,2,3,0,2023,bot,0
5,3,8,8.359233773951946,453.41179627645613,589.1567760538015,0.3286976429074585,1.058448200168716,5024.0,5704.0,89.0,334.67749923089303,142.1619441972707,2,2,2,2023,mid,1
0,1,5,8.25591402941809,348.2084096437682,604.454781720026,0.24404955681150636,1.6706137465261706,5489.0,5931.0,,-37.771876722026384,567.5874482365392,3,2,0,2022,jng,0
2,2,8,5.599898056692749,366.9626770497876,534.2910522465228,0.13100953302737467,1.3679277501553673,5336.0,,103.0,744.3740588039993,166.7831855360259,1,1,2,2022,mid,0
2,4,3,7.728249158292003,371.3472780804226,430.6143012963323,0.15362235648958128,1.9094033389851792,,6179.0,74.0,,-680.5313555301009,1,3,1,2023,mid,0
1,3,8,7.643594079297717,392.8345955878006,551.1250268931315,0.22522020231339646,1.5810681537880145,6342.0,5040.0,77.0,,215.81748136417673,5,3,2,2022,jng,0
3,3,4,8.87655674579912,417.30726433416703,631.2841649959946,0.12420729050254113,1.4596706518678881,4736.0,5906.0,103.0,-67.5535095898465,-115.0446628837112,2,1,2,2022,bot,1
4,3,6,7.080247027994049,416.2630285619551,587.9087833059169,0.09501624027606187,1.0294416749161128,6176.0,5892.0,110.0,-128.55779172082458,-326.248579281409,4,3,1,2022,jng,0
1,1,7,7.7395186153625595,289.39020142432,459.01085487832574,0.3040442257085439,1.1907803003158537,4886.0,5490.0,97.0,-240.343658150827,435.81359661162077,1,3,0,2024,top,0
5,4,1,9.408817036053787,369.5408991465199,446.9531098356722,0.3460015173711289,1.4634654382098196,5963.0,6379.0,118.0,-239.891893681777,121.45830085269355,2,3,2,2023,sup,1
2,3,7,11.048266842271131,401.81501319711424,678.9328870166232,0.2670194073737591,0.9674115277000102,6207.0,6151.0,72.0,-41.28283546937442,,2,3,0,2022,jng,1
3,4,3,9.541490517873356,379.31847537909823,447.14246985547504,0.29426120605305695,1.0466581665170955,5032.0,6273.0,112.0,-119.07463829901803,-294.0435868523852,3,3,1,2022,top,1
4,1,4,7.78261427528414,308.1531667185452,641.0606941937465,0.3648274608645452,0.597276347019708,6619.0,6430.0,70.0,-914.829734907049,-14.812060505217445,1,1,1,2022,jng,0
2,1,8,9.21986274588612,458.8809411142316,452.7973264392034,0.17510322633135467,1.5894943558875658,5369.0,6599.0,95.0,711.9972446220788,507.46353096615843,0,1,0,2024,mid,1
3,2,6,8.945236572691535,324.5238149191623,431.3231616210176,0.16088575819298026,0.7211659171058455,5494.0,5301.0,101.0,-714.6226710257497,-367.9766622670029,1,2,0,2024,bot,0
3,1,8,5.9337226333329065,415.94970693467343,462.9503633175205,0.13906217820242966,1.567692159364953,5368.0,5935.0,102.0,504.0903104528103,,2,3,2,2023,bot,0
0,1,7,7.288186552199692,389.1316821011596,680.1595367402336,0.24483272517509713,1.0532632275188014,5369.0,6382.0,84.0,628.6906080319168,298.36065903017055,0,4,0,2024,bot,0
3,3,10,4.160872819484193,343.6337768682573,663.8038226540781,0.1415926274714311,1.8672559639486943,,5683.0,105.0,-74.19096401912725,-313.85971002909787,3,3,1,2024,sup,0
3,2,6,9.349306088720507,402.93695011962075,545.2494544984698,0.2680394939671803,1.3750130970612318,5741.0,5115.0,,-22.048736640360403,640.2621912431945,1,2,1,2022,jng,1
2,1,8,7.17401342285468,353.81444397898935,564.0941867755685,0.18592167832765177,0.967693634055673,5844.0,6181.0,96.0,-135.8897274514557,304.82944830108704,4,4,1,2022,mid,1
4,5,4,6.848099781279207,314.2289408830348,493.2504954680628,0.2937877314723369,0.6072354451460376,6742.0,5992.0,90.0,-753.595192714862,,0,4,2,2022,jng,0
2,3,3,8.353208631213317,477.7285926984388,504.135208299541,0.2895751856926616,1.6216086829419574,6833.0,5993.0,101.0,97.55213124793326,616.8780129360102,1,2,4,2022,mid,0
2,2,8,8.826083015560899,494.4246852978808,639.7992270015166,0.2187651844670234,2.0178593957009197,5616.0,,96.0,263.89446502408384,24.55499161755243,1,2,1,2023,jng,1
5,0,6,8.35142781048842,351.4662439821929,648.9445971307988,0.23096745046018624,1.5455577532055793,5307.0,6396.0,88.0,-428.2788924589347,196.06489891384354,2,3,0,2024,top,0
2,1,7,7.170884285442168,348.3626114775314,486.39052533422176,0.22775678359504314,2.0850844257844043,5872.0,6027.0,83.0,785.3272331283588,135.0525924591886,1,4,1,2022,bot,1
0,3,5,8.741852729781387,289.9584943096919,454.4970584599212,0.07671042197292036,1.7189211732408334,5533.0,6118.0,110.0,-498.7800769204875,-244.85650457412717,0,1,0,2022,jng,0
1,2,5,8.78997733261238,440.9095119270985,536.9479200909174,0.3682953165657219,1.0921209284178413,5486.0,6203.0,99.0,960.3657641942552,408.4974897047596,1,2,2,2023,mid,1
1,3,6,9.162565291674609,397.60928847874123,613.7305901888717,0.24241215375641298,0.9918808802512671,6054.0,,118.0,-315.129299067909,-54.53359597162611,3,4,2,2024,sup,1
6,7,9,8.869478662906978,448.88840836807356,411.2058178910312,0.3006197710021927,0.43699724602378687,6525.0,,93.0,-39.10710659900633,-156.1008467283296,1,0,1,2022,jng,1
1,1,7,8.587547550841446,341.01300869190015,510.51613065874596,0.1941509302834436,1.3985036338349006,5623.0,5543.0,103.0,-741.2960090115196,-962.5957055335455,3,0,1,2024,jng,0
6,1,4,7.725337421146398,397.9133495886676,534.7747963837433,0.28072588326844833,2.3925718803442644,5538.0,5565.0,90.0,-409.1259793124231,-370.5007050486135,4,5,0,2024,mid,0
3,0,10,8.784557044974461,455.0365431239293,550.9305636213793,0.17118000574202333,1.9483381864172649,6221.0,6320.0,79.0,589.1660678164071,553.6523894744179,2,1,2,2024,sup,1
6,5,3,7.669141112351123,294.27617038055735,489.6055876642232,0.20156763936656927,0.9866023279758194,5903.0,6498.0,,60.2689442100841,384.04808991470645,0,2,0,2022,bot,0
2,2,4,7.993773904677057,356.2495831135609,598.5723392285827,0.226601766812267,1.0767179745972424,5109.0,6448.0,113.0,1006.0245519692351,345.08027660674986,1,3,0,2022,top,1
3,3,8,6.001839887154782,338.3268542403488,528.3154712702758,0.164807229082725,2.2853151568854524,4776.0,5770.0,110.0,1286.8327170978923,-310.21842495108785,0,0,1,2023,jng,1
2,5,8,7.988298971415019,399.3408125307727,466.0018573373184,0.18084504171847782,1.9375412518923585,6000.0,5683.0,93.0,146.65677103874717,-83.21367718844431,3,2,1,2022,sup,1
3,0,6,7.954062519459029,458.9731914915664,556.5737278404443,0.2341677325782831,1.8664582030336538,6801.0,5786.0,89.0,388.5609007378687,210.74520408858143,0,4,1,2024,jng,1
3,3,5,6.57349766013161,438.5628110813955,629.2189532790395,0.38895324319648994,1.7204766385773274,,6244.0,77.0,-1.319116137288617,247.05574792829862,3,8,1,2023,top,0
3,0,9,8.430043984442522,389.7361006562688,479.3331301500968,0.2232349178616828,0.7464530190438565,4990.0,5852.0,70.0,772.9189927497341,-297.19650038762,3,4,1,2024,sup,1
0,3,4,6.919426215058268,343.3554637815681,462.58083641818786,0.2309192625735129,1.4645888534214864,,5625.0,101.0,59.385898232538466,526.3352153917642,2,4,0,2024,top,0
2,3,11,7.999631864388967,351.46996513716044,494.3346609925443,0.15929066410138829,1.564055895929599,6484.0,5795.0,94.0,-100.81826937249059,195.75706088953808,2,2,3,2023,jng,1
5,2,7,9.630497033971183,412.65155610429645,633.4323196747421,0.2689694693417151,1.1757378412443729,5889.0,5473.0,99.0,619.1077317765846,-37.941971952642746,1,2,2,2022,sup,1
3,0,6,8.056886367762521,410.5417872372721,392.7019943614389,0.30966849996127044,1.3433037046061662,5489.0,6074.0,102.0,,,0,1,0,2024,mid,0
1,2,1,6.56627383186392,386.43122953619644,508.83967283815855,0.2014737487756272,1.810271359538656,6286.0,5627.0,102.0,-164.6589905971693,-210.36810691457816,3,4,1,2023,mid,0
2,2,6,7.846972407762467,336.6591849400657,578.5660743525739,0.24524733649797784,0.7875263042736506,,6974.0,100.0,604.3352095118914,645.5827777667299,1,5,1,2023,mid,0
3,4,6,9.399291823802669,396.3276628211231,634.1824174952577,0.20401941191264417,1.302623194863672,5292.0,6049.0,73.0,-257.7782086562029,-437.85948506646275,2,0,1,2024,bot,0
3,1,3,5.630985627684818,321.0774282633118,500.74376073051843,0.1988353475407503,1.5473214195185403,5399.0,6295.0,77.0,-619.6132403156229,147.0855769234784,2,1,1,2022,bot,0
1,6,6,7.330543760601352,356.46879181351176,466.8215855056976,0.1598069391233765,1.096807291992429,6023.0,5560.0,66.0,133.39333864208595,-143.784766302326,1,3,3,2024,bot,0
4,0,10,8.227311968406871,310.43948468390494,323.7051944953829,0.11889742110629002,1.868191939833883,5532.0,7022.0,90.0,486.82464644102345,319.6154527900536,3,1,0,2023,mid,0
5,2,4,6.513346102050599,321.53057056757166,545.6290233549339,0.2730711235845942,1.1035030841210047,6114.0,5990.0,107.0,-216.6945112129464,-116.0060338043703,2,2,0,2023,mid,0
2,4,5,7.1984594771756285,373.356212387355,446.1418000588364,0.15080751095272887,1.6354229363800834,6279.0,,94.0,100.59702106828746,-236.89235631703608,2,3,1,2022,sup,0
4,3,6,7.29226990735045,346.6366701257183,397.542841890628,0.21848531342595395,0.7069049579203761,5790.0,5914.0,107.0,-24.132362591795754,-359.151980780619,0,2,3,2022,bot,1
4,2,6,11.087314314391504,326.63211139224035,509.13791806798446,0.23418599684907218,0.9821436355988497,5648.0,6736.0,65.0,290.97322287935197,185.0255889971155,1,2,0,2024,top,1
1,4,7,6.839852645267158,354.31253408491074,657.9966871682283,0.2542769494804492,1.4402668744312637,,6229.0,111.0,-269.9690785520626,-461.1417389662967,2,2,1,2022,mid,0
3,1,6,8.27523852619621,362.4068573479478,453.46477248248004,0.1452270196638072,1.0246700660294927,4859.0,5841.0,117.0,118.83861324577691,-278.36320869419865,3,3,3,2023,top,0
3,1,10,6.788413935284862,244.7382246200991,729.6213779340611,0.1553948998924447,1.628397323828493,6622.0,7228.0,86.0,,-85.68666232918423,3,1,1,2022,sup,0
1,4,7,8.496388008894968,374.22544779830895,550.1373791998761,0.26993134314995626,0.8584991448251291,,5993.0,123.0,-577.2141929566657,-26.512462460487228,2,2,1,2022,mid,1
4,0,6,7.057183756671773,384.5594655733388,493.7719051368963,0.26476318502990953,1.3034082596339032,5917.0,5727.0,80.0,-42.542583755198585,-223.4811089619104,1,2,0,2023,jng,0
3,5,6,6.244455585581803,356.28959259570354,504.29700268939143,0.22401413443850318,1.167372849878899,,5618.0,87.0,-493.28914593926004,15.375110600930867,1,2,2,2024,top,0
3,0,11,7.601154929865409,364.2080781233286,507.1683634298232,0.3412245694179671,1.2226750165836426,5930.0,6606.0,,-227.26607681997896,,3,1,2,2022,bot,0
3,4,11,7.604766775141382,348.5994435277846,279.1216114817413,0.176579452929638,0.5165983166605441,4943.0,6860.0,89.0,264.3987230982467,271.4071245102884,1,0,4,2022,top,0
1,4,3,6.816373831713382,323.35940672094347,326.91356900123105,0.04573443076606515,0.9310051953565577,,6441.0,108.0,-142.8992653943897,-415.7260251234311,3,1,2,2023,sup,0
4,2,8,8.375827513131268,403.98062123637095,621.702080434318,0.21063653900682244,2.1375865716010813,5194.0,5374.0,131.0,31.41327532941355,,3,3,2,2022,jng,1
4,2,11,6.503751486660544,342.47966318836336,462.8534519035063,0.31380824944972996,0.7049807678489746,,5936.0,82.0,-528.5041496663434,118.63211679947543,1,2,2,2024,bot,0
5,1,9,7.499098746196183,430.1396426758248,481.0258791133155,0.34200059504359176,1.8965374649199627,7405.0,6881.0,,303.20227877735937,-173.18867447110458,1,3,1,2023,mid,0
3,2,8,8.960250401856506,410.86314186942224,362.16100030223583,0.2629799596926413,0.9942026618598794,,5591.0,99.0,34.36770710192289,-44.730496091911704,2,3,2,2024,mid,1
1,5,14,7.145158361020094,332.236503089779,468.50743948586404,0.32715973782702884,0.3382327230565767,5714.0,6073.0,113.0,,149.220337719125,2,4,0,2022,jng,0
2,2,7,8.443965085804903,366.04884061995153,500.8447503790411,0.2529304616810962,1.3912497919882396,6075.0,6377.0,108.0,-841.02820157916,-283.9089556600313,2,3,2,2022,top,0
7,2,4,7.300822344040352,432.96132726817143,482.7272269203242,0.18255247738537123,1.3573959342998767,5924.0,5237.0,113.0,-53.240368239461475,-18.154975790472452,1,2,0,2022,sup,0
3,1,4,5.70244207664826,235.61526336003834,486.0608184174843,0.31704421719970544,0.7762953378523376,5455.0,6121.0,69.0,272.0280259996358,-120.13196281972645,2,1,0,2023,top,0
3,4,6,8.557002585988052,388.20837909730767,498.08870727013476,0.2977879705412139,0.815193395117782,4995.0,6063.0,,1187.320736542639,208.16317311283288,3,3,0,2023,sup,1
2,4,8,7.018107476853508,352.7825921021129,639.4022883714556,0.2599755991962608,2.079997714478033,5655.0,6071.0,103.0,841.7412792246348,-90.38618635224819,1,2,1,2023,sup,0
2,3,8,6.918803878223704,311.9304701407854,536.9304877966484,0.21920938833364054,1.428435929132846,6454.0,6010.0,81.0,-10.018159890088441,-85.57269415301872,1,3,3,2024,sup,0
3,3,4,7.272826301151497,352.0678563643676,821.3890192664412,0.35888711041012744,1.2903164333857218,,6585.0,71.0,-212.68406610133286,128.02805473159378,3,4,2,2024,jng,1
2,2,6,7.408503295956571,449.12001296416304,769.4010323027846,0.22261587695623955,1.2072232520945507,6397.0,6293.0,90.0,-296.9753467199632,635.0433892275463,2,2,1,2023,sup,1
1,3,3,7.1792783689755435,393.79269299280537,421.8510732011412,0.06216326634185548,1.299774506204426,5729.0,6020.0,105.0,-194.9475380154684,,1,3,0,2022,top,1
2,3,5,7.659288061610933,392.06443804481665,665.7861220456106,0.3896173523868298,1.9791602753053144,6685.0,5516.0,57.0,353.6200315277565,288.1256099659366,1,4,0,2022,top,1
4,5,5,8.685015532688583,428.3625259280324,535.5633379844222,0.2792849713632974,1.8086483523861514,6472.0,6162.0,99.0,245.51677329545447,394.82667774478796,1,1,1,2023,mid,1
3,1,8,8.244214995098348,376.63066533017263,610.7655850966858,0.30657649979655244,1.2325239093970355,5480.0,6713.0,105.0,,521.5691992143209,0,5,0,2024,sup,0
1,1,7,9.521511331762165,412.79017914798186,550.8769420782248,0.26230994744609404,1.6611169025856667,6305.0,,,402.7947845251545,-404.75304384273727,2,0,2,2022,top,1
3,2,4,6.541174579039689,415.33556509529905,482.66089581476746,0.1560506459764936,0.6856909540494852,5973.0,6033.0,96.0,555.4464479352661,207.38234593569612,3,0,1,2023,top,1
3,4,5,8.733246411948468,363.8692145292909,551.1400604935546,0.25227991496327895,1.5959124508985014,5528.0,6087.0,95.0,676.8825478049906,467.67922576233104,0,4,4,2022,sup,1
4,1,6,6.290882664554445,416.559159020126,493.67163885989737,0.1954572383373636,1.5881051355265539,6042.0,5707.0,111.0,179.49981025894277,47.13127413560264,2,1,1,2023,mid,0
2,0,2,8.308164856372889,395.81939027659604,482.02288211262936,0.1712909498027634,1.3593812392511222,6272.0,5847.0,117.0,135.43101271030326,-548.3750411538791,2,2,1,2022,mid,0
3,3,8,7.2091406367416715,360.80388151782404,542.3854071208941,0.19073027570159123,1.9769953568186889,5609.0,5939.0,104.0,-214.2677612171891,199.6525430465498,2,3,1,2022,sup,0
5,2,7,8.935496831455094,401.0039795287604,600.9202972255783,0.2740911619837884,1.8973065655672143,5842.0,6711.0,78.0,,-186.23639433718978,0,3,0,2022,top,1
2,2,5,9.823653968310785,409.94366893192955,331.5019900145808,0.28367076922906803,1.1694683495100513,6268.0,5858.0,123.0,,198.18198290667056,1,3,2,2023,jng,1
5,1,6,6.091776024709164,227.88839060436592,709.7719067199343,0.14146545126561222,1.2802272732006013,5479.0,5080.0,104.0,561.1740217817838,-560.0398002345084,0,1,2,2024,top,0
2,4,6,8.266766092584232,419.17776263721646,548.7293574191202,0.3264694636305634,1.495178580538983,5538.0,5564.0,135.0,84.43524299726884,670.0853702476301,1,2,1,2023,jng,1
1,0,7,8.900563846246138,443.0334537305686,770.8406191989139,0.17098931431964623,1.4139073082776557,6348.0,6156.0,,635.2601010423118,-450.2606306024212,2,2,0,2024,mid,1
6,4,5,8.694902691792926,308.6427687422242,640.6686180295384,0.12782154240222438,1.0999238569115928,5720.0,5134.0,,-382.1675919423334,662.4411931281385,3,3,3,2022,mid,0
3,2,4,10.323199548750285,474.7721122387726,741.3110815284433,0.15236639672097757,1.509050023179697,6292.0,6527.0,107.0,317.3065843452168,-84.49218581298646,1,1,2,2022,sup,1
6,1,5,5.378487885756425,434.6493138488442,619.1229486377345,0.17419966228344053,1.597150116779807,4599.0,5799.0,122.0,46.31116230155449,-165.25942884971698,5,3,1,2022,mid,0
4,0,4,7.581259001927732,388.89850729572504,543.3576749175473,0.14786225200003833,0.6352497189497838,,5527.0,105.0,-125.19321965014353,392.2986311592485,3,1,2,2022,top,1
3,1,6,7.749652578285061,374.1123765940413,552.0698336740659,0.10450363588681975,1.0571604899717917,5042.0,5860.0,111.0,107.44995741957038,331.5925734809684,2,1,1,2023,sup,0
2,4,2,8.088343401152851,469.41359175144635,652.9456666383686,0.2794782465589465,2.157711533727275,,6039.0,,369.36750138648904,-100.07399549151978,1,0,3,2022,sup,1
2,4,3,9.937853134684417,313.2549612285182,631.5081477036446,0.21405439263905138,2.2744988393793317,,5723.0,122.0,24.43774802359026,164.36224543253215,0,1,1,2022,sup,0
8,4,6,8.489802302365765,419.1298760588927,651.0371610446679,0.21980961579662917,1.6540537603964556,4867.0,6463.0,89.0,-215.01145963535635,323.8501261439713,0,1,1,2022,jng,0
2,2,4,7.225919582937968,373.20365224501376,345.1314255729249,0.16929623375832842,1.7063130219445224,5610.0,5785.0,66.0,-502.27945354651644,46.54379834862607,4,6,1,2022,jng,0
6,2,6,8.224962850093624,439.2480426824087,514.4970593951255,0.3283243778882541,0.7638448471261964,6231.0,6745.0,99.0,245.9049121503827,-778.2759380795035,4,2,2,2023,sup,1
3,2,2,8.927347886823394,336.46273614311235,639.5143279800552,0.19267760733114975,1.0221168235285443,5599.0,5689.0,106.0,-337.1930333616626,-300.35918934131536,0,2,1,2023,sup,0
3,2,6,6.673237601707032,305.19621615674384,495.02039993560277,0.1318756652259073,1.4681456420948182,6723.0,5743.0,115.0,-117.15311607484753,455.0283720767915,3,1,1,2022,mid,0
3,3,7,7.525294648193233,402.7795499621323,530.0382198816866,0.2277492532424402,0.7194492396062353,5522.0,,113.0,43.09039731890664,90.45120894255099,2,0,0,2023,bot,1
4,0,4,7.21066554057713,355.01877038601305,577.9228292270819,0.02,1.184911952920986,6517.0,6558.0,95.0,,35.15338983226053,4,1,0,2024,top,0
2,3,3,6.921184292619679,422.8418831706475,571.1465658195766,0.2722617913938238,1.3084492342184981,7370.0,5795.0,82.0,-117.5068642299341,-736.2909628935373,2,0,0,2022,sup,0
1,5,6,8.8132291626992,446.58185017151624,498.2894488543618,0.18191868252462695,1.394883904251244,5941.0,5237.0,91.0,118.55257311190694,355.34115662638123,1,3,1,2024,sup,1
6,1,5,8.074330095343228,267.2166943239697,470.8159627951988,0.3104566764775518,1.1097760057604762,4620.0,6500.0,117.0,-159.7009184389687,64.81600140640529,0,1,1,2024,sup,0
3,1,5,8.711568445231444,327.22181479692296,478.8336040221926,0.23442162824043575,1.283491104847102,5458.0,6995.0,87.0,-462.83035311879354,-219.31873451710152,1,2,3,2023,top,0
1,3,8,6.46713929694445,416.32284718531884,490.5531770001841,0.25437895787976567,1.5369260180626259,5331.0,6513.0,,-37.75207532410913,-505.2830942640408,3,3,1,2022,mid,0
6,0,10,6.105597838212878,362.7167458881573,463.52128228646137,0.23657515966917525,1.5080154962438148,6534.0,5729.0,123.0,-244.71015513318906,-135.92916496947055,0,5,3,2023,mid,0
3,0,7,9.383279204883081,253.82500370227757,499.926753227023,0.2538428290919536,1.906956596449001,5197.0,5338.0,83.0,-196.36972835846257,-103.19355142639486,2,3,0,2023,mid,1
3,3,7,7.967411265949917,408.97168312063224,602.059010516605,0.2550589759208545,1.5378770629969847,5992.0,6266.0,89.0,-56.701280996333615,-409.02886389604987,2,1,2,2024,jng,0
3,3,6,6.68713384125942,437.4340617595405,622.2005765406194,0.25346568650047546,0.9873092788085945,4905.0,5922.0,112.0,-152.1991758025055,,2,3,3,2024,mid,0
2,2,8,6.024452512692286,333.9457633083014,485.9464586264963,0.12671642186391285,1.3497483814551305,5784.0,5621.0,109.0,-288.189723888695,87.28273704181677,0,1,2,2024,mid,0
3,1,6,6.885563742465921,269.3354091234277,493.9398942144597,0.30450485775292896,0.3990818179514031,5758.0,6383.0,89.0,-90.91956750597988,166.4458031765004,1,1,0,2023,jng,0
3,1,6,7.9150313445945635,376.98618126752785,518.0592427511774,0.2583177009225468,2.04910876496979,5957.0,,,716.9091984470275,,2,1,0,2024,jng,1
3,1,7,9.044538382247518,345.92769050202287,398.7849048740791,0.3111811611031916,0.5725065797333111,,5981.0,84.0,800.515715592204,818.4062077229258,4,6,3,2022,sup,1
3,6,3,7.272207899562001,419.22830071229515,580.3595647213631,0.17435201893615207,1.8639439199979098,6211.0,5928.0,90.0,-30.119388068373524,214.01572674128104,2,2,2,2024,sup,1
4,3,9,9.019569161851162,430.27646061515463,336.5589884959253,0.17383074740300924,1.3487869232576026,7145.0,5465.0,90.0,-458.0083327575994,,2,4,0,2023,bot,1
4,3,3,7.310336746999943,398.97445496112766,482.62842115926475,0.23219437685585184,1.4266016681406197,,5497.0,134.0,337.07639458183553,-194.43973558754814,2,0,0,2023,jng,0
8,3,4,6.799713774485692,290.41896968188996,718.8396768935922,0.20829887245580136,1.7968493504251375,6178.0,5994.0,78.0,270.04323801420344,-714.3786382672757,1,2,2,2023,jng,0
4,2,8,8.303012524426236,365.5265073371954,524.2002075498784,0.22608135137968816,1.9193136779608588,5753.0,6292.0,105.0,-381.3484777125678,-866.0827779685555,1,1,0,2024,jng,0
3,3,6,8.487062017231187,444.3921054542473,416.1256455980872,0.02,1.3174206187919013,6587.0,,90.0,349.4798338115571,109.95106005023734,2,2,0,2022,sup,1
1,5,8,8.596399550772112,419.49089351407144,621.5675300574599,0.2682908754312758,1.583547835347946,6009.0,6748.0,96.0,853.264661631485,397.1571632919691,1,3,0,2024,sup,1
5,3,7,7.310084709825292,349.98986225839184,477.67057594395317,0.26300517735631235,1.261148160597673,5340.0,5644.0,106.0,147.17876181397386,278.54418372189184,2,3,1,2023,jng,1
3,0,6,7.843268993951355,368.4099552905017,625.3592163966637,0.14660397570624584,0.934511416928413,5669.0,5730.0,89.0,-903.0815130822498,-405.166598910177,2,1,3,2024,sup,0
5,1,8,5.885080624335875,323.73269101571583,525.3378225991141,0.1265095758541517,2.114645468676843,6255.0,5329.0,81.0,-326.45364035594434,-183.40562577017977,1,3,2,2024,mid,0
0,5,6,6.471001247329224,349.94155015909223,616.63101773335,0.33057254653905077,1.635152021551455,6132.0,5983.0,91.0,-30.814990555418312,389.6500357230557,0,4,2,2022,sup,0
2,4,8,9.508597739600946,332.1895299866504,371.01184852084583,0.1392092055380157,1.4069795103156921,5373.0,6347.0,135.0,414.5853308766435,80.10880527676888,1,1,2,2024,top,1
1,0,6,7.252288104055604,335.52305988490014,393.94097895876746,0.17527561123004215,0.9703033796807967,5497.0,,89.0,-464.55457327469304,,4,6,3,2023,jng,0
1,4,2,6.667374918365014,349.8358897475283,435.3085210245292,0.23415008080710895,0.8787721668125273,,5474.0,89.0,-121.52227403852288,-463.7794017842198,1,0,3,2023,jng,0
3,1,7,7.517344471884241,268.83356744210994,217.6212246981454,0.3692230054437685,1.1238196474022524,6488.0,6325.0,,-52.64294423741697,-306.60843500066574,1,5,1,2022,jng,0
5,2,5,8.906163609460299,360.789739300736,815.2672097317316,0.10226912558564576,1.3823843007907426,5566.0,5459.0,119.0,324.38233489731147,-450.10421920690203,0,0,1,2024,bot,0
4,2,3,7.344116503790708,416.23368763549274,463.23877545970174,0.16195968704772434,1.0651371943687864,,6613.0,97.0,350.51988120763576,-700.7284338382979,2,2,2,2023,top,0
1,0,5,7.190230669886328,348.12405172113245,365.54968171817325,0.2854920688064973,1.6373226023766938,,6172.0,92.0,-68.31837992666715,608.050504176715,2,0,2,2024,sup,0
3,2,5,7.951088203258167,328.02581035312295,620.3251715400542,0.24468367608893588,2.163176778091293,5833.0,5910.0,99.0,-194.44473468215529,-942.6568023099939,1,3,1,2022,sup,0
4,2,7,8.880593093938927,280.7449532152956,509.98788003788104,0.16152897206330227,2.1900300273254127,5902.0,6072.0,114.0,59.59762610594882,-384.9670560187097,0,2,3,2024,top,0
2,0,10,7.442560558333989,354.7777549642068,623.4279414629603,0.25233196178508455,0.8408515029276874,6894.0,5883.0,119.0,545.0419419704638,-400.8482716071883,0,2,0,2022,mid,1
3,3,5,7.748168461239797,364.80680303428426,531.6603656122945,0.18327444515180985,2.107034724560476,5062.0,5972.0,88.0,-497.507506412458,250.24418096891895,2,4,1,2024,sup,0
4,4,5,8.445389634800835,294.1594757609276,677.8281731321542,0.1155763699618117,1.0215073616715304,6079.0,5821.0,123.0,-478.2713020104878,-242.1029314879606,3,1,4,2024,top,0
2,0,6,5.661395476446715,331.9514426851535,512.4101748237746,0.23602601570009585,1.6125979612629737,6364.0,5790.0,,-625.9159159681374,,3,2,2,2022,top,0
3,4,6,6.345678068086506,242.84387470733748,571.3118836196975,0.16116905500153528,2.0524328764852386,6293.0,6435.0,86.0,-989.6950377629096,,1,1,2,2022,jng,0
2,3,4,5.8843047118288885,390.0725529608859,325.39182222903935,0.2891905373380656,1.5783296485433143,5568.0,5609.0,114.0,-576.0080263260893,833.6968860626844,3,2,1,2023,sup,0
8,1,8,9.230760823992936,503.7710438087753,525.9111680305392,0.3049919929218194,1.129573665389394,4827.0,6826.0,109.0,-415.8876286789002,315.8464330551641,0,2,0,2023,jng,1
4,3,12,10.102631033460828,426.1072676935171,481.78132712108516,0.16132357335857056,1.1699717023031586,,5664.0,98.0,-10.828704021422709,239.71996632399242,0,3,1,2022,mid,1
4,2,5,7.5460822000845535,262.99741496577707,619.0145865895698,0.21791152851464662,2.1766717528768917,6188.0,5453.0,89.0,-30.149694364564063,202.48870543493925,2,1,0,2022,sup,0
2,4,7,7.963203702759241,471.0940610730018,602.236053476646,0.24079101308178982,1.4044367269207505,4123.0,6384.0,97.0,-227.47717763884103,-42.69381547513926,1,3,2,2023,top,0
1,2,9,6.001186446542683,432.47300516531783,677.9189860444475,0.3884865527364819,0.3,5864.0,5518.0,85.0,100.74356401033688,-42.353363878054836,1,1,1,2023,jng,0
3,4,3,6.936268305279591,436.1653112304963,495.435232407463,0.27400603077430524,1.5122613225532016,5007.0,,88.0,-549.4905844629757,164.04711016795594,3,3,0,2022,mid,0
3,4,4,8.850885970945523,336.3826890972297,369.49661253497743,0.22352194474360804,1.6857457290647304,6040.0,6122.0,122.0,-245.86623421750343,-127.54397746816487,2,1,1,2024,sup,0
6,3,7,9.025647804390657,385.5961341064429,274.34337198528107,0.18144032335423144,1.2938304351379222,5756.0,5930.0,113.0,997.9153730364856,608.1169562979579,1,0,1,2023,bot,0
5,2,6,5.7248602566926206,364.04254458896827,634.9477807874699,0.2877573149650003,1.645384913163246,6506.0,6083.0,85.0,,-478.12628893205533,3,1,2,2024,jng,0
2,3,6,8.643499292978028,329.2694573127701,427.7429767883933,0.3407357452093388,1.100158589414262,5658.0,5704.0,100.0,214.7032465219404,,0,2,0,2024,top,0
1,3,10,8.128112808916073,352.2169212614645,494.3057866336914,0.02,1.470746978566655,7261.0,6299.0,92.0,360.9306910910452,-105.72266450924855,4,5,3,2023,top,1
3,3,3,7.24981359844462,424.83471227585744,549.957036048382,0.14382232584671217,0.7095283207688186,5468.0,5372.0,73.0,-347.4652062597844,106.86770999802113,2,0,3,2024,top,0
2,1,3,8.262633280301493,377.7117550518335,595.9856852989192,0.25813207591777243,0.4197659588691849,5878.0,5922.0,96.0,-187.13160332320854,-16.85121523212922,5,1,1,2023,mid,1
1,3,6,8.358301190563001,421.805750821563,730.8620308942899,0.35253255126886074,1.4219444340402962,6026.0,5463.0,,881.2222697282584,-180.99389571638847,0,3,0,2022,sup,1
3,1,3,8.334858047198667,491.99431599661074,747.9443900175615,0.16260874949916634,1.8676367084702827,5351.0,5978.0,99.0,406.61260548747913,43.83888961562984,2,2,0,2023,bot,1
1,5,6,7.363290727779541,337.030380032262,509.0952238216053,0.22690632947606437,1.4912521444224736,5809.0,6363.0,100.0,-933.7342752625473,-474.37389317747534,2,3,1,2022,jng,0
3,5,2,7.338082308461763,404.42181126411634,410.63372418585107,0.25407836670390144,0.8843156831929554,5953.0,6753.0,88.0,-441.4681905812581,18.0468419418972,2,3,0,2023,jng,1
6,3,4,7.464945157407301,373.57804562036523,320.9408524907155,0.2734271884600968,1.8051261052769425,5904.0,5917.0,98.0,1132.3573795333384,-266.9932873601981,2,1,5,2024,mid,0
4,4,8,8.56802872693004,393.0184424733166,444.37741541668254,0.15142520622598027,0.9831808949868258,6361.0,6351.0,106.0,219.99483250943516,,0,3,2,2023,top,1
2,2,10,8.205305270906512,349.6366819764295,611.4881837013886,0.2150690756084215,2.006625681202613,5771.0,6490.0,125.0,-311.46262814976046,24.185068043454493,2,1,0,2024,mid,0
3,4,7,7.718838879128051,461.7611720078287,297.67900973512633,0.32154818759119463,1.4060007279094602,6417.0,5989.0,78.0,321.5759051044396,-343.8098907594709,2,2,0,2022,jng,0
5,5,3,7.313652329575723,354.17129003908707,625.8848340439733,0.13567415077894418,1.003695754707926,5026.0,5904.0,94.0,-39.6871014363261,-521.3835973098123,2,2,1,2023,bot,0
2,3,7,9.144131659807659,359.518305396735,592.0905754615375,0.21817402303393862,1.3576227267240244,,5581.0,114.0,54.92252801936536,345.3167678721521,2,1,1,2024,mid,1
1,2,7,6.5886032265637935,411.61432923437684,432.74741783757895,0.25515400850704,1.1864847495171726,7188.0,6129.0,114.0,-143.2791256557283,119.03586016278305,3,1,2,2024,top,1
2,2,5,5.904608158395778,404.5482173037442,749.0705373437104,0.19309226016107364,1.097592389896855,,5314.0,,161.37192342981797,402.58309764769484,3,2,1,2024,jng,1
5,4,2,7.099887751802093,381.2532650910787,487.49732582177546,0.23710099495144382,0.8875480716397425,6316.0,5790.0,,395.990348080138,-144.66032957146126,4,2,0,2023,bot,0
4,3,3,8.351638376103873,387.40911377217566,610.0481787194215,0.15704787947583582,1.511548705764757,5335.0,6244.0,117.0,-1026.3366027879388,594.8276785840142,2,3,0,2022,bot,0
5,3,7,8.563124386665285,411.8813986788425,523.8003848221447,0.15476958205599434,1.5409511013640285,5717.0,,102.0,308.9727493971919,-170.48233846225713,3,0,0,2022,sup,0
3,2,7,7.969457532739851,380.75469217461233,620.0385388094429,0.2886947488182733,1.2473156020803826,5583.0,,110.0,199.47493390653312,-196.45517312181872,2,3,2,2024,top,0
7,3,4,8.324792366779606,468.9076476137373,416.0584718557243,0.1700696156479434,1.9991604368300229,5586.0,5675.0,117.0,,346.4047342284889,1,3,0,2022,mid,1
2,1,6,6.637918864813965,310.27204624371,494.28068949449136,0.24288319377220838,1.4485360747963534,6814.0,6167.0,66.0,-345.2475288212445,-104.50928732468216,1,0,1,2023,bot,0
1,3,3,7.895568970364569,398.876787129182,471.9562214804725,0.12696425642882558,0.8966232327662614,3711.0,6487.0,95.0,80.7293065844684,253.7226171332786,4,2,0,2022,bot,1
3,1,5,8.195858809053053,411.4305452885823,673.9671367666418,0.17089595656621143,0.9464838495944363,6426.0,6304.0,,-276.19880060845935,-280.1637102565134,2,1,1,2023,jng,0
2,2,4,9.072745931628436,409.7556882633493,554.777408136712,0.07389873370688935,0.9845062791952355,5255.0,6170.0,116.0,-310.6540074402692,416.67866610502557,2,0,0,2023,bot,1
1,4,10,5.138566577335452,338.69419044988695,572.7964201187311,0.23166932832412257,1.7557761613365008,6200.0,5505.0,80.0,-845.5778158972638,-167.12459699805788,2,4,2,2023,top,0
3,2,7,6.785131751291893,386.0640470129942,574.6479719281449,0.270638081904769,1.7013511215126353,6433.0,6447.0,113.0,439.429380764601,33.54176411018581,2,2,2,2023,bot,1
3,2,6,6.890047055613786,257.369985964654,524.3527287008118,0.059266518899679765,1.6125916807397012,,5996.0,89.0,467.918154467897,27.33883012680866,2,1,1,2024,top,0
1,1,4,6.780132486516431,276.08722135319164,439.1495729114539,0.184972125657431,0.9996125534964068,5802.0,5747.0,102.0,-189.18445353365428,443.7507958092282,1,1,1,2022,bot,0
5,5,5,9.6245458374642,336.2941934521049,693.1169047151811,0.312822788456801,1.7907358137303433,5251.0,5994.0,73.0,57.072554239332305,,3,3,0,2024,sup,0
6,1,2,8.347555397106936,318.64062716541724,569.0856066457693,0.09451994065849692,1.0367264514382923,7087.0,6126.0,94.0,63.27333501628334,-33.94451672881268,1,3,1,2022,mid,0
1,3,9,6.270736675616719,294.7486495945267,541.2707140965998,0.30558545642349033,1.5323274918851666,4038.0,6370.0,107.0,-723.6605853929248,133.38286383028165,1,2,2,2023,top,0
1,3,5,6.530900225750844,364.7822274701234,507.2437590569908,0.12819799910968158,1.617139323686706,5692.0,5235.0,101.0,55.58721978326625,-122.95268986923146,2,4,2,2024,jng,0
3,4,3,9.933461198708404,465.68098299995734,636.9955828955377,0.1780783745126957,1.8816674841758805,5600.0,6299.0,91.0,47.2885383973541,-101.36392664224087,1,3,2,2023,mid,1
3,1,4,8.09671690035193,350.2292084840803,845.0692450868055,0.2575902805287229,1.020017867016005,4849.0,6793.0,,,111.11976843248789,1,3,2,2024,top,1
3,1,4,7.201752078904006,328.31682686529183,630.9722773485034,0.1833582026477854,1.315469708566202,5693.0,6205.0,86.0,35.78983872741324,-487.6068287690756,4,2,3,2023,mid,1
1,6,6,5.72658971497164,365.1814612291272,692.2656681991444,0.11610830907331507,0.6716119542347911,6201.0,6212.0,,24.48839269961701,491.45777143172404,2,2,5,2023,jng,0
2,2,5,7.066644072930038,408.7748167283078,528.6044109908597,0.20424622306506207,1.6056372879484448,6923.0,5708.0,113.0,201.8583773840445,0.7817043918937117,1,1,4,2024,top,1
1,3,3,9.15097266026047,283.1262451299608,615.4019378192324,0.23370455534503537,1.2358245572022055,6052.0,6850.0,97.0,-131.95779407111726,-308.86006258411095,2,1,1,2024,mid,0
0,3,8,7.527441002569465,378.1895679785267,570.0936969891753,0.43387097150691795,1.4883144204455745,5710.0,6384.0,101.0,386.6639095340431,697.5063495445137,1,2,3,2022,top,1
5,3,3,8.131102021337814,427.375066279246,601.4620412271709,0.19013721626236618,1.2243027966262856,6221.0,5798.0,111.0,250.2567638838949,58.136353794528155,1,2,4,2023,jng,1
1,2,4,9.201522452117795,290.2141674432887,410.59873396136095,0.2605714965330901,1.595145755656517,6295.0,,103.0,-477.3560165564392,33.295524999158985,1,2,2,2023,sup,0
5,0,8,8.414200667532839,356.4271343013938,661.1730538028647,0.2432439940962161,1.300308939406577,6038.0,5082.0,103.0,-22.979717106195984,58.1960782173671,1,3,0,2024,top,0
4,3,8,6.148400836275505,372.5905953943681,495.7178679879154,0.13762574101021424,1.3683716446808125,6173.0,5807.0,83.0,255.37615650107733,-621.984180586658,2,0,2,2022,mid,0
2,2,5,6.969395355504172,379.6441636756073,728.3340048742485,0.29995323176982447,1.5477352381664358,6281.0,5532.0,123.0,416.41576500505613,438.20834475719283,1,1,0,2024,mid,0
6,1,6,8.545863848718533,373.0984538173126,586.9673801211493,0.39660482492687815,1.2442332802539462,6614.0,5828.0,98.0,418.31457845761764,-36.90538904859335,2,5,1,2022,jng,1
3,1,9,7.318351308714812,340.0633401974976,513.9059657602533,0.3050677637080558,1.7092252488868445,5126.0,5537.0,111.0,320.43349383792895,-371.8149076444024,1,2,0,2022,mid,0
1,3,4,8.084844141969471,372.4067485460957,665.9468572339881,0.2319629609949062,1.4579926788638768,5583.0,6681.0,97.0,760.4046644091366,530.7555437519595,0,3,1,2024,mid,1
4,6,3,8.016437628249754,445.3945325041047,596.8046980278378,0.2100946311213322,1.4944045394174919,5707.0,6018.0,104.0,-412.4369205366038,,1,2,1,2023,sup,1
1,2,6,7.296695378825442,321.85068135935956,430.2155167565752,0.16832651340196333,1.3052851487407264,5804.0,5132.0,118.0,-282.4724993839793,-213.97690634684264,0,3,1,2022,jng,0
2,2,3,7.2653843851435385,439.89247628204555,333.16876581511156,0.33317534457300735,2.050888075208258,,6361.0,,169.70424109975855,181.97272746836776,4,3,0,2024,jng,0
3,3,4,5.3977498163738105,362.68150362866777,504.1487688443897,0.08727250470109899,0.7372965963157777,,6184.0,,,58.99275910610076,0,2,0,2024,sup,0
4,3,7,6.3561683358614385,379.33888930369267,462.24011660316575,0.2636258188539424,1.6805071783423204,6396.0,5180.0,123.0,70.01714684259247,-561.9354835919435,0,1,0,2023,top,0
2,3,9,7.53248494336826,322.6593005756449,406.32131235010144,0.24471686465908524,1.7631333872835515,5891.0,6236.0,110.0,-421.8203951220376,263.2261674227902,2,1,3,2023,mid,0
0,1,2,8.171129247348228,347.33025805316163,486.3876304204233,0.31520110326507084,1.084826511674942,5847.0,6633.0,111.0,-81.84245330211542,-57.52734369954841,0,3,3,2022,sup,0
2,0,9,8.264412566228703,395.2238808473187,524.4537799306734,0.17357114780568622,1.80084370023696,5212.0,5578.0,115.0,500.9805259376569,197.80026479028115,2,0,0,2023,mid,0
3,1,4,5.940153259515558,414.02415242807035,420.3950671023734,0.2292035771225954,1.0651219131049183,5604.0,5149.0,72.0,-67.22620991820881,-469.6831869391683,2,2,0,2023,mid,0
5,4,7,7.393528127771143,304.04596711120814,663.6109891056517,0.2573041977058662,2.2514868545153766,5397.0,6372.0,113.0,-527.3405208780769,251.31841673026378,4,2,2,2023,bot,0
4,2,0,4.975780477078298,357.29019764654186,622.315956928406,0.2082952082898691,1.58359641873907,7490.0,6825.0,113.0,,,2,2,1,2024,top,0
4,4,8,8.527797203270184,386.2386101755483,613.6928824648971,0.18048650328760063,1.3281923366420565,6011.0,6781.0,98.0,,,2,4,3,2023,bot,1
2,5,3,6.408900439029479,323.44309199127935,719.2342152401576,0.21051644434752986,0.9330456401236951,6184.0,5778.0,93.0,143.51731653324913,310.94520066848844,0,2,1,2024,bot,0
3,1,8,6.9617795593905,314.44868201498457,430.187127539199,0.32942497005694976,1.5954029235993747,4837.0,5999.0,76.0,-359.2686452871408,115.11720141817139,3,0,2,2023,top,0
3,5,12,6.887359724631773,391.4819002292683,531.0928294035502,0.15962218649951676,1.3201952737623548,,5791.0,107.0,-310.4528465775856,-42.693898190710684,0,3,2,2023,jng,0
5,2,10,7.099564756715075,356.80595964403756,579.8537967111635,0.17710173393398637,1.3486692644581775,6435.0,,91.0,-18.407104673723197,-718.0372301293435,2,2,0,2023,jng,0
6,7,7,6.10665775122051,272.8833401629466,527.2581140883046,0.3193625275409731,1.3535621332832146,6707.0,5885.0,87.0,541.4764137424447,-81.6823460868034,2,4,1,2022,jng,0
4,3,3,8.080000822889012,417.1831614804309,343.9861094431801,0.2554385432016206,0.8638483201999014,7185.0,5864.0,85.0,421.9713756615859,-860.068206304402,0,3,1,2024,bot,0
5,3,6,8.47181167857741,433.7748058289068,399.73838016212727,0.3424439164329317,1.3847071030730753,5731.0,6208.0,85.0,-462.4632893420178,227.8023068325719,2,3,0,2023,mid,1
5,1,2,7.9999510898078725,374.04566220825734,492.3759280097116,0.24844122959196904,1.4434039633424252,6198.0,5813.0,93.0,-612.9226079041246,-50.22540496751897,2,6,2,2023,top,0
4,4,9,7.859344201139684,333.6340980729416,748.140857165225,0.28004608170346973,1.5107577937124195,6335.0,6170.0,81.0,526.6732777276654,481.0699813561036,0,4,1,2022,bot,1
3,2,8,7.30608596146709,378.70348452361134,338.1766525002957,0.2880879806915871,1.2251078821908736,5222.0,6423.0,102.0,-57.19238918144495,429.74277433237984,1,0,2,2023,sup,0
2,1,7,9.340929742120476,324.2857383746031,576.655541861655,0.182755520238773,1.3002941225638864,7543.0,6119.0,112.0,28.458440348565816,-832.439884173379,2,4,1,2023,bot,0
1,2,7,7.435278340881773,382.74857169073204,484.55437873093217,0.10858346169373942,1.096458451718577,6722.0,6248.0,123.0,135.58692280005542,166.15123772034434,1,1,1,2022,jng,0
2,3,5,6.404193389459569,382.41122101454727,754.1688568779189,0.2520261413828365,1.0124478953953016,6194.0,6274.0,98.0,48.89868099668632,495.455657846739,3,3,0,2023,sup,0
6,6,2,6.228708485474317,351.70261350225667,358.1278928366769,0.16776527859045604,1.6096588147613178,5934.0,6038.0,106.0,-138.83918448543142,-231.86778586010053,1,4,2,2023,sup,0
3,3,5,9.6792237457088,383.2511510400436,513.4416498332312,0.19663961598264562,1.1939115805638087,5679.0,5543.0,105.0,,288.46486696878907,1,0,1,2023,sup,0
5,2,4,7.9460141996299205,369.25356798150574,538.790698559144,0.269731485069038,1.7644067590213734,,6097.0,112.0,245.21285443000596,210.45560709031682,2,2,0,2022,top,1
4,0,6,5.691402262651935,350.06215148244667,472.0903002800739,0.3479147864619246,0.6467596398547353,5820.0,6543.0,101.0,,68.72175900646344,2,1,3,2022,jng,0
2,3,8,8.329610396677033,348.92327716239845,482.10031139158593,0.15539180714669443,1.5578087828801228,5266.0,6434.0,101.0,-297.6828737761326,,0,4,1,2024,sup,0
2,3,6,8.084679238914898,472.71013583683197,639.5263958736667,0.0596799013313922,1.5932331498976435,5465.0,5977.0,88.0,815.5924790150924,-171.40095816107373,2,1,0,2024,jng,1
2,1,3,7.886392994612291,364.4193518369982,223.23471517072738,0.1934352113959276,0.9241760784194815,5886.0,5956.0,88.0,-110.23874793984334,-159.50267097950206,1,3,1,2023,mid,1
4,3,6,7.58334038574562,280.16831397387165,496.4657209366233,0.10428208335337176,1.4406050925925071,5645.0,6803.0,75.0,-527.5499894868185,204.61970728439312,1,3,2,2024,bot,0
5,4,6,6.638792998529409,370.8828847364678,438.12172092212273,0.294816446224645,1.06515186089471,,6134.0,116.0,-631.8422875184534,-221.50639637971895,1,2,0,2024,bot,0
3,1,6,6.307373250309275,317.5225497080032,440.159607207288,0.2750574567696746,1.2854969695551026,6136.0,5941.0,58.0,514.2797135961026,-342.71166669332695,1,5,1,2023,jng,0
5,3,6,5.942577576731566,356.4320971778359,588.4614080197271,0.23622834922283809,1.4372154007709348,5095.0,6578.0,91.0,16.054084951685525,344.9678665595172,0,4,1,2022,top,1
6,3,8,5.942227756976927,375.9866778745323,439.46693755635386,0.3060078691437158,0.8523621105838661,6451.0,6414.0,79.0,-177.24294055875026,-33.45877618172088,1,1,0,2023,bot,0
5,3,3,5.755243561984796,306.27436864585064,277.20723855154023,0.41256753076246017,1.2192231672154434,6023.0,6719.0,101.0,-386.89779317676505,406.01011463903177,1,2,3,2023,top,0
2,4,8,8.463287361966763,503.4923424070272,719.8597702247914,0.26846455406670505,0.6866533552438656,6517.0,6480.0,78.0,,394.93030391665064,2,4,2,2022,mid,1
6,5,4,7.702109713258092,390.2696689498938,497.44281288181895,0.22004029988119378,1.6455339183608166,6018.0,6559.0,,298.9355982452293,-143.29655145036793,0,2,0,2022,jng,0
6,1,6,8.407847390953648,360.72624559523865,478.58088717243993,0.19038934123712728,1.8857966090066562,4793.0,4512.0,103.0,-37.29840788629113,-463.6275680798952,0,6,1,2024,sup,0
4,1,5,8.253051188880525,420.2966364539846,330.69825370603917,0.25886221206704507,0.6212245617443888,5233.0,6499.0,91.0,-543.2216301527989,-749.6317267586513,1,3,2,2023,sup,1
1,3,3,6.767045617674076,342.2843465014614,592.466018073963,0.307572300179476,0.9612487439701825,5384.0,5916.0,97.0,1160.9375437367257,428.3519741673525,1,6,1,2023,mid,1
2,4,4,7.950635498668885,395.31667133825863,487.8245316159079,0.2679929331204267,2.0932823360102835,5419.0,5884.0,125.0,1157.9886061310972,,2,5,1,2023,jng,1
7,4,2,6.990720160098891,386.0595528157502,527.1123563845922,0.2932787601087938,1.0421583670228682,5068.0,,,-165.0084194716066,121.92275986676057,2,4,0,2022,jng,0
2,1,7,7.357156329518269,327.8475956917831,668.5847504435599,0.14343564712901796,1.081035752058236,5802.0,6640.0,113.0,649.9039636773048,167.98592324571467,4,2,1,2022,jng,0
5,5,11,6.697865405719702,321.1471747347406,575.7955929919633,0.21416269902335225,1.3175704830021129,5343.0,6418.0,54.0,-17.15867671678869,-199.29592155473566,0,3,1,2023,sup,0
5,2,4,7.811574347278442,314.73394727822614,596.2281830267507,0.218867170663597,0.9081106556435274,,5434.0,120.0,,-116.45550678579094,2,3,1,2023,sup,0
4,2,6,7.440553392460634,284.8056851114933,635.4407876452422,0.3424094352534284,1.3611746933617097,5328.0,5894.0,93.0,204.24840554973315,-318.317123622866,3,2,0,2024,jng,0
4,2,6,7.693586040135357,340.89427252758526,573.3409402255461,0.24827179482944922,1.2413297436968707,5825.0,5725.0,115.0,-293.65917284567917,-271.7092462856109,1,2,0,2022,sup,0
3,1,8,6.045198640160863,378.4931175988766,640.1029962542149,0.25703001335981424,1.7387986632847534,5782.0,,98.0,-161.65189229969053,-13.114757666219326,3,6,1,2024,mid,0
3,3,6,7.446895008511906,295.20493710662527,609.4834777280147,0.2645980991811526,1.791006099057949,5180.0,5975.0,114.0,44.37621450606389,-148.62056257021433,1,1,1,2022,bot,0
6,2,5,8.771859601974288,397.4170013044834,651.227556604109,0.2586138147057592,1.0427425548381477,6424.0,6617.0,93.0,,358.25138792936343,0,3,0,2023,jng,1
1,3,12,7.672715856195675,439.1174917288248,718.919969163866,0.36052459253461466,1.2087319068004463,5954.0,7081.0,108.0,-176.52065639727866,,0,1,0,2024,jng,0
4,0,5,7.7061903244186,385.39692378248617,543.5869632523072,0.15320479956437816,1.3653706031264505,5968.0,5948.0,,-644.5618289227534,31.182370377459435,1,3,0,2024,mid,1
2,3,8,7.0062741744695485,336.0014065376851,523.7468667958449,0.2932289666331209,1.3373485131554994,6715.0,6315.0,125.0,-394.2584389313885,-143.91350568651097,0,2,1,2024,bot,0
2,3,7,9.39441517182266,432.3644999148263,656.617452464969,0.2761509462249243,1.2131378490716782,6038.0,6357.0,87.0,1096.2389568390468,438.8632348879603,4,0,0,2023,sup,1
3,1,7,8.768464339972533,366.3409300574252,641.190360615424,0.18409565133763275,1.6717055863754373,6422.0,5542.0,,-154.87372254565287,635.4644682846417,2,2,2,2023,sup,0
4,1,2,6.971403194014213,431.5507847625308,675.8424798839262,0.286738904068409,1.8818068943057098,6024.0,5661.0,86.0,-1253.0967241984447,,1,5,0,2022,mid,0
4,1,6,8.770331985250994,445.238379834051,571.6905403118717,0.26288948970442455,1.8292923493803892,5112.0,5727.0,78.0,697.2461505739022,-601.6367680293632,4,2,0,2024,sup,0
3,2,6,6.70589082731885,345.49142428445373,633.0604303732948,0.2263051389017899,1.6256038649689097,5711.0,6671.0,119.0,155.99493871928067,-939.3438940183964,3,6,0,2022,mid,0
0,4,3,5.932890140259505,320.6531438937761,715.0638921232227,0.25234349101435016,1.9312444535458244,5290.0,6175.0,93.0,-347.38375769425676,-491.5833259810962,1,1,4,2022,bot,0
1,5,7,8.578469487711837,330.7291988763763,517.414881638681,0.08300977956426592,1.3215741383608801,,6015.0,117.0,-740.0945369417608,162.8290537355349,0,4,1,2024,top,0
3,0,6,8.908948549327633,417.23407245879497,464.3684323288128,0.24089600218187218,1.4508361074558531,6932.0,5737.0,83.0,90.06888230107317,-387.4048305818763,0,3,0,2023,sup,1
2,3,8,6.919395410914932,400.2394457020464,490.3989662139164,0.32840746371459706,1.2225372647491997,5216.0,5039.0,120.0,138.52507370442024,173.9644222868261,1,3,1,2024,bot,0
6,5,11,8.280077667773778,321.41042112395996,621.0597193228961,0.148423844275898,1.9480208136029238,5329.0,5740.0,102.0,,161.5286428084957,1,1,0,2024,bot,0
0,3,5,7.205305191188712,411.32559004601484,423.4128313302556,0.34655447977428444,0.6734123126110354,5888.0,5476.0,92.0,,59.521704616570815,2,4,2,2024,sup,0
4,2,6,7.343421247304453,379.84378605998916,390.91485694435653,0.10257157745438074,1.9646198843401388,5348.0,6561.0,98.0,-559.0042113806919,54.122889422360316,0,4,0,2024,bot,1
0,4,2,6.708866917049296,363.23996061221635,428.5148919230445,0.1554697913560121,1.6388919848209766,5381.0,6327.0,,136.58821576074544,,2,6,1,2023,sup,0
4,4,8,7.511478619675432,400.04997839281907,365.25084887758925,0.19467394550675046,1.749318872932607,6009.0,5913.0,93.0,207.35182709996616,35.68523059358803,1,1,1,2023,mid,0
1,4,5,7.72047387784494,314.9999371703895,399.84828901277933,0.21956055662366109,1.2678886952946937,5412.0,6135.0,92.0,-659.9043692276272,-28.503714789336634,4,4,0,2022,bot,0
6,1,5,8.10587584934972,410.5617298830717,489.84715940202875,0.2544048005772874,1.841525175147574,5616.0,6780.0,91.0,-404.4561010388919,786.3875365649409,2,3,2,2023,mid,1
1,2,7,5.445266572336629,426.6923987458844,652.5839169322949,0.3407932439011926,1.0602667878634657,6349.0,5834.0,100.0,-434.7822005495432,-684.3681731174534,6,4,0,2023,jng,0
4,3,5,7.936293742144923,362.6447425949943,462.85133995159026,0.35013679530995634,1.9851554708938273,4913.0,5363.0,118.0,-82.25193758861883,134.71300471163298,1,7,0,2024,sup,0
3,3,5,6.015502500744,379.9300867402909,527.185534602816,0.14456442339078188,0.6617906601598156,6146.0,6421.0,74.0,1181.227371558522,-96.0863727544189,1,0,1,2024,jng,0
4,1,12,8.88581301739814,437.0023036712536,310.1545224185719,0.18320488801099358,1.5904943854883573,,5740.0,126.0,240.84327519831845,104.24028302835958,0,2,1,2023,bot,0
3,1,4,7.590320629593218,381.15520261039677,667.4149713608583,0.22868949404255817,1.52436645203248,5009.0,,112.0,-1088.325796741169,-40.63605817094391,0,3,1,2022,mid,0
3,2,4,7.052717409279217,342.47551828511496,535.8204035274656,0.26166248514236173,1.1688932703030102,5790.0,5530.0,101.0,463.05834465928683,-236.1947304940873,0,2,0,2023,bot,0
2,4,4,7.879196995923609,401.2898096307487,332.14206419204993,0.2104169489798273,1.5028667780435154,5761.0,6980.0,,789.7685492401356,753.2465293345831,0,3,3,2023,bot,1
5,1,6,7.7969522041021255,345.06062960756805,509.99866717770743,0.18724806549280004,1.528892165348806,5838.0,6574.0,,,179.84448160170425,3,2,2,2023,bot,0
8,6,7,4.717633238929044,314.9456511455177,373.5242663737356,0.12389701340219206,1.8241264017451204,5846.0,5689.0,95.0,-122.65159033171666,-368.46369567114215,0,4,0,2024,mid,0
2,2,4,6.320277580299271,391.07994927835125,601.468634806378,0.31778052681202695,1.492677479232235,5773.0,6124.0,97.0,-613.4900915631675,-697.866897917771,0,1,2,2022,jng,0
3,1,9,8.928730649605313,391.58834522304363,527.414923410078,0.2068501307319258,1.2221822088910532,5298.0,6198.0,91.0,410.3155538055357,440.7313865229698,2,2,1,2023,bot,1
3,3,6,8.649425709452558,407.46128787662235,508.4571454632125,0.1376808388701981,1.597575504568191,5897.0,6197.0,69.0,142.02825058748206,-318.7769072404047,5,1,1,2023,jng,0
2,3,5,7.6762440344390335,360.033804845513,400.2118645881767,0.17846987725707347,1.587124240000266,6471.0,5800.0,113.0,-120.92102538388426,517.3316830752228,2,2,2,2023,mid,0
2,4,7,9.343696722299962,419.68986454742065,418.4633079414956,0.13096115054800944,1.5240106940740088,6298.0,5911.0,92.0,747.4331622706394,256.9932430398874,1,2,3,2023,mid,1
4,2,8,6.556057028781955,334.0279218833739,599.9393083998193,0.3879737648325179,1.3078536343140093,4988.0,6382.0,91.0,-932.6946551721518,163.18418041014786,1,0,3,2023,jng,0
3,0,7,6.979381550052702,444.15861717061944,544.5874751790598,0.2712517024093768,0.8784006259198774,5462.0,5744.0,86.0,-1017.0845298109829,77.88379772999306,1,2,5,2024,top,0
4,4,8,9.342109544267148,457.0686291004729,431.95907188322496,0.27036757431489455,2.0170916737760742,,6047.0,114.0,195.48083349713087,-18.121551846121008,3,1,2,2022,sup,1
6,1,4,8.269666619996137,395.8294347665189,610.5396114410057,0.13228188188273934,1.703032555920246,6160.0,5415.0,97.0,-31.020727342969245,498.81333175410487,1,2,0,2023,jng,0
3,1,5,8.612554998379705,388.92466804072563,396.3912733472567,0.26802075319431634,1.8060411515685497,5985.0,6072.0,118.0,-12.754718930513889,-223.59364307731892,2,0,1,2022,mid,1
1,4,6,7.8030886324364745,450.1681764882151,682.015172232806,0.22910748262155414,1.020218379447594,4670.0,6117.0,90.0,469.7770257520595,236.13894066763868,3,1,1,2024,sup,1
6,3,7,8.27665037691786,294.24941389952346,462.7163794721475,0.22621716771893896,1.0064440323424524,,5875.0,114.0,-365.7599158893625,563.9249971092074,1,3,3,2023,bot,0
3,5,4,7.3325021938665635,315.63289255304437,644.7125091103045,0.25543415218291726,1.5402794659878836,,6333.0,96.0,-88.15122030250622,-230.20508303753974,1,3,1,2022,jng,0
2,4,7,9.871459376374863,346.25709995716414,433.33929652626654,0.24653873526420544,2.3134098447028313,6053.0,6070.0,108.0,190.80143023464112,809.2315648921165,2,1,1,2024,bot,1
3,3,4,9.002495231567437,311.331767502361,490.16721340557234,0.11418091342778794,1.5272305549412526,4583.0,5500.0,112.0,183.49464095210124,-244.4649966958381,0,1,0,2023,sup,0
6,2,4,6.312089042692112,417.5478275714187,731.0051446190016,0.23710943223790193,2.1081418256087465,5958.0,6156.0,93.0,,-78.49675209637894,2,5,2,2022,bot,1
7,0,8,7.983736889950869,351.2710470886916,587.3946703363949,0.22948040938272193,1.117000378929242,5717.0,6869.0,113.0,704.8053664071862,510.3291727298648,1,2,0,2022,mid,1
6,1,4,7.988652695944673,392.70073201653145,696.581348757486,0.10913620024297838,1.2530792434443807,5877.0,,90.0,-812.8592227685818,-583.9065953827441,3,4,0,2024,jng,0
4,3,8,6.8368626259083385,327.4100103487064,464.79838383439824,0.2482952920179109,1.6489397665017653,5527.0,4993.0,60.0,-343.0844907202809,258.46147036961366,0,3,2,2023,bot,0
0,0,9,7.414369452157641,413.13109528013166,549.1236181092913,0.2434519013268608,1.907008388598948,5857.0,5978.0,111.0,307.8259810194525,-296.92692179007844,3,4,1,2023,mid,0
2,2,5,8.637881767903039,423.86994174699083,228.9060866146399,0.2401605165103175,2.159510204398341,6378.0,5072.0,137.0,-88.5318407812727,-108.6868254151627,1,3,2,2022,bot,1
3,1,10,7.117945024482665,334.3827272342908,348.0199692645869,0.21576963838636046,1.5178729929879249,5989.0,5844.0,110.0,-91.78416984549882,38.17454591226715,2,1,2,2024,mid,0
4,3,5,6.727952152605615,352.77550821274605,604.5851283018736,0.17960966892285962,1.5255367288476214,6103.0,5743.0,117.0,-113.7167540982054,-275.87598642859314,0,2,0,2023,top,0
3,1,3,7.581552823600156,327.0255289284906,487.8555131357027,0.18180156535713446,1.4427869818599153,6007.0,6486.0,77.0,151.5435725045494,-248.96732813439473,2,4,1,2023,bot,1
4,3,7,7.383006632604886,404.80823690259314,218.88871181658214,0.2968236703223186,1.4858505793338261,6622.0,6810.0,110.0,250.09284278884707,29.40189192840242,2,1,0,2022,sup,1
1,1,4,7.511278764629932,297.6741857253645,696.9930430947123,0.2589503714005278,1.989266496700929,4491.0,6303.0,83.0,512.6056596273581,-665.6596947469592,3,4,0,2022,mid,1
7,1,8,8.261889049241066,299.571261510245,610.9179527882094,0.2963274494094509,2.4394646617455393,4997.0,7173.0,,-20.5642663982565,-1222.9190228793366,3,0,3,2024,top,0
2,1,7,5.898232046887125,392.5465948321619,414.6468766450956,0.1723777139574527,1.0690784931273956,6276.0,6589.0,67.0,550.8749190219476,817.1652571493383,1,4,2,2024,bot,0
4,1,10,7.607193691784463,343.841631919466,554.2165112528777,0.19413017662995116,1.4836094416167278,4445.0,6302.0,104.0,-150.73429170684022,333.7605964276124,1,3,1,2023,sup,1
2,2,3,6.82414099195349,347.9907633961545,481.43608851049777,0.2791122350458498,1.7240796546489119,5506.0,5796.0,97.0,225.2831699347218,673.4545319835919,2,0,2,2024,top,1
1,2,6,8.126402632966446,327.41019108396017,612.7546514578598,0.15682117551721836,2.0750126931963764,6717.0,5545.0,111.0,-360.13280031106547,-123.50156769930668,1,3,0,2024,jng,0
0,5,10,6.625341996435826,426.071430922195,456.91944414137356,0.42787224103382887,0.6898733999407066,6230.0,6156.0,121.0,305.2656758609748,-366.41992915478096,2,5,2,2022,mid,0
0,3,5,8.543780773557268,333.74983226343596,602.1345539970699,0.3143044808281806,0.6215839330700326,6258.0,5970.0,89.0,-23.806713778953736,-210.76872254419538,3,3,0,2024,sup,0
3,2,5,8.358291490885463,339.9104558647831,463.13449502943763,0.24425424166461854,1.3488491756988148,5601.0,6708.0,92.0,84.34470095541641,-541.5618929867574,1,3,0,2024,jng,0
3,2,5,8.977764624825413,395.24851744345375,371.083729814184,0.37505892412911523,1.6792262646942118,5493.0,6199.0,113.0,-273.98540163397524,37.27968162311976,4,0,0,2023,bot,1
2,4,10,7.487767878378719,406.07350249238317,401.09268099884156,0.08330853495956755,1.8848592358615583,5531.0,5420.0,99.0,-114.35846115776103,225.27669317557996,5,0,0,2022,top,0
3,4,9,7.065509759042198,303.6114947878952,418.632012869448,0.37535680583401887,1.9294642300803027,5652.0,6803.0,108.0,-441.96296873718643,-442.8218140498011,0,1,0,2023,jng,0
4,6,3,8.079163406565568,378.76197800573976,675.4320448328206,0.1559600014823124,1.6268222879890506,4817.0,6068.0,125.0,1307.2701229852696,-517.1904232320842,3,1,0,2023,mid,1
2,3,6,6.992197310786457,265.5779522084867,609.9622780151253,0.09411039693444001,1.8188895848069735,5183.0,,,374.08277066527677,-492.3602284412333,2,3,3,2022,top,0
0,1,3,7.06324632739411,364.1496452464323,581.8687583793234,0.24549626292538743,0.8320267153883555,5668.0,6279.0,108.0,-71.96708705025353,-955.9889299870018,2,1,1,2022,jng,0
0,2,8,5.587680221656202,392.50276833752497,328.362011683521,0.3388903188824039,1.457885870520907,5160.0,6528.0,98.0,-169.03444142961303,435.30761862019585,1,3,0,2024,bot,0
3,4,5,9.648081106355766,365.5097190018132,731.2581571046318,0.02,1.5088113141201074,5261.0,5776.0,102.0,-744.3910946801948,4.628836594441864,0,3,2,2022,mid,0
1,2,6,6.547208075004603,437.1791944587209,420.74885335313184,0.08029757248122135,1.360058793027557,5035.0,5948.0,109.0,276.8908160292557,245.49090046846646,2,5,3,2024,jng,1
1,3,3,9.40898796086699,312.96131009195085,428.5435268457387,0.2532286722004419,1.4633599090089746,6699.0,4926.0,96.0,28.722736783899578,315.76852133160634,1,4,1,2024,top,0
2,2,2,6.430632502363126,361.44060049180155,309.07236227803355,0.268054016435049,0.7707766618221428,6250.0,5473.0,113.0,-885.4560325058594,867.1745046726937,0,1,2,2023,jng,0
1,2,4,8.117233551666205,431.40250248366965,379.1352946758264,0.37316134932829387,1.060742626566634,5292.0,6285.0,,101.77552297002082,143.1221910478255,2,4,2,2023,jng,1
3,3,4,7.443621950105393,327.39960941658313,603.2222118697875,0.07302499427748083,1.406925592907223,5866.0,6495.0,83.0,-238.50416528807,-153.14944936001586,0,2,0,2022,top,0
3,4,3,9.021636557612414,383.29967821120965,619.368090370952,0.19431210653452086,1.8841534255901538,5468.0,5034.0,99.0,139.0076870643234,96.97269017595164,2,1,1,2023,top,1
1,1,9,7.298973512724589,373.43254997200813,590.8622672675288,0.3366602865483065,1.2444016419501331,5860.0,6061.0,98.0,61.19755099468952,,2,3,0,2023,jng,0
2,3,4,8.205355193518802,317.18352548506726,396.9500956621926,0.34953456821157586,1.5749375702240154,6751.0,5480.0,78.0,,241.89569826299322,0,4,0,2024,bot,0
2,4,5,9.394882392058273,422.7451770109491,734.2164434816932,0.2577917066956905,1.1672533994854506,5452.0,5939.0,77.0,-71.10975069179676,,1,4,1,2022,bot,0
4,0,6,6.5923386874927985,407.37503709321027,617.3642179511298,0.2723349004214067,1.3122595297873345,6829.0,6266.0,97.0,-303.131954007421,29.833947436557324,1,2,0,2022,top,0
4,0,10,6.4391095294544085,385.1635053031118,679.2054176001218,0.2461227570671633,1.4647012123633525,6843.0,6319.0,124.0,-23.736688118254605,-576.7792473886182,2,2,0,2022,sup,0
0,0,11,7.08011297061704,442.1652438717478,371.6790992591283,0.05903177310772878,1.7521714477837234,6394.0,5741.0,,713.337660629549,-219.49044029998205,1,3,0,2024,mid,0
0,1,6,7.2677172001549994,292.47289170283,469.08686770939397,0.11321010041842039,1.436110515560164,6814.0,6540.0,106.0,471.3178748761517,,0,2,1,2023,sup,1
3,1,1,7.604199292214474,344.7028713034726,528.999490059246,0.2872533908978031,1.5822812848721715,,5543.0,87.0,900.1060804144903,134.10186573148945,1,2,2,2022,bot,0
3,2,6,4.709044366831564,254.93794911384168,554.635352730791,0.28783398630288304,1.5665674795611224,5379.0,6015.0,105.0,179.39526571641147,,1,3,0,2022,top,0
3,2,6,8.001159285354598,448.43684080313966,403.70713346061325,0.09733609203280943,1.1336322743788751,6271.0,5196.0,112.0,-223.75285457971984,334.4240877803783,4,3,0,2024,bot,1
5,1,6,8.730612276992868,377.79209652789194,388.617150955394,0.24177803713611845,1.2920217309406514,5144.0,,109.0,399.0296785851162,393.26105264142393,1,1,3,2024,jng,0
4,3,8,7.922839136090903,426.33782718058774,751.6015935527014,0.21357742104331928,0.8862015240703184,6402.0,6384.0,123.0,-97.76755051588728,-322.561557171602,0,3,3,2022,top,0
3,1,5,7.249617037984563,375.8394991110557,500.11166185481136,0.3890616818262306,1.5323986031282284,5885.0,5907.0,113.0,-437.79808167424716,,1,5,2,2022,top,0
7,3,6,7.336539575981115,335.0682539746391,417.3322669273932,0.21367622888021243,1.5349009088037993,6254.0,5992.0,98.0,-28.96399843659443,303.78015066552825,5,1,0,2022,sup,0
1,5,8,7.05328466776246,359.56211269387956,552.7237559328311,0.20700070721307282,0.8342058169762276,6980.0,5470.0,95.0,-12.161763861002669,632.9611234037382,1,2,1,2024,jng,0
2,2,6,7.944469673802646,310.3588515227405,590.4258523607973,0.1465759093907716,1.8577143286885802,4487.0,5697.0,105.0,78.45785350019287,-57.62394648001634,2,1,2,2023,top,0
1,2,5,6.515759225095546,338.91210195647903,413.80062596538676,0.02,1.5333120182241833,5669.0,5858.0,94.0,510.4862990920203,300.6734955466162,2,3,0,2024,jng,0
2,1,6,8.292172027418948,341.36651359428765,547.8750974161352,0.20586034034092965,1.186059208560653,5822.0,6220.0,88.0,-159.21938889292255,,1,2,2,2024,top,0
3,1,5,8.313822329853911,320.45881500374986,587.7929363870354,0.2524240478213215,1.127505317678077,6404.0,6198.0,90.0,-455.95086608712546,255.2938842152808,0,1,1,2022,mid,0
7,1,10,7.482520865314912,424.97620330128876,464.36910370339757,0.1819505931479091,1.6575107953555737,,5691.0,95.0,-1.9428531957517805,-108.03324582340903,0,3,3,2024,mid,1
2,1,2,8.051273459550583,384.8197583825909,636.6379828984899,0.13747515100660262,1.554104139220366,5450.0,6097.0,120.0,-210.50366648804953,-20.256258415485178,2,3,1,2023,bot,1
2,2,6,8.89097468966832,397.28455998964307,601.9874307969133,0.22498799430436295,0.8723847070682008,6250.0,6342.0,107.0,-645.1104289704685,145.95674468254168,1,1,0,2023,sup,1
2,3,3,6.3591607073112435,395.45123360765064,500.18756568833146,0.31015061386930737,1.6747239447282327,5769.0,5788.0,81.0,,-124.82718028120216,1,5,0,2024,sup,0
0,0,7,8.457380226776598,438.1325204825218,510.3479881163014,0.254020179747067,1.2785778562287753,5137.0,6308.0,96.0,156.17124536753278,295.38919301320664,4,3,0,2022,jng,1
1,3,7,9.217455475347782,448.04396207414993,612.6630246629162,0.2062388954596029,1.6680959988429198,4856.0,6445.0,105.0,83.75543723504684,-10.238244202832561,3,5,0,2023,sup,1
3,3,5,9.109944416584673,374.85694584794913,621.1482129385728,0.2230086631763522,1.4352802580997452,5952.0,6404.0,112.0,668.2964179963981,-410.78219275041045,3,3,2,2024,top,1
0,2,4,6.902582867766036,443.1357867426456,286.00873767143526,0.3632063039021456,1.94464876650146,5343.0,5834.0,100.0,136.99987708044728,-401.01968438675544,1,2,0,2023,top,1
7,2,7,8.013752240746534,249.75547390608335,662.1226299545399,0.17360942929039191,1.2529769296384168,6684.0,5651.0,89.0,-285.43200357372245,-335.52210147210735,2,1,1,2022,jng,0
2,5,4,8.624884943741822,417.70863621688295,524.6636890149075,0.1688727283615335,1.9178749525010073,4172.0,5463.0,114.0,258.4835071555091,455.59235358090774,1,1,0,2022,mid,0
2,3,3,8.106711699221945,337.58197325991046,649.9230101902288,0.29964776128584064,0.8244006816437134,6370.0,6295.0,60.0,-427.2342931088912,-548.8187699563182,2,2,1,2024,sup,0
2,1,9,9.381330508776694,328.27296748597155,612.5935294713297,0.2973044999399932,0.707579680051958,6483.0,7032.0,87.0,349.19378655054237,159.5319901318716,2,4,2,2024,mid,1
1,4,6,5.929925461325449,384.1476761633682,481.1838413448823,0.034506592291349336,1.3181362355419635,6376.0,6162.0,109.0,,277.1481063365618,1,2,0,2024,jng,0
5,4,6,7.717896475810983,330.4147357380847,463.79959721891925,0.26588865255693245,0.5499723984990356,5493.0,6355.0,113.0,,282.9391384316177,2,2,0,2024,top,0
8,1,4,5.500496289092056,266.0960182877753,645.3155326796061,0.1816593619000817,2.110227252308818,5632.0,5856.0,81.0,-170.397166641845,218.40223348403202,2,1,0,2024,mid,0
2,0,3,7.283404158511049,345.84395357673566,505.66746374460746,0.3346962197971887,1.793447384567922,4998.0,6267.0,97.0,60.47738603146723,208.9168746557072,3,5,0,2023,top,1
3,2,6,5.554190769701239,411.8889157832136,453.05717208455604,0.1826395277377146,1.4451977483077798,6123.0,5667.0,100.0,-101.66053662846755,510.7076840546641,1,0,1,2023,sup,0
2,1,13,7.947502756413167,451.9633563505471,593.0678275308542,0.17113238033814182,1.419821905974783,6139.0,6413.0,,320.1495531506189,,2,1,1,2024,bot,1
4,5,2,6.181858062334338,290.4948276314654,660.8779456704583,0.2042019429877377,0.902841225007218,5697.0,5585.0,100.0,,,2,3,1,2023,top,0
6,0,13,8.464805517320764,458.69810883799306,746.3865056838977,0.24865901211599445,1.8813994850852127,5545.0,5752.0,90.0,-230.7750113303897,112.8149597456547,1,4,3,2022,jng,1
7,3,2,7.691552787362841,306.34865421646816,494.608715768803,0.25908041853582,1.119489503494593,5311.0,5191.0,91.0,38.11643312745227,-284.5498020813285,4,3,2,2024,top,0
0,0,5,8.611283556419469,367.3522760503136,276.4804533197399,0.2291771936733984,1.1323038930864557,5185.0,6405.0,96.0,551.5546162010455,-211.5113992643461,2,2,0,2023,bot,0
2,1,6,8.248194579188818,286.2982106856057,538.62498481607,0.21809984244947717,1.2626947797131112,4680.0,5718.0,78.0,-1360.674826040622,,2,5,2,2022,sup,0
3,1,4,9.395384166549615,307.7387234097821,575.8138301459805,0.26905972662272004,1.828596025965648,5440.0,5572.0,103.0,515.4420088082941,513.6664858381513,0,5,3,2024,top,1
5,0,12,6.2597115998846355,450.6684139684783,600.8905553274308,0.19198472417504234,2.155680307853741,6519.0,6163.0,88.0,385.4223508501761,-255.84777736173544,1,2,1,2022,jng,0
3,1,6,8.266383654497195,244.14759443366768,502.53222927450474,0.16467285669984727,0.8162974835187222,5866.0,6180.0,100.0,389.4316973158054,-113.86612461815878,2,4,1,2023,mid,0
4,4,6,8.030820214470161,400.0372565853904,443.9623163683064,0.20501135302002274,1.867087029023036,5791.0,4834.0,101.0,212.7818468178659,119.19966859650002,0,4,0,2022,mid,1
5,3,6,7.585284812616986,454.5190089530317,797.2801116390247,0.2638635411453003,1.5640418617048215,5929.0,6218.0,104.0,75.52221531013629,422.08126168436064,0,0,2,2024,top,1
0,4,7,7.761262278130859,408.4316293955873,588.6593954953255,0.281720884484414,1.62504148112476,5740.0,5481.0,90.0,733.632208138584,-167.727144793305,1,0,3,2022,sup,1
2,2,8,8.555569896648409,410.5643800091489,565.659723200096,0.2377067326065775,2.277759710223388,,5503.0,79.0,-205.34139508453922,752.7223905556523,2,2,0,2022,top,1
1,0,4,7.522057046436246,338.22075425420695,413.8299375016784,0.272769981294161,1.523659330802087,5254.0,5918.0,52.0,340.7165085784508,131.7987946496512,1,1,1,2023,top,0
5,3,6,7.2926660375856995,333.30188550021023,581.1839662917735,0.02,1.6151522648806764,5080.0,5214.0,121.0,-229.44807997132722,-317.45737293141775,1,3,2,2022,bot,0
6,3,6,5.535576808534624,462.82135517702204,576.1889954611178,0.21749638228257628,1.8810675836531474,4548.0,6173.0,120.0,-163.4535680216676,-538.1195839030516,3,3,1,2024,bot,0
3,2,5,9.355137827566816,456.19965149201573,609.5720824362472,0.28311056024869324,1.330323373700841,,5763.0,119.0,264.68447419859285,79.16580314615254,0,3,2,2022,top,1
4,5,10,7.947910095006062,367.08753305824666,598.6425001815356,0.27482780657424033,1.7319785662321445,5523.0,6610.0,111.0,138.87603042295524,69.22270145289487,4,2,2,2023,mid,0
2,1,8,7.1175485445586855,460.3032788974443,315.72342831282094,0.18657860842350887,1.8724075084829874,6499.0,6195.0,,295.0478633001592,-360.01203558829474,2,1,0,2024,mid,1
2,1,4,9.11495562739567,412.5863617978133,562.7012998298467,0.2368255968608462,1.2527964214389662,6280.0,5497.0,124.0,-161.1186658200906,243.79032421978206,0,2,0,2024,bot,0
4,1,5,6.086839122286545,387.831234829046,701.4416253652471,0.3203377873354311,1.2030544304647872,6252.0,5565.0,104.0,-1030.9466523621218,144.1170771616598,2,2,0,2024,mid,0
2,2,6,6.6519358070162315,383.3093201217347,551.5296283708678,0.2690776897119943,1.0280770390542342,4467.0,6097.0,98.0,97.01041137911508,290.6869431330041,2,2,1,2024,mid,0
0,2,5,6.757251938960555,400.56728512637505,448.27554088125555,0.19951682481877112,0.8929803678800193,,6009.0,115.0,-241.12344994808234,120.56938624914025,2,1,1,2022,sup,0
1,3,5,6.3917279336295865,358.7856722924117,455.11433543480047,0.2658032549085523,1.3114129144237272,6738.0,5924.0,94.0,4.171933799450414,,1,2,1,2022,bot,1
4,1,3,6.735613994978315,387.328149282617,593.8271346458703,0.13826381346354133,1.6048933274864468,6418.0,5855.0,110.0,183.34045383721724,-221.42923269429704,1,3,1,2023,top,0
2,0,4,7.994216100882684,422.7660690497422,446.58784602013685,0.1411077073535958,1.6148431693724872,5896.0,6548.0,99.0,-139.25252245620797,-203.87735465682445,1,2,1,2024,top,0
7,4,3,8.101410524772882,448.4923334052696,570.3036229279294,0.11148159752403922,0.789190552279424,5676.0,6527.0,106.0,-139.7808821288166,-617.6330397432959,2,3,2,2022,jng,0
3,3,6,7.450736208834962,352.29233744652953,580.173783690025,0.20967280461683102,1.3127897429964064,6167.0,5217.0,117.0,-578.2906654809561,-153.72235278057056,0,1,1,2024,top,0
1,1,10,7.741431785618083,290.4382476950302,629.8574744340068,0.28651798792050986,1.269761450340512,6611.0,5750.0,97.0,341.0627413857009,190.81193210662119,1,5,3,2024,jng,0
2,3,11,7.224225945311538,292.498463053332,511.8285499790642,0.33071880099711876,1.599020663320968,,5928.0,83.0,195.76211239566442,476.8004502449995,1,0,1,2023,mid,0
2,3,3,8.311815053066343,364.61971997144025,521.0003310645795,0.2216170821319255,1.4253946851309347,5348.0,6252.0,101.0,-278.0925084990598,-57.23500036385353,2,2,0,2022,bot,0
1,2,5,7.3648375314870185,416.5642290631947,387.56286419060234,0.227942206905269,1.9292638301727192,6067.0,5752.0,118.0,-165.94273131247928,397.71865987857603,0,2,0,2024,sup,0
4,3,2,6.803322634961593,373.08417950659776,687.1335589814901,0.25744873184362066,1.872977568955784,5413.0,6680.0,,374.5180851911522,-386.42340772161873,0,1,1,2024,jng,0
1,3,4,8.244396645148447,392.440054591353,383.33044791327075,0.26189523955610083,1.9599493208723318,6230.0,6539.0,97.0,774.5793023430889,-201.40388976057397,1,2,1,2023,jng,1
1,1,4,5.479545459442302,422.42848250949856,589.3711948697337,0.07619189441900029,1.267998263047506,5354.0,6147.0,89.0,-411.5822810406846,249.98679044935636,3,2,1,2022,jng,0
1,1,8,5.833031387004361,384.16940900412754,357.5550861866747,0.1810330347152557,1.2952484989524584,5375.0,5568.0,102.0,-43.271743074021835,-321.99033984045053,1,2,4,2023,jng,0
5,3,8,6.283702815030681,370.5926374133927,509.9230360777442,0.2611459906328704,1.799980980688528,6181.0,6076.0,97.0,1159.3095040958615,208.87819255478422,1,4,0,2022,top,0
4,5,8,6.7729055905269355,383.9170873977411,431.87189760524336,0.17284776296315713,1.217184867174169,6378.0,6884.0,94.0,-81.742637873293,,2,2,0,2024,jng,0
4,2,6,8.853291038334465,314.9892190879797,579.7663213740091,0.21165429095312638,1.3367494195247902,5717.0,6215.0,90.0,-717.8402898320838,-438.68402626304606,1,1,0,2024,jng,0
5,1,7,7.853312587274883,375.4041502496543,448.05048407836676,0.16670865949768304,1.4203751184753144,5563.0,6715.0,116.0,-249.42250494089745,-44.13728707526401,0,2,0,2023,jng,0
2,4,9,7.408100068987927,382.7821122516224,445.5271897239042,0.32990914016648043,1.3687188418717253,5224.0,,,354.91405346970623,293.5558428551512,0,2,3,2022,bot,0
2,3,4,8.639743841558966,401.1614663242707,441.03482884968537,0.23213078302218293,0.7867570735439813,6251.0,5577.0,99.0,925.646172328561,248.76860043434252,0,2,1,2024,sup,1
5,2,7,8.529907988813504,290.72792610731625,419.4233668228982,0.1792043641225258,1.59165353521723,4967.0,6123.0,95.0,-286.89662777342625,463.7282318537724,2,4,1,2024,top,1
3,2,2,6.892603811718068,399.1155137909284,542.7396059433096,0.1951261050692648,0.6831799897519694,5875.0,5647.0,126.0,-73.96988752382994,-47.592056442241784,0,2,2,2022,mid,0
4,1,10,7.576651795699091,340.45017786366844,411.4273180687393,0.03614253309406176,1.0188086762769153,4778.0,6585.0,85.0,-71.83540649612362,106.66648119269189,1,4,0,2024,mid,0
6,2,2,8.908515145554908,333.8749267840376,480.8734320950891,0.39541945641932374,1.4178457480829596,6321.0,,84.0,-354.99460386283874,16.125918030807,3,3,1,2022,sup,1
3,1,5,8.161606529121388,330.18680063331163,586.7505320734398,0.27332693642309197,2.0779920127329783,5177.0,6358.0,103.0,265.69050929441,403.3231348901829,0,1,1,2024,sup,1
5,0,8,7.632834414671148,371.55462281324463,620.4417021291661,0.18426728388437513,1.3572918813872823,4985.0,5969.0,89.0,-146.9094216965646,-72.89095795035388,8,3,1,2022,bot,1
3,2,10,7.5573357517657636,362.2945083742271,533.8326812932753,0.22488416486783003,1.5102914376780556,6607.0,6089.0,90.0,688.4138143903975,-250.4675373855379,2,2,2,2024,top,0
5,4,9,7.364223510227198,406.3534698753049,585.0839649376372,0.10880535006477088,1.3520666415115234,,6325.0,128.0,-841.2262095141419,145.8317103709468,2,4,2,2023,sup,1
4,4,11,9.317405655007885,423.36642676778786,416.5929478170449,0.31576959236414315,1.4341391394402898,5783.0,5296.0,109.0,-321.50444652864826,-430.6788299998075,4,4,0,2024,sup,1
4,1,2,8.116192864371055,411.7442616707831,441.03709992165875,0.1462407254006932,1.984882235859947,6348.0,5870.0,100.0,-345.00866130953625,-206.55476410826907,2,4,0,2024,sup,1
1,1,6,7.398055714853157,399.6963608619707,319.811420924025,0.2253480928354695,1.2673555972479107,5338.0,6133.0,99.0,-461.2776859343472,91.12867301185625,3,0,0,2024,top,0
1,4,4,8.330308854742974,401.89130187922046,489.3799489295478,0.1890475506427491,2.3481088319341508,6006.0,5334.0,124.0,661.5699955169008,809.0905786310644,2,2,0,2024,top,1
4,6,5,8.57041487314974,327.73706377995336,448.21345863607644,0.11459779025635576,0.7392655479483811,5198.0,6843.0,91.0,155.4185749662642,-29.257408072786262,1,5,2,2023,bot,1
1,1,5,5.538440618589493,410.6845449750455,515.6547028770219,0.07729171624636103,1.7409278865868973,5960.0,6262.0,113.0,400.83533009437633,-261.1898169237864,2,3,2,2022,sup,1
2,3,7,7.546740669622416,374.44432479075607,657.6465636470608,0.20567119843919562,2.375596866622335,6179.0,5858.0,79.0,492.26669372884226,-49.15001564555607,1,0,2,2024,bot,0
4,2,4,8.062900763286333,393.04541955480363,534.2105287622991,0.05135499104745947,1.686660343954605,5836.0,7061.0,120.0,-302.7270627717909,-600.5275539965529,1,1,0,2023,top,0
5,3,1,7.968635660576797,334.48012998809077,775.2538966306778,0.32868079521403887,1.4066375515004779,5362.0,5717.0,117.0,244.0421212632197,-357.78005329968147,1,1,2,2023,bot,0
2,3,8,7.150466680752969,359.4401219382452,627.9571022248059,0.2198532199485173,1.2809758133558131,5191.0,6011.0,89.0,-342.9997149903412,-211.6606703553186,0,1,0,2024,bot,0
3,2,3,7.206326833815255,304.03324612616507,568.0150737082175,0.24458654490515958,1.8166346057984963,6140.0,6561.0,95.0,-882.8370522769203,396.6963385232031,2,2,1,2023,bot,0
3,2,6,7.527950065243846,427.81660076583586,527.0809422303761,0.23240930334804988,1.9238531625141224,5061.0,5946.0,111.0,8.666046451327901,116.9268300546155,0,4,1,2023,jng,1
4,4,4,7.758141132495107,447.87841421296395,685.0224505153017,0.21470946029208343,1.3242849512651305,5662.0,5940.0,94.0,503.66915362716384,154.17646329729968,0,1,5,2022,bot,0
3,4,8,8.251867493248074,402.1635831600583,842.3797461695628,0.13949204712600885,1.744624840145788,,5783.0,86.0,-146.37330102863098,,2,3,1,2022,jng,0
6,3,5,7.272134717304542,443.6606043178443,379.3789191353065,0.24012146503670653,0.804832930711771,6101.0,,120.0,-359.52167368486624,-213.62889803677183,0,2,0,2024,jng,0
3,2,7,9.944512786443662,398.2285192442233,465.6411731615993,0.17486684019401166,1.4908352481007745,6169.0,5625.0,107.0,55.64259061079642,-98.35844574336878,1,1,2,2022,mid,1
2,2,8,6.24559191071821,371.2208069531574,549.334906848894,0.30461962578585433,1.560437850210498,6169.0,5645.0,,,-74.34647331465254,2,5,0,2024,sup,0
2,2,2,8.819503219654756,359.29295636860707,726.966777751936,0.268369193577419,1.368327605590172,5780.0,5563.0,72.0,-244.3011626409664,-510.76728820617336,2,4,1,2024,sup,0
3,4,5,6.536612420690652,320.70705563822725,428.787960486829,0.20776464965303154,1.0087035985065247,,5530.0,106.0,-488.093925923481,-129.3161345050823,1,0,1,2022,mid,0
1,2,8,6.432544190279037,406.1635616461613,535.6679541722248,0.14561307625147363,2.180685444651992,6281.0,5857.0,87.0,261.6826474583017,82.66122907159709,1,1,1,2022,bot,0
2,1,5,7.3065766616095456,335.14138417475993,571.9233439561903,0.19387963235391392,1.4472217839628603,5752.0,5459.0,104.0,-911.7922551814535,-35.88153274648601,1,2,1,2023,mid,0
0,1,7,6.005103776032641,345.25120284695527,399.5948565799458,0.1483316805642062,1.70408351842804,4370.0,5963.0,127.0,113.58406971580428,-177.64176610922698,2,2,1,2023,top,0
4,2,2,8.038719406048356,357.4630673643443,468.58597673255025,0.23556392274343407,1.8613428536961034,,5766.0,80.0,-230.26642485633573,238.21626460286814,2,1,1,2024,sup,0
6,3,11,6.137387235046344,362.3044487390653,741.7899482659122,0.1709627971467018,1.3920243248308282,6462.0,5865.0,94.0,399.8457665301125,747.944920117067,0,2,1,2024,top,0
4,2,6,8.206081855682045,376.9169224832544,692.5565569523848,0.10035680091712929,1.2506381159550968,5985.0,6045.0,115.0,347.4001779688011,27.174248567272798,4,5,1,2023,mid,0
2,2,10,8.23460802922053,357.6920337130309,533.7070941670885,0.15908989481623406,1.1016434143218137,5413.0,5310.0,82.0,59.54312233510612,132.73203426626287,0,5,1,2023,sup,0
3,4,8,9.221837967256716,389.8761720278596,534.0472206781861,0.21471157821872058,1.6573726127242203,5518.0,6357.0,100.0,-642.5554570910691,-982.5161752015969,1,3,1,2024,mid,0
2,1,3,7.548831738823585,369.19309766232004,449.98767777046896,0.02,1.7837414755781928,4550.0,6862.0,,496.1792506620127,-264.17539246549273,2,1,2,2024,sup,1
6,1,5,7.929497412312014,408.03824467383606,463.95853881716124,0.27348372977895435,1.17011705512776,6551.0,6424.0,111.0,18.512541638539034,-1.7742185916099587,1,1,0,2022,sup,0
2,3,6,6.415503685303933,397.91380987873873,703.4252696070351,0.2324794128897781,1.825259303331677,5616.0,5579.0,115.0,-638.0272963986814,-362.49866566295026,1,3,0,2023,top,0
3,3,6,7.105713307428657,325.92372593394526,668.8369738812568,0.04467119034889813,0.9843656965647284,6449.0,6742.0,99.0,36.934947803869434,-720.6588002830407,1,0,1,2023,mid,0
5,2,11,7.186646934090926,349.9600541403181,343.90813913546276,0.2723829076536733,1.0829943985560884,6860.0,6085.0,89.0,210.59075981681735,505.8438673086973,1,2,1,2023,jng,0
4,5,3,7.483858380611178,438.12754689502907,677.7348208525186,0.24208776168887078,1.4012063007606226,6135.0,6086.0,116.0,-29.104608886686577,213.90564080537985,1,5,0,2022,jng,1
4,4,5,10.001547871271873,372.0988523387861,619.2207319971249,0.2592615533581134,1.2371419187110213,5502.0,4868.0,116.0,216.96455940734137,39.265680034631856,3,4,3,2024,mid,1
5,3,5,5.7359162070263086,384.63461206294215,558.762348658417,0.16095536419600084,1.0939477310041106,6017.0,5706.0,92.0,-739.6437493163178,-469.8794340654349,0,1,1,2022,mid,0
1,2,8,7.077366150702046,409.880602014355,511.72684561697656,0.2615434461222216,1.759985360010304,6960.0,5172.0,118.0,-408.4975375323181,-357.555682176501,2,1,0,2024,bot,0
1,3,3,8.417662619733381,390.5252657540697,469.9544682706782,0.16387214761985974,2.2653370004500175,,6303.0,,617.0026619311816,184.87056943453643,1,2,3,2022,sup,1
7,0,7,7.253121005330837,389.5535121943286,739.9044462682581,0.28952652199918416,1.3448655226178927,4979.0,6121.0,,-349.1796789138727,-634.3196335538869,1,3,0,2024,bot,0
3,1,4,7.678686167298723,295.5836437432857,491.0081529758373,0.21027062790153678,1.658024335503253,4882.0,,81.0,86.86265036170121,-392.9787992936481,1,1,1,2024,sup,0
3,1,6,7.477786385535452,355.0184658636709,150.79685617038592,0.0807803744584091,0.8620846789537829,6337.0,5837.0,90.0,279.1387234075048,617.1627813455386,1,1,0,2023,bot,1
2,2,5,7.471105900314165,419.0973828841379,610.792158745799,0.1289736592154382,0.6621483378834949,6021.0,,103.0,-761.3611799937219,419.08464164343604,3,1,3,2023,mid,0
4,1,6,8.078321208078945,456.6615881050345,412.2979414983627,0.21029627724747676,1.7753132689745676,5556.0,6104.0,111.0,-272.47371642417005,-241.81217116892066,0,1,3,2022,top,1
1,1,5,6.135346123494561,275.568194318895,404.8736297434908,0.3308588253202037,1.2554538991762039,5479.0,,122.0,,-466.5867228248024,2,6,0,2023,top,0
0,4,6,7.8072549091566295,363.76742754143794,678.855067800599,0.2790698933871769,1.2100462095098747,5715.0,6123.0,97.0,-310.6899035625661,274.915922426737,1,2,2,2022,bot,1
1,3,3,7.399134526617254,333.43677767217446,364.0277842352606,0.22996652079857668,0.7650022399558002,4726.0,6592.0,101.0,-183.33202160998067,203.6409942452339,0,3,3,2023,jng,0
2,1,7,6.681842986832087,338.3153756384655,687.6714699510075,0.14924688456214757,1.2779645032503395,6657.0,5337.0,106.0,,239.97090484565507,1,2,3,2023,top,0
4,2,9,6.531701014059402,405.0982017250607,543.833238067095,0.22051167215799083,0.9306210453506767,6072.0,6209.0,125.0,-381.368206503241,-445.0305520691965,4,2,0,2022,bot,0
2,1,4,8.265343769903652,317.45453571062075,255.9675203940448,0.34546221632887414,1.8691208448957188,5701.0,5617.0,,-576.3917017865172,-191.49754760535663,0,1,1,2023,mid,0
3,3,5,6.423445286564083,381.59904591388766,576.9758426966952,0.053701741759423716,1.4173818591505387,5711.0,6759.0,107.0,-820.6515494863173,59.82665819590626,3,4,0,2024,sup,0
2,6,6,6.906026562556585,288.78502294631767,539.6674870841023,0.08785950882988852,1.13658428200758,,6108.0,125.0,260.4055863731024,100.48118473369621,2,2,0,2023,bot,0
1,3,6,8.977819933173818,358.1838583229378,564.580538656961,0.1892837881999381,1.3963276291777393,,5950.0,110.0,5.703677921283472,-542.2799212300392,3,1,2,2023,sup,0
4,1,6,7.052621209628751,335.02703869031507,541.1253716298465,0.191697595349622,1.428794034603496,5814.0,5887.0,69.0,465.26806748073557,-277.1426439555163,2,3,0,2022,bot,0
2,4,4,10.371425313389324,292.7342868014591,527.9561364198845,0.19769618366489453,0.8662948103128898,6130.0,5557.0,85.0,219.46777282259217,398.1263121554588,0,3,2,2024,sup,0
5,1,3,7.108781063860138,395.65018801693003,522.224648993497,0.236948879563257,2.0229182439810884,5860.0,5484.0,99.0,-315.32380909745416,417.2029332631261,1,3,2,2024,mid,0
3,3,11,6.443508462396023,380.58089263450415,520.5104468339094,0.2365173638003275,1.7066611214082485,5795.0,,85.0,-391.6830249409825,346.2897022310094,1,1,1,2023,sup,0
4,2,5,7.751647363645965,404.72676948548315,487.6975406708548,0.30368900610666466,1.0984648761856355,7939.0,4492.0,104.0,121.82406785443382,87.21416166094438,3,3,1,2023,jng,1
4,3,7,9.185378825724825,413.7594469371945,550.1219734377602,0.20433062330950696,1.0272461560384116,,5980.0,78.0,865.3320986314124,-209.28406117120136,0,3,0,2022,mid,1
2,2,5,8.086776793932989,341.10540878935853,327.38026062248343,0.15917111835131967,1.573540889386265,5613.0,5867.0,109.0,584.865471018365,-177.7405761518159,1,1,3,2023,bot,0
2,4,7,7.799639019722563,294.9264427954857,527.4805762624919,0.16732058961889926,1.2737334230262887,4774.0,5743.0,114.0,291.3564766225193,,1,1,0,2024,mid,0
6,3,4,8.759775158285377,319.4521261866914,508.11891520221815,0.23728265400290216,0.834725676070504,6398.0,6312.0,,-1119.8147995851366,-347.0433284262269,0,4,3,2024,bot,0
3,2,7,6.077071641575147,292.17120433993364,392.14255877634315,0.20665418918589273,1.5591051788685297,5894.0,5825.0,110.0,-761.4226437271651,,1,3,2,2024,bot,0
3,5,6,7.782351244172774,375.79417532081095,603.4985129570236,0.19545254975635315,1.2928122950787253,5560.0,5816.0,104.0,-43.62673187274677,-1080.1311175744138,3,2,2,2022,jng,0
2,3,2,7.190205437918692,340.2475293712112,425.18743932595083,0.31876482357077657,1.3826824209170319,5210.0,6259.0,113.0,-166.19972874151873,344.1355825770437,0,5,0,2022,jng,0
3,3,2,8.806699974722708,378.9041631634167,560.2203152343279,0.29276795350831586,1.177570271309726,6377.0,5528.0,88.0,688.7257860905901,95.15636421921569,4,3,1,2023,top,1
4,1,4,8.777423367392855,312.11280423365025,577.29721642395,0.1778159516932936,1.5091823620240794,5345.0,6695.0,109.0,-311.0075303652036,123.88513281797847,1,2,0,2023,top,0
6,0,6,8.414920498420905,356.3156316303669,375.8937249382957,0.06783464238186407,1.1764351003612261,6629.0,6540.0,85.0,179.30012202665773,4.165372707632557,3,5,0,2023,jng,0
4,4,3,7.412034864235845,417.18027204624184,522.1894840831725,0.20554292075801125,2.403540791617724,5027.0,5905.0,101.0,,606.5970830352672,1,2,1,2023,sup,1
3,1,5,7.9577697927223525,304.5286855139308,437.2644521517786,0.25866316025505587,1.1245525459913743,6034.0,6010.0,111.0,-81.77679050092854,-483.9736129049821,3,3,0,2023,top,0
4,5,10,6.614433533925541,429.5923853868257,313.5641757118235,0.24042266246648727,1.3005789745332677,6813.0,6302.0,75.0,213.45899128789546,529.0626495781389,1,2,3,2023,jng,1
2,2,7,9.332030145205666,322.70435866032534,575.7550101860925,0.11354657499157955,1.287613576694045,5539.0,6061.0,84.0,,-324.6098052681243,0,4,3,2023,bot,1
4,1,4,4.8092915858533445,382.0698972273704,478.4681707494491,0.18939120657794978,1.441583266663301,5683.0,,,223.4435736391946,79.15806250543835,0,3,2,2022,top,0
4,0,11,7.950434283992311,315.81908465115936,542.5182539917528,0.1256360705809733,1.7180044264480647,5846.0,5600.0,,227.78315226328954,33.02860878547618,1,3,1,2022,sup,0
3,3,4,7.557403385265476,450.39493506813665,506.1729206674693,0.10721395936864535,1.7898409967729194,5297.0,6644.0,118.0,152.24147078273324,143.65832598996548,2,2,2,2022,bot,1
6,1,6,6.3122136042756685,317.6575422350218,659.879183214711,0.18285427396272466,1.2951927591803405,4133.0,6040.0,86.0,-6.7910200863733365,87.11579717503108,2,0,1,2024,bot,0
4,3,4,7.959560521603524,478.1951532183689,435.2524278725275,0.40598440515461104,1.0578300738401525,5581.0,5867.0,114.0,811.2475824082715,1050.2647948685985,0,3,0,2023,mid,1
1,5,9,6.278184967804142,401.79192654545875,529.2439651355364,0.18115128062798025,1.2660777077116918,6173.0,,130.0,,122.68407067670958,0,1,2,2022,mid,0
2,3,5,6.952837370746234,407.8945222980056,435.32280908036944,0.2677196617610771,1.1786327138465817,5718.0,5531.0,88.0,-276.41623478536826,235.90430127201932,1,2,0,2023,sup,1
3,2,5,8.641898659423934,454.6453442279749,398.46944760651786,0.13235250196534598,0.9247102305828978,5523.0,6009.0,104.0,,-742.1224294758999,0,3,0,2022,jng,1
2,2,6,8.82819390096326,323.9057298852014,429.8921357838281,0.24458133919925895,1.4504125190884318,6423.0,6227.0,116.0,-662.2706710863288,,1,3,2,2024,bot,0
1,3,3,8.084149811711104,455.07791580515266,733.1339710254118,0.20595269982500403,1.2013383027214155,6677.0,6554.0,124.0,127.49909202247811,-36.85639266090965,0,4,0,2024,bot,1
6,2,7,8.166783316461489,376.0320374117823,435.67786436579405,0.36318780576888654,1.56477986966936,6128.0,6174.0,104.0,529.6815952584175,-143.58626353128818,1,5,2,2023,top,1
2,4,4,7.8741234937489635,309.75950573372,482.61005575908393,0.20055512132697376,1.9211069043007847,6553.0,6438.0,83.0,393.79581063111476,184.89133195855078,0,1,1,2022,jng,0
4,2,5,7.487496604428052,376.93758599337474,672.5672369585484,0.1179217670557603,1.0145887024106863,5519.0,6640.0,108.0,-165.48998772827375,169.54006403287485,1,3,1,2024,sup,0
4,3,6,8.917519359928423,368.4077774217125,543.982052059079,0.07890666289225895,1.792258397227665,5594.0,6128.0,71.0,207.86274058904525,67.81420873114753,1,2,1,2024,sup,0
5,2,8,6.383056997609807,379.99569226999336,346.5143397141122,0.17973683735478022,1.6298555477287946,5515.0,,82.0,-187.70034706372604,233.15855048945434,7,1,4,2022,bot,0
5,1,6,8.551848215923963,338.6272009395875,650.4769405088898,0.27537474819792296,1.802807872059386,5737.0,5542.0,106.0,-517.2542177302777,-340.6614026023189,1,5,0,2022,bot,0
1,0,4,6.1458917886445255,316.114949419418,653.7619330093337,0.21076572954241043,1.135740108153518,6643.0,,103.0,88.83759033937031,,1,6,2,2024,bot,0
3,1,7,6.971694192318759,354.81500476437157,432.50922920305817,0.2876413046847619,1.2637034921828394,5977.0,6161.0,79.0,,-342.6922738745546,2,3,1,2022,top,0
2,3,3,6.8683882121290765,395.9871076068089,767.0579281604515,0.2222184200782235,1.1217889571260786,6070.0,6162.0,115.0,-242.82346554969553,-226.84474329813366,2,3,1,2024,top,0
5,2,7,8.065303988126475,390.5228733905294,510.93930796298696,0.20989190310154215,0.9138198659715576,6238.0,5330.0,91.0,143.92748625019823,,2,4,0,2023,bot,1
3,3,3,9.450604114817452,448.08438386887843,401.8743785110988,0.23027435143989955,0.9981972532808054,6062.0,6380.0,103.0,-13.532509320652991,91.93039334290627,2,3,2,2023,bot,1
4,2,4,8.42090015334384,378.0631414233446,522.4200826021753,0.29035685759752755,1.3918217297676687,,,105.0,,253.38142843336124,2,5,1,2022,top,0
3,3,3,9.038173826239591,450.85751296864584,497.74940865702865,0.2086861845487271,1.448404301889615,6577.0,6635.0,79.0,636.0121425437716,279.4949667100982,2,2,0,2023,sup,1
4,1,8,8.541401247303858,279.77302956181035,397.968305911382,0.2132477511401076,1.23075147924609,5961.0,5641.0,97.0,598.3827205935913,167.64292756531674,0,1,1,2023,top,0
1,7,8,6.937672640491254,226.05334060800757,492.16103698225635,0.2527354823119709,1.0486732808234054,7038.0,,97.0,-134.96477101156867,9.687377319260868,2,1,0,2022,jng,0
6,0,5,7.930821787416968,360.49444385146046,764.163429462575,0.22476616994888904,1.6074849729318748,5209.0,6896.0,,235.44812063386388,-203.28527914897523,1,3,1,2022,bot,1
3,2,5,7.769329894314334,421.28563910477476,445.7969073324356,0.16649627414388657,1.167516796682787,4942.0,5375.0,135.0,-568.5459272668483,-118.15011696689743,2,1,1,2022,mid,1
2,3,2,6.701825013437073,428.071768071903,386.4117583595254,0.2540356248337793,1.0203229119840598,5947.0,5360.0,96.0,,9.973534044586401,3,1,1,2024,top,0
6,3,6,7.473408883050533,272.937918549035,636.2425409860737,0.18309240248214953,1.2867414913320372,5249.0,5309.0,99.0,370.55622186498243,411.951890895215,2,3,0,2023,top,0
1,3,9,5.990745329041379,264.38058865433453,577.8939702865016,0.11836193730822955,1.196914780558369,5866.0,5239.0,,,-382.59155578306735,4,0,1,2022,top,0
2,4,4,6.486707949505357,280.0900794428973,775.2142231345616,0.28193084272231894,1.8702591621042484,5993.0,5893.0,99.0,-430.71802095620194,-650.8912662795258,1,0,2,2024,top,0
1,2,7,8.84431045750754,363.7434226845696,355.73018755659757,0.02,0.9785538655097656,5079.0,5592.0,,920.7021038626862,416.4676918276631,1,2,0,2023,jng,1
4,0,5,7.616025287441523,337.37071843966794,475.22047102146473,0.19399734594404588,1.7327568954588595,6311.0,5500.0,118.0,-459.5556671444367,-267.562796980554,1,2,0,2023,jng,0
2,4,3,6.475842153462735,271.80928666740976,381.9156986221319,0.021824493818574958,1.5865252918073638,5656.0,6078.0,118.0,-2.1017090525656243,22.30889489283318,1,6,0,2023,mid,0
7,5,7,9.520109655282901,281.046375706389,584.7902579595922,0.18319877207926255,1.7653045110024275,5960.0,6780.0,95.0,-311.07392209442094,-469.9630856941506,1,2,1,2022,jng,0
5,2,5,8.636925597178035,405.2545310039331,491.9998431117822,0.10483808313374993,1.5771745960029735,5534.0,,96.0,,243.3105260859503,0,2,0,2022,jng,1
3,5,4,6.131433381940221,351.45129460126725,572.6537636935026,0.19876955520875061,1.656781814713571,5069.0,6417.0,103.0,42.914615214730105,57.15207899232756,1,1,1,2023,mid,1
4,0,5,7.60876381364277,377.84082646035466,736.6735775162967,0.26720466245991686,2.2479584138833215,6239.0,5821.0,96.0,613.2036596240764,386.1866110519448,2,3,1,2022,mid,1
3,2,5,7.450500591117628,394.47166055581664,475.4058569109725,0.2003088476676602,1.6662567701473936,5890.0,5876.0,128.0,-293.2351369180999,-189.25648110412408,0,4,1,2022,top,0
2,5,6,9.491867890778549,364.914792022906,648.7286544094536,0.08822184376586295,1.283341457859223,7567.0,5734.0,89.0,533.1446611692934,-79.4636623289806,1,2,1,2022,jng,1
1,1,8,7.4586552944957765,383.8559824991435,360.8163718492747,0.24551456072789402,1.2551006284551272,5473.0,5361.0,,-156.91973605836966,-46.50777443906594,3,3,1,2022,top,1
2,1,4,8.565286367533512,396.6053136657249,673.2229570979906,0.20336382014171023,1.4835016400727519,,5460.0,120.0,404.98686997469997,124.01706101600502,0,1,2,2024,top,1
6,3,7,7.7564386851535945,384.59956911695963,520.3853438775792,0.28497850925609924,1.3051043529484085,5595.0,5701.0,111.0,202.94580070820655,-163.19905136744308,1,0,3,2022,sup,0
3,2,9,9.576081298986155,369.3106958515769,747.3829262803158,0.15377822749543552,1.1970034708035984,6067.0,6438.0,88.0,,220.46342476332592,4,1,0,2024,top,1
2,5,3,6.789820737633002,364.58837094835746,421.6447525945325,0.08094087071264111,1.1143184437784615,5891.0,6036.0,86.0,12.811137147726896,975.5361621525449,2,2,2,2022,top,1
5,2,8,6.960902438470746,378.3083746184183,645.8795845240079,0.18716656136461346,1.039898976657054,5849.0,6170.0,82.0,,-211.1772056007702,1,1,0,2024,sup,0
2,1,6,9.140640496796165,402.32066036455797,592.8132936385751,0.15865438971614704,1.91056473010221,6155.0,5845.0,98.0,-105.96006784372037,440.1120460486848,1,2,2,2023,top,1
2,2,7,5.365471156857119,383.81437028503336,606.5980474986297,0.2878589197075789,1.484891548148994,5513.0,6438.0,88.0,361.47271034213617,116.5410807355735,1,0,1,2024,mid,0
2,2,7,7.31187440269335,496.22984280774233,347.63089787572517,0.16407983637102425,1.306733726568966,5518.0,5311.0,85.0,339.3572362580784,311.82858583698567,4,0,1,2024,bot,1
4,2,8,8.502228598513309,316.7583156442409,626.0941044530562,0.3547083393698308,1.524911525686301,6153.0,6170.0,94.0,-173.33998459120264,575.1909514618904,3,2,1,2022,jng,0
3,4,5,8.083559850096698,378.4643627515387,596.1856953655667,0.2694312092569984,1.4408958007582604,4844.0,5939.0,91.0,-401.79699172542615,-11.399829834655499,0,3,3,2024,sup,0
4,6,7,7.489735539313272,363.708038144902,472.24897975417883,0.07504432286475954,0.3,6663.0,5959.0,,-871.615238759206,,2,3,1,2023,sup,0
2,4,7,6.960843517381749,402.7309887380126,460.6129091807903,0.07676550946929442,0.6605380661114494,,6365.0,80.0,20.10070246076576,-6.3436060517984245,2,4,1,2024,mid,0
6,3,8,8.05492243581462,339.579305877773,544.2758361404121,0.22056385875853035,1.2960564060966826,,5565.0,65.0,-211.7698665898938,-228.45478475158092,1,2,0,2023,mid,1
11,0,8,6.985107163992835,401.8941601975884,293.0329186712005,0.10461131792422818,1.4954855001984784,5896.0,6786.0,102.0,448.6388102446865,-166.61426754814198,1,0,1,2024,bot,0
1,3,4,7.746305036806093,350.4872549284399,495.0084213814783,0.20277239532916036,0.49515892416777096,5536.0,5258.0,128.0,177.2993954394307,30.79308070398072,3,2,2,2023,mid,1
4,2,13,7.185292043464514,337.8310541332945,485.46075183892134,0.21415563354113087,1.2965896936974792,6043.0,6410.0,93.0,-404.5654023618325,-259.8064769352102,3,3,1,2024,sup,0
2,4,3,6.9622725539095445,419.65450074376736,471.39146015690915,0.12157160499803511,1.315819663651398,,6034.0,82.0,651.268223806477,-371.5621142910446,3,3,2,2024,bot,0
4,2,1,7.295967264168906,309.190616641438,743.4996308537192,0.1734312592861181,1.0088555702951751,6097.0,5451.0,103.0,,,1,4,1,2023,bot,0
2,1,4,8.440123868088698,421.0423387929246,436.787481994525,0.2922763282852553,1.8766787735858892,5745.0,5982.0,99.0,-406.43937609091506,-155.15387265076072,4,4,1,2023,mid,1
3,3,6,8.671492932806858,423.5982782921596,359.58975349651433,0.3838578713306955,1.6002378166991063,,7024.0,93.0,27.27975608166173,1123.9140625156974,3,1,0,2022,mid,1
3,1,5,6.038540697225747,336.36372102242467,675.30983426025,0.15600359066863717,1.255057586927659,5877.0,6090.0,103.0,310.2334423317829,-41.876164491863584,2,2,1,2023,top,0
3,2,12,7.032204799668237,376.727504291163,531.1452254854792,0.29705830729469346,1.0195455413691121,6525.0,5839.0,88.0,272.6589987314788,-372.6269833245899,1,2,2,2022,sup,0
2,2,4,7.723501747528614,326.6421320362683,492.06500060914846,0.26178724124153996,1.5945912963506004,5308.0,6522.0,113.0,604.854972408155,186.53172903635297,3,1,4,2022,bot,0
5,5,4,9.493417925319061,455.66275250780177,489.8533714772768,0.20763505536896626,2.131660081189998,5295.0,6232.0,93.0,151.6798500115342,50.48855626580304,1,2,1,2024,bot,1
2,1,5,6.811029150035118,306.75764369692683,420.171403535609,0.2697472348514746,1.3089128736209217,5103.0,5494.0,94.0,-559.1575242403114,-527.1995675638625,3,1,2,2024,mid,0
6,1,3,7.747231252567264,337.7442290321382,472.8798461028547,0.18523993716091053,0.7329618967729201,5153.0,6326.0,,808.6811494123215,-656.427601916778,2,2,0,2022,top,0
4,5,10,7.471996476660284,406.6354269836188,583.6683842298032,0.3582652139407664,1.1180200107099858,5955.0,5878.0,,-430.02946538774955,105.3928059779179,0,2,1,2022,jng,0
1,4,11,8.960744728624276,484.7374986568647,685.6497548629843,0.2937032528420823,1.3425056079191515,5339.0,6170.0,121.0,284.635680169802,46.724816314667635,1,1,0,2024,top,1
5,2,3,6.483066408075622,351.9808791053086,244.33017998511139,0.26893042176946474,1.6413426714236565,5278.0,5936.0,93.0,-530.3980852375348,-194.9065978783626,1,5,1,2024,top,0
4,3,6,7.909305356159618,462.46685330571927,423.459866953385,0.13670848973643532,0.38163590063583963,5869.0,6283.0,69.0,288.6042061103502,-215.5694381853752,1,2,2,2023,top,1
2,3,7,9.52712506947817,321.0038721232624,640.2036069166037,0.23060999501072912,1.7235700477121016,6907.0,5987.0,100.0,37.590486259940775,-45.85942435112517,1,4,2,2024,mid,1
3,1,3,6.61592023395658,347.81532424736054,625.096664985796,0.22943776662387458,1.606402989236303,5829.0,5377.0,96.0,-71.44412462113463,253.26802930455221,4,3,2,2023,top,0
4,4,5,9.31511909341222,417.53786721903583,700.8429310902848,0.24785321069168065,1.4991062089645304,5367.0,5794.0,93.0,464.27233477297807,508.10780304256997,0,3,1,2022,bot,1
5,2,4,6.750024650618066,381.40922120842487,476.24867294220917,0.3054819326862589,0.7912379149360804,4731.0,5938.0,83.0,-580.799215559744,-660.2965505162222,2,3,0,2024,mid,0
3,3,6,7.0324676118540435,388.6290044213228,632.9045791579426,0.15672086713320468,1.5836558016745175,4976.0,6122.0,104.0,147.4406886653718,435.12804879924704,1,6,1,2023,jng,0
2,1,5,7.058562107855336,374.6166781863646,649.7737103474793,0.3372594039779311,1.9766631495822038,5097.0,6390.0,,-550.6572506685798,,1,4,2,2024,mid,0
2,3,5,5.3421468454761065,351.3605320464828,463.209972524458,0.2018369309285259,1.2484788629797994,5192.0,6245.0,66.0,-583.3543769660107,86.47701741292352,3,2,0,2022,mid,0
0,1,7,7.907195099515489,376.7325445317376,492.5380022455935,0.14062897711743366,0.9602608736316569,5321.0,6249.0,123.0,-80.02006380142704,286.8227628444001,2,2,0,2023,sup,0
3,3,4,6.877360086172833,369.6110897732135,369.1995610073195,0.20361716503716393,1.4757597049390583,6252.0,,,714.5846572712769,127.04995665299458,2,6,1,2023,bot,1
2,0,3,7.09366055757338,306.9414598154951,473.70990393342936,0.16213092371737528,1.1288512041222203,6148.0,6120.0,76.0,543.7382194093341,-264.3679844600199,1,7,0,2023,bot,0
5,2,4,5.6699646159515895,435.20862692775484,349.80068995145274,0.3351277639175621,0.6250549195272442,6700.0,,88.0,613.465241178035,-343.03499510525853,1,4,2,2023,jng,0
2,1,2,7.774833139252563,436.0924805091895,520.4591229447597,0.1689960242687975,1.5935612556921162,5325.0,6287.0,78.0,362.0710583852935,-32.5632387705445,0,4,1,2024,mid,0
1,6,6,7.561820413318163,378.63314583551295,647.3820419888639,0.3828942463316315,2.1583126698876627,5005.0,5259.0,114.0,468.72096411548875,131.8538596693748,3,4,1,2022,bot,1
2,1,4,10.06283242120934,373.97443860223837,198.67596918221494,0.16203463901177845,1.145906472280119,5845.0,6813.0,93.0,486.9555896566545,668.6129966668066,2,2,1,2024,jng,1
5,2,7,6.508112881597754,365.3545066280296,492.8060511934918,0.22216040495274383,1.5886202288596905,5065.0,6011.0,87.0,-648.4991207563255,-83.25777030526712,1,3,3,2023,jng,0
3,6,6,9.069896137617151,372.51138876411574,466.18513702362145,0.25179461092857514,0.5927502047171732,5954.0,6217.0,108.0,600.4900547383921,521.0198874636341,2,4,0,2022,mid,0
3,4,2,8.104658278807507,433.7696866165071,722.2527649402216,0.23327186053473523,1.923875387676282,,5525.0,84.0,-21.248336740544573,,1,3,0,2023,jng,1
2,2,7,7.441867476386191,365.4730339418386,341.42100984627825,0.28824498553325945,0.8400402448040599,6183.0,6395.0,89.0,497.4424753651409,21.097194059373535,4,1,0,2023,bot,1
3,2,3,8.006978998381655,329.5373261690635,576.0897421265022,0.23537692983564892,0.8463089265387734,6608.0,6572.0,96.0,355.16149036980414,206.48997203732608,1,1,1,2023,sup,0
0,1,7,9.565802194545336,405.14183836657554,581.0743335942399,0.09982848210033825,1.1463501361214035,6768.0,6288.0,93.0,1071.3342348595288,-19.528234774634683,3,2,1,2022,mid,1
4,1,5,6.556112264950803,311.7877028756413,424.8566217001423,0.24043891133458326,1.5824853528876845,5445.0,5890.0,86.0,-1178.2547931288773,-36.52954448419633,1,1,0,2023,bot,0
1,2,6,6.059285193129121,437.99508160237593,497.7794881056837,0.23566211671808307,1.2551562352288506,5376.0,5785.0,96.0,-57.076242472189186,-103.61489671218337,3,2,2,2022,sup,0
2,2,5,7.4022886003612385,441.1425497934492,463.99885857389927,0.299830995515806,1.1126373081196128,5626.0,6942.0,89.0,-320.9520078244776,-465.1589616407404,1,1,0,2024,sup,0
1,1,5,8.028735180734474,388.52063838464665,387.4655984007922,0.20615801449733026,1.668253735504118,5009.0,5322.0,79.0,-153.45605007283626,-346.68621706428195,1,2,1,2023,top,0
4,3,5,7.861843185698645,378.9900025845605,679.4767471871189,0.1802744298648818,1.5399332015379534,5931.0,5110.0,,19.492877299382542,-400.299318342214,2,1,1,2023,top,0
4,4,8,5.875729381228213,389.2841765192703,690.8757075082328,0.20089137989875483,0.3,4759.0,6550.0,89.0,-688.8971425501039,302.30425101780315,3,3,0,2022,sup,0
5,5,9,8.430724554628048,370.964028089588,693.0715025649253,0.2384659026509363,1.0826052073522772,5594.0,6847.0,96.0,,-4.346928168766119,1,3,0,2022,top,0
2,0,5,6.3481629805725825,341.66438991125773,608.1954699612692,0.2071943288888952,1.2482957150296623,5629.0,5602.0,108.0,-603.1909694634958,176.03221242305807,2,0,1,2022,mid,0
2,3,3,7.347072164114553,419.8721810864173,502.24677206107606,0.2102546152483683,0.9008281402401679,6163.0,5552.0,115.0,496.68469587086577,363.7424848538784,1,2,2,2023,jng,1
1,6,5,8.83979689387578,392.40193856180167,526.7647626558352,0.1414849129586135,1.4317285814000023,5660.0,6281.0,102.0,-436.55777895929646,323.369387973789,1,6,3,2024,mid,1
4,3,5,9.120649363022528,414.1219268564886,611.9465464514839,0.3406764817362919,1.5442211962578845,6507.0,,,12.316516674197203,141.74274436481448,2,0,0,2023,jng,1
4,3,5,7.464076485254002,425.7705685776145,664.3464326925522,0.2114485397306351,2.0217224214087164,6323.0,7381.0,102.0,29.831085465705428,-938.3531186500657,2,1,1,2022,mid,0
2,2,6,8.194395348667458,389.26247022785583,547.2522513301701,0.16561834899699096,1.3239329455823186,5672.0,6112.0,117.0,143.71807120265822,-368.89564854593056,1,4,1,2022,bot,1
2,2,8,5.917141244569465,366.97068447078505,467.1543429811316,0.21300333662645574,1.433319630749621,6248.0,,75.0,-128.66264051062382,437.34774369249135,1,4,3,2023,jng,0
2,2,4,8.454237083544804,375.45027163139264,697.404614926264,0.25014067440486815,1.3978148975878246,7323.0,6371.0,74.0,125.40191678067147,3.739787240059755,2,1,1,2024,mid,1
3,3,4,6.8854620178207835,304.0222509937425,397.6883191245,0.17316409712576158,1.2043601357374054,5591.0,5570.0,93.0,-140.45087357033555,63.45268257643707,3,2,0,2023,sup,0
2,2,5,8.557320195398006,414.0299822298224,617.8885192804574,0.28596420770252134,1.3352345032019162,6567.0,5672.0,64.0,-18.84362439251136,-182.53867649937106,2,2,3,2023,mid,0
1,3,7,7.7146368420778835,323.7795616014825,399.23902588089345,0.2803607433391988,1.0023520182167545,5649.0,6265.0,66.0,-641.9722592804666,115.6775483871011,0,8,3,2022,bot,0
4,3,7,6.762559182458619,433.476935857295,469.4302343483757,0.31560959734777716,1.217106568099331,7071.0,5726.0,,-601.5334866118467,-192.22489967660445,3,4,2,2023,jng,0
2,2,9,7.90228403289161,381.25247032742953,387.44059214221693,0.28372191850286127,1.0640284832240023,6184.0,5720.0,106.0,-256.83606015424294,-430.47498330781724,1,3,0,2023,bot,0
4,2,14,8.577526125552115,363.9561906584918,628.4972320882939,0.15400815461698558,0.7915184191338582,6348.0,6324.0,109.0,-172.24681319906324,87.70395102639222,1,4,4,2022,bot,1
3,2,7,7.698954698022615,341.57602672698556,532.959280880978,0.08366647645540895,1.1514935227543248,5305.0,6273.0,130.0,-278.4543773351211,56.885569317936685,0,3,2,2022,bot,0
4,1,3,6.9157621586838856,325.4861921318832,323.38958051401926,0.27306177070133886,1.0986171938474247,7802.0,5916.0,,-408.19979273336287,-305.00035512665227,2,0,2,2022,jng,0
1,3,5,8.698303139043116,382.81319337175336,508.8068038709792,0.20291685826534242,1.4317145215131746,6013.0,6133.0,86.0,-381.8674026075478,352.29593205524,1,3,0,2024,mid,1
6,2,3,8.963935525779384,380.9260228820045,491.6228325196202,0.20844314820645776,0.9634842578542235,5736.0,,84.0,784.7517907084426,-192.04732863387258,1,2,0,2023,sup,0
6,2,11,8.29490515205557,306.3841684226309,620.9074298158057,0.32342687894291533,1.1250802802131699,5954.0,6821.0,98.0,,-594.941036680154,0,9,1,2023,sup,0
1,3,9,7.425759635384097,378.7745325144146,468.4799469406947,0.18054486838284636,1.734209497915179,5429.0,5460.0,116.0,-397.1575652276093,527.4213559728446,2,0,0,2022,bot,0
2,2,2,8.497122067097928,430.29233037583714,545.9483373154761,0.08784929413410275,1.525557941606732,6050.0,5991.0,98.0,427.1888524077807,-226.79770013986303,1,3,0,2023,jng,1
1,5,6,7.926743686424345,399.40099083202637,515.9456293522771,0.32109279857076084,1.2713342276306885,5342.0,6513.0,99.0,359.55849216671044,-418.5912231110095,0,0,2,2022,bot,1
2,2,5,5.219705532660337,240.74373527589773,366.4560347900701,0.1256851380297419,1.8326423487792223,6286.0,5049.0,93.0,-1246.8958708752975,-164.25793751062446,1,4,4,2024,bot,0
2,0,2,6.531809070652813,343.5862491800461,451.57145345353126,0.07550637496569848,1.3987042164249448,5185.0,6664.0,92.0,-287.11086795112794,334.9192144852612,0,2,2,2023,top,0
2,3,8,6.869955455153407,451.31722654105016,383.28971648752383,0.16198541478323672,1.4345111880526071,6166.0,6138.0,67.0,,489.8054095234514,3,1,0,2024,top,1
3,1,6,6.735921402879212,360.2663593457018,472.860407800366,0.09605392084568132,1.3746062099944538,5909.0,5009.0,94.0,-466.41031505617013,-76.69591718787717,0,2,1,2023,sup,0
3,5,4,6.893778910443251,332.6662322761274,519.7633935020913,0.20395287062698392,0.9761507599159973,6328.0,6559.0,109.0,261.43483359288837,779.5290408390173,4,2,2,2024,sup,0
4,1,7,8.244630616982953,471.1173291645515,440.7708451257131,0.26030976644338316,1.405180460506335,5721.0,5551.0,113.0,950.5059858007751,83.86015160685655,2,3,1,2023,bot,1
5,1,5,7.719950062877363,395.06844295659806,467.8343585553428,0.19667311187893044,1.4407489860120386,5907.0,5342.0,103.0,-151.90292820946433,-3.172694934783216,6,4,2,2023,bot,0
0,5,1,7.841488729264505,421.0226307019645,691.882166363384,0.24785072487040116,1.651211844861204,6394.0,6397.0,92.0,,-415.14680243975204,1,2,0,2023,sup,1
3,3,9,8.220108927133579,306.6042589127989,457.84427595977326,0.1400347872299933,0.5309622129385705,4548.0,6351.0,96.0,412.68245407016786,289.3658847130245,0,1,2,2022,bot,0
1,1,3,7.595010360285828,285.5977449533742,606.5916845518199,0.24330298198888495,1.4807304103500971,5513.0,,95.0,-180.6464968041908,,1,1,2,2023,bot,0
2,2,7,8.26428657701469,426.7096766331291,353.17093425252887,0.07059276242123269,2.058997122101008,6574.0,6463.0,113.0,-81.91758482842181,148.05715929653002,2,6,2,2024,mid,1
3,3,5,6.050494118134848,453.0377181923489,597.9523083139638,0.2275594141384798,1.276951851643836,,6095.0,95.0,50.147926841475595,47.844623110795965,2,1,1,2023,mid,0
4,3,5,9.572209337138124,388.60729597528376,623.7396083885826,0.09096696259942896,1.569629032731426,6088.0,,104.0,-84.31376233855974,449.8423811020425,1,2,1,2024,sup,1
2,0,4,5.6690935914309755,442.6048679365891,563.6283980380186,0.17398820990535682,1.6274302314000373,5020.0,5382.0,125.0,-211.37562244740394,-133.36798126073654,0,3,3,2022,mid,0
1,1,6,6.773118185068583,228.84777302563754,614.788351280105,0.2953420349873278,1.2430082599057546,5954.0,5606.0,117.0,512.9225226606718,36.160818471523,1,6,0,2022,jng,0
2,2,4,8.340297807920132,382.64624575416764,693.7692407686168,0.23536779160747787,1.489103191843597,5647.0,5891.0,103.0,-401.05078417995367,-297.08355060049985,1,2,2,2023,mid,1
2,3,7,8.604408031972678,432.71250025572147,573.6098611185419,0.3289247030710199,0.698447277825322,4766.0,5972.0,107.0,-811.0650478022425,-190.42560891446317,2,3,2,2023,top,0
1,5,2,7.862263999391181,306.8348274175257,895.9812385322722,0.20957581064243755,1.6318824367429972,6673.0,5942.0,95.0,400.4327787092788,9.021895600623623,1,3,1,2022,mid,0
2,4,3,6.549571466234887,365.3633759950538,540.6488109636864,0.2004102436462453,1.4933942640723545,6507.0,6527.0,113.0,-376.3539118328431,-418.4800256465335,1,0,0,2024,sup,0
4,13,3,6.803551437497989,295.0568077918566,521.2184907068138,0.16125263594992828,1.0621962375231373,4774.0,6086.0,87.0,,-166.51309125549454,2,1,1,2022,jng,0
4,2,5,7.119998992161876,403.678160889758,385.8720492038833,0.22058716341726708,1.3417798592582686,6085.0,5440.0,106.0,-104.8198494455989,-53.65982560236486,0,4,0,2024,sup,0
2,3,6,7.509941482547398,361.9750599986663,426.8451976087198,0.02,2.08559198874273,5948.0,5766.0,87.0,-33.50744589964191,272.16651401689705,1,2,2,2023,sup,1
4,0,8,6.067297158037463,325.3389111047961,388.2682797429944,0.3558149862145781,1.2900877387508485,6752.0,6033.0,100.0,-438.0639670715447,75.95455210192101,1,4,0,2023,mid,0
3,1,7,7.925428842479854,394.3536843842611,524.0844232238421,0.23060509039007793,0.8126586057359575,,5873.0,101.0,-181.3498677527163,,2,1,3,2023,mid,0
8,3,4,8.799390688624065,332.73303069782366,442.71515363088577,0.2502433188235971,0.8124831905916099,,5741.0,91.0,341.4842185298914,265.42660194355716,1,4,2,2023,bot,0
1,6,7,8.391849436624405,408.8004758118053,512.0217828516245,0.24235276666681502,1.149924817135495,5512.0,5987.0,99.0,366.0257232577799,,3,2,1,2023,jng,1
2,3,9,5.886317162769873,364.6842685665421,463.0957565631831,0.3048636899715427,1.7602111393798003,5730.0,6441.0,63.0,-521.1509456798591,-589.0453566047418,1,2,0,2024,sup,0
2,0,8,7.1630814812288985,301.7067857539524,579.5160628254886,0.25978161551335566,1.000481087554128,5644.0,5834.0,91.0,232.47655319601046,163.4951336630322,1,2,1,2024,sup,1
2,4,7,7.177282632549747,369.1730117175571,485.38766990180454,0.3040810261296776,1.3095259448362282,6756.0,5507.0,126.0,780.2798697513405,441.24857732590135,3,4,0,2022,sup,0
4,2,6,5.567609400308407,296.91207269074266,348.65004856090707,0.181772451834822,1.332414979377673,,6144.0,96.0,-246.36840531145515,,2,2,1,2024,sup,0
5,3,6,9.246808889791907,504.80813047840445,436.4995326180618,0.13767801118080714,1.8449983701903232,5696.0,5825.0,111.0,-588.0613564580461,432.3735771279296,1,3,0,2023,mid,1
4,3,6,8.058689883655028,359.936496210498,402.84562277360976,0.24145486683443296,1.4413746059639454,5516.0,6117.0,67.0,-88.37146484711008,394.3341369041778,0,1,1,2022,mid,0
1,4,12,9.773882573402874,420.93307019468955,667.8396126292449,0.2012802700135611,1.4306333139404903,5963.0,5942.0,96.0,211.05075251695615,350.1129289952568,3,1,3,2024,mid,1
2,3,7,8.187588123115905,401.7508788173755,399.23121305081474,0.23767320064897246,1.9272603777239699,6805.0,5749.0,101.0,-115.01982335767269,-1028.7418321594146,3,4,3,2023,sup,0
2,2,9,7.129066424405723,343.48323529829725,504.02677987708165,0.24500150520369388,1.5106423201872254,5672.0,6248.0,103.0,63.62812765584184,-242.46313570851638,0,1,1,2023,bot,0
2,1,8,7.7743802408898794,310.65250022689054,556.0485909880238,0.1609148850774703,1.9705945535938971,5206.0,,109.0,-1114.3517509043907,358.6447617196929,1,3,1,2023,mid,0
2,2,4,7.270365019604783,453.54478272900855,500.5731179065037,0.26638160137508365,1.5789657479392518,5489.0,5821.0,108.0,535.3927319531488,-295.4112408339853,1,3,1,2024,bot,0
1,3,7,8.227133734151638,404.6524812230995,604.8503573137117,0.23002306681509224,1.485382132437124,6732.0,6045.0,95.0,-631.8298074318226,262.31975914756447,2,0,1,2023,bot,1
2,4,8,8.122267934808479,406.5326875190219,555.9723098044924,0.2290944333321154,0.8646512012376881,,6155.0,97.0,377.6995406358725,-265.6105703724087,1,1,0,2024,bot,1
4,2,8,5.779306188303174,332.44902581611905,315.86844021287754,0.1545891380480655,0.9457072994519731,3875.0,6424.0,116.0,174.74498634237207,-456.34573954203364,2,3,2,2022,sup,0
6,1,10,8.518358413267718,380.09610902499196,493.4576774662487,0.23645525692280686,0.7788460225437022,5906.0,6570.0,61.0,-458.1319904944788,,0,3,1,2023,top,0
4,3,8,7.3724247583487,392.7824365330442,604.9047052683673,0.1876532057799308,1.2333125185487874,5585.0,6794.0,105.0,732.6670232117954,-306.83845961613224,1,3,2,2024,sup,0
2,1,12,8.703712384069348,445.9831134740796,505.1669215798182,0.22927067708787183,1.2704909782153941,5222.0,5479.0,83.0,1039.7404589310618,736.6565887494162,1,3,1,2022,top,1
3,4,10,7.972976222552024,394.5516602525777,707.8094765882566,0.16803488099862568,1.321401244627466,5019.0,5472.0,118.0,618.5358781321746,357.9386595688124,2,2,1,2023,mid,1
3,3,11,6.99261346520819,374.14411362894606,629.4182981673533,0.21568755210315743,1.317080110389557,6393.0,5615.0,96.0,-357.00902233062675,177.60230556804854,2,4,1,2024,mid,1
4,3,8,8.277152673733584,415.50201892988525,616.0721774576807,0.04666537952165303,1.151406170372955,,5863.0,106.0,-270.44093960871095,-7.629662272088183,1,3,4,2023,mid,1
3,2,6,8.796494434255033,366.7837123654037,867.4621854498826,0.22589800175850538,1.1281410050457685,6153.0,6437.0,111.0,188.84195690061352,-152.14825660760664,2,2,2,2023,mid,1
1,1,8,6.115346318756913,421.72191503743545,377.79772622796884,0.2738375722832288,0.8303353187835728,5608.0,6192.0,92.0,491.36046872417313,318.0079976986552,2,3,0,2023,sup,1
2,2,8,6.24606324124069,345.1705513034173,429.2670208609819,0.3250780238585168,1.3330765994039466,5704.0,6176.0,106.0,-21.645121867695728,268.72500815244524,1,3,1,2024,jng,0
5,3,7,9.131110470436823,315.59560822384526,625.6942472991061,0.27290754585557836,0.9359709892989114,5358.0,6291.0,120.0,-527.267434436827,-81.96272346299068,3,2,0,2022,top,0
4,1,5,8.103848970322405,334.2083210405251,363.60659772146323,0.20347685974138055,1.2239036768267333,4777.0,6035.0,95.0,895.2371122081194,433.11411266729385,1,1,1,2024,bot,1
7,3,5,8.194408067179621,326.7911004058772,410.4846967003891,0.3157315653215723,1.22566890159088,5455.0,6099.0,119.0,404.3000393367397,-512.1685264319864,1,2,1,2024,sup,1
2,3,5,8.43711371443876,429.43469609291134,439.9220905341501,0.23285530797426615,1.1817153946838215,4501.0,6559.0,123.0,80.50849473102188,632.2220458369092,1,0,0,2022,jng,1
5,3,8,7.872895625848528,309.897789585646,269.7106097070879,0.21066482720424506,1.1809258013265604,5356.0,5805.0,114.0,299.5447213674734,10.98629402680055,0,0,0,2022,mid,0
6,0,6,8.637201196576656,408.03110177495665,674.8222509513648,0.23889637501645333,1.8138600181417421,5914.0,5548.0,89.0,-771.9541393823696,-36.98515679235325,0,2,0,2024,jng,0
2,2,5,8.459919503316991,469.29318475186176,537.1166134378641,0.2777379551022934,1.4843765623024896,5060.0,5968.0,100.0,-776.2233255941849,,4,2,4,2023,bot,0
5,1,5,8.525511066739833,391.8565581378948,579.9549551780248,0.17393879477457702,1.451766478381496,6224.0,6713.0,123.0,159.62298462027428,-269.13314833111843,0,4,2,2023,jng,1
2,0,2,7.164510628645994,399.00583934198323,367.21218009816494,0.29598432852716405,1.9315265769565668,5649.0,6554.0,104.0,625.0916190237974,335.92704844606044,1,5,1,2022,bot,1
2,3,10,6.272306444220088,397.4724766491729,465.3377415317666,0.23376001659915496,1.5005107241508913,6513.0,5707.0,75.0,692.7996385884818,-76.39314940582369,1,3,0,2024,top,1
2,3,8,6.77285663269362,395.4042697937807,289.8428288725888,0.25909648528977963,1.3923911147034538,,6029.0,107.0,,432.5063340585383,0,5,1,2023,top,0
5,0,8,8.47190165918501,383.16678020538893,717.5239135953672,0.38251252316333617,2.1680913564818414,5204.0,6772.0,91.0,184.90425082520628,-83.55861177672867,2,5,1,2022,bot,1
3,0,5,8.536472431398686,373.4173872264181,376.45714290881835,0.20073638321218895,1.0661549684902327,5249.0,5914.0,106.0,-740.4340576014697,-37.79557566780011,0,2,0,2023,sup,1
6,3,6,8.41655012552454,387.31839656049664,290.60009674221794,0.2069655229403678,1.8764716779029855,5173.0,5816.0,97.0,114.7799643505681,616.4645628124302,3,2,3,2022,sup,1
0,3,6,6.655779797264046,395.1270769617247,450.0965630104655,0.2713031049463889,1.530972237670111,5407.0,5600.0,78.0,99.14298071408521,-295.97700748041257,4,3,2,2022,bot,0
3,6,1,8.31794291267339,438.711074133787,620.9087895467521,0.14946345049476484,0.9007448388767214,5427.0,5471.0,74.0,275.51421698056487,297.0605966744065,2,0,2,2022,bot,1
3,0,6,5.351191245851652,326.19592259165006,518.322380539357,0.1703489207752435,1.3130372172433575,5122.0,6459.0,87.0,-96.26217760229774,355.13129090170605,3,1,1,2023,jng,0
3,3,10,7.199264501364876,321.56398004189185,703.4117189223866,0.28515171079108703,1.2107687722101899,6181.0,6356.0,106.0,156.95424336435025,-350.8061826348832,2,1,0,2022,mid,0
6,0,2,9.097908996582857,277.13845940704533,725.4052478767569,0.25529261353788496,1.036180462336738,5556.0,5529.0,99.0,-747.1604420385971,-70.48959074550896,0,2,2,2024,top,1
4,1,6,6.182272984881755,357.9032156903798,581.3566526261709,0.2521453621879532,0.9991251821894902,6610.0,5757.0,89.0,-463.46729182256297,-376.4562432048146,3,0,1,2022,sup,0
4,1,7,7.038481874359399,301.4670591598084,540.7806592298922,0.1986720556377809,1.6656582427899136,,6119.0,103.0,482.3031434290157,880.9896997230331,2,3,1,2024,mid,0
4,2,8,8.597305764908235,450.72869518910585,683.6856793210602,0.1960204644720833,1.269724030329555,5376.0,5929.0,88.0,-54.121107712516306,192.54158997679366,1,3,2,2022,mid,0
4,3,6,10.200207640663905,317.7828778395419,695.2203174825147,0.11738958700032154,1.1609612175509567,6013.0,5705.0,96.0,565.8070623503652,-182.84331940832777,2,5,2,2022,jng,1
5,3,1,7.647658188404265,414.1867232172271,452.01027022561505,0.3391021832803757,1.068653759409099,,6398.0,98.0,499.58128380809046,293.87957697317233,1,2,4,2023,jng,0
1,4,7,9.516901531745052,365.57521605609634,531.3110176248646,0.31339061790156897,1.6506086832840092,,5843.0,82.0,-323.2946770427279,472.3282448943072,1,3,0,2024,mid,1
3,4,6,7.925040871282576,331.58207978909246,397.1134377837982,0.23000163789798989,1.3343201084723022,4372.0,4846.0,73.0,333.0490253597461,,2,1,3,2023,top,0
4,2,4,7.410354062954586,393.45391321228124,294.8533371404642,0.1154846584672255,1.442117319660065,4448.0,5715.0,123.0,-471.34547730673285,28.937042288164662,1,1,3,2022,jng,1
4,3,14,8.360028107042144,366.27068243531784,497.19294128131673,0.36436204075705203,1.684341574249012,5951.0,6219.0,98.0,-163.44936223667776,-554.6952512313694,0,4,2,2024,mid,0
2,3,11,8.465894172286617,300.2022610694601,479.6899278907978,0.14537954915399054,1.0193952534044262,6489.0,6213.0,,-338.8827036783348,57.77701699027598,2,0,1,2024,sup,1
4,6,2,9.356710246831149,372.38808246277654,613.9980548735631,0.30844024576631424,1.2181734131770154,4775.0,6151.0,87.0,384.74313950358845,216.0102760430085,1,2,0,2022,mid,1
1,2,8,6.786313035236674,464.14955940477205,535.9795346359431,0.36513856270182277,1.7065064431376813,5647.0,5672.0,95.0,146.09012195961054,,0,2,1,2023,top,1
3,2,3,6.1060425257078785,418.56981149610704,452.6115415403983,0.24665953817152197,2.127451948602004,6714.0,6429.0,92.0,70.72481183463972,232.8714219879506,2,1,1,2023,sup,0
1,2,6,6.335813143277211,261.58232583844585,488.973687474514,0.12645394325751338,1.916186737329793,5375.0,5965.0,92.0,149.11827377608128,-162.2604521078219,1,2,1,2023,mid,0
2,3,2,8.50776586961197,403.3532574442475,262.8988295770456,0.2709648909606736,1.4987591947592733,4688.0,6102.0,112.0,144.80359481597895,-82.0832082091105,0,5,2,2023,sup,0
5,4,4,5.5696296778012595,281.5927637259372,818.0230026525217,0.17066606515832883,1.7124009793241377,5372.0,6082.0,102.0,-260.32628114310216,-129.4222305154728,0,1,1,2024,jng,0
2,1,5,7.8497561109533525,340.21847277045896,602.2368408831389,0.24890768828357654,2.0660818767398186,5834.0,6122.0,78.0,309.07060977547036,-215.85252013316327,2,2,1,2024,sup,0
5,0,6,9.472347580247067,301.80603800911666,369.85371394696534,0.28705399848408675,1.6251977494841925,6420.0,6035.0,101.0,65.72842197863775,250.68826244345192,0,2,1,2023,top,1
3,3,10,7.270806855355488,287.4792753644901,469.6083322959816,0.20141201627125527,2.0555057293932038,6291.0,5460.0,124.0,-347.0520201929211,,0,3,0,2024,jng,0
4,1,4,6.728889268407179,435.49332046158713,756.4714315635767,0.21744971404147095,1.3462681515584385,5764.0,5406.0,72.0,188.10810179009832,97.68786793786239,1,1,1,2024,jng,0
2,0,7,7.671183148978769,377.61762914946956,454.8472879278824,0.348109061529043,1.2412183033037523,5720.0,5747.0,94.0,715.7089778196794,-237.16454229927524,0,0,4,2024,bot,1
5,5,4,6.115521746176123,281.43081746987366,587.5249055761277,0.28781166928003993,1.6348190780586433,5726.0,5450.0,81.0,511.7343324551449,248.41467445882535,1,1,0,2022,mid,0
4,3,2,7.234466588385495,362.5154773598189,710.3654684143876,0.26717939812640645,1.6923001851576542,6254.0,6149.0,130.0,317.79786076986284,-283.2347805080485,3,1,3,2022,jng,0
5,1,6,6.475242325088758,376.2269796038357,660.5863168955785,0.0736222746703665,1.0381577803513724,5857.0,6270.0,105.0,272.1621650650302,798.9623301530122,1,6,1,2024,mid,0
2,2,3,8.119847543756118,367.2112996393458,557.4700760640407,0.25665501174359995,1.2217363776466321,5225.0,,108.0,-540.954081286947,-39.71319263835761,2,2,5,2023,jng,0
5,3,11,6.419791272229588,414.8362692613167,442.58808262779337,0.18844417782261602,1.188264452093207,7104.0,6151.0,111.0,-159.03479757807528,-142.31474823611518,1,6,5,2023,sup,0
3,2,9,7.991186893124035,348.21779766382724,446.26710974694254,0.14398014280548135,0.8906151638005709,5847.0,5574.0,122.0,-666.7484333338341,-826.189429023907,1,2,4,2024,mid,0
3,3,6,8.679068959446832,380.86846127886156,663.8236374128735,0.13149471058791617,1.5162023601337489,5851.0,5678.0,111.0,214.38676683575574,,3,3,2,2024,sup,1
2,2,11,6.722039069092585,370.0935136098442,541.1291265796586,0.36474025113810005,1.6394226077519296,5885.0,,96.0,-120.49910300971263,-60.16120511673827,1,3,1,2023,sup,0
4,5,5,6.563819174442269,315.83687110335075,409.8053086989121,0.16532756365488366,1.3818504030975725,5428.0,5358.0,126.0,365.4766419252001,-204.16423594475714,2,2,0,2024,bot,0
3,5,9,8.461282330786533,389.61864566489555,559.0693145421358,0.1777798433948549,1.428862326429738,6747.0,6152.0,83.0,98.58071124164204,446.8650260101669,0,1,0,2022,jng,0
1,4,5,8.770376870422814,386.7767266003771,706.1960539803312,0.1759871360481876,1.068047802459075,,6544.0,63.0,-28.59379590228889,175.2873087086992,0,2,0,2022,bot,1
3,1,9,6.975383498078281,379.31828046488346,390.60357600939614,0.24494282314562932,0.9565812015568778,5295.0,5704.0,101.0,18.89983493561249,81.12220521454165,4,5,1,2022,top,1
0,3,4,7.489827199079155,404.0116299430893,548.1601763296878,0.2444682367960388,1.5872240033584786,6693.0,5429.0,92.0,-506.7289702721583,-208.984363072091,3,3,2,2023,sup,0
2,4,5,7.989800747974683,357.00720798372464,436.07382640367456,0.21137123351462236,1.1331104228183502,6115.0,5051.0,93.0,35.74805857858223,-534.8667951738937,0,0,4,2023,mid,0
6,3,2,8.305150844167807,354.3538569267885,272.65024442920713,0.19707961621532563,1.2757706565804154,6388.0,6227.0,97.0,79.39462850328812,792.4067224842037,0,4,0,2022,bot,0
2,1,6,6.155131967408908,336.15197273450326,540.4708667627586,0.28045477715992606,0.9607423543165421,5731.0,6172.0,101.0,-289.67570025790553,-364.73438941934864,3,2,2,2023,jng,0
0,0,4,6.77742550840372,381.96816438915005,377.4925835352235,0.32631104508496456,0.7997317540952843,6582.0,5810.0,113.0,-400.43670514735174,-61.77662167470419,0,2,0,2023,top,0
1,4,7,7.838544869358792,384.6653908842689,343.9935467158059,0.21802608885364796,1.5242323838156082,6339.0,6217.0,90.0,79.46405322975392,100.32844216455422,2,5,0,2022,jng,0
4,0,8,5.194326617322945,314.1781859382703,659.8307182733045,0.21779674370693713,1.7760427249801853,4974.0,6327.0,95.0,168.3964523550313,-313.5264950301693,2,1,1,2024,jng,0
2,4,6,7.195234447250581,371.9843137686348,379.2374881560709,0.2717423545997658,1.5166702460617836,5400.0,5300.0,107.0,601.1195105665944,278.5761373108509,4,1,0,2023,bot,1
4,6,8,6.627996906057639,374.3319304309192,561.0267646177776,0.1951551618537157,0.9395017840346344,,4953.0,,150.81640131892647,193.54861366058933,1,1,2,2023,sup,0
5,3,4,8.784369666832644,391.5178230909991,660.8878495389738,0.24870307377168022,1.266144565898115,5061.0,5704.0,86.0,-542.7282831727266,238.00961654672926,1,1,4,2023,bot,0
3,1,5,6.847002214484908,378.40782936967355,438.547319590975,0.2775696272871666,1.503407760154871,5832.0,5748.0,127.0,-238.30296707940124,201.85402683275078,3,5,2,2023,jng,0
2,3,5,6.064299406222784,288.8493563069783,615.6541601605321,0.24705375467356272,1.1659981975563976,6078.0,6729.0,111.0,,346.8049021102598,2,6,0,2022,bot,0
4,5,5,6.316584757211746,416.7125589684821,449.9309186986144,0.17369865786900154,1.9527942458199186,7082.0,5779.0,102.0,-322.72091205606,-104.70774896722729,0,1,1,2024,jng,0
2,2,10,7.862731843483944,463.5868269271684,790.3916893455339,0.1734475628774326,0.9728776359977064,4963.0,5681.0,74.0,-61.37557099024684,-687.8486965127951,1,2,2,2024,bot,1
2,2,6,5.9091895716778495,386.54107483663887,564.8811994842365,0.26293055184464986,1.8067611085506674,,6096.0,76.0,-384.74955391659824,-522.7263090304997,2,2,2,2023,bot,0
7,4,6,6.971431003726673,364.8406656676001,537.490141108828,0.2880426279841056,1.9404640499244517,5301.0,5892.0,93.0,79.91227469146062,25.671566100601936,6,6,0,2022,bot,1
2,2,4,6.2333281304630574,397.614118001568,471.48536989997876,0.2980525614292857,1.19318410992082,6381.0,4733.0,93.0,162.9113286910598,171.67567982718433,1,2,1,2023,top,1
0,3,6,9.858858530271066,409.2006476401904,478.0612648726057,0.3392942113573503,1.4065892248170935,6168.0,6510.0,,1050.5953071150225,93.26473571836154,0,8,2,2023,jng,1
3,2,10,8.57623249806767,295.355354324819,582.0985335385205,0.42481610797475255,1.5880920827242138,6581.0,5976.0,119.0,-166.20157083693033,-398.9216568890935,0,2,1,2022,top,0
2,1,4,6.83654113532556,355.75848588980136,500.74582981700655,0.17316173788160466,0.8631567779674658,6575.0,6421.0,107.0,477.9663208291046,-453.5925271111083,4,1,0,2024,sup,0
7,6,3,5.697347159860099,298.51134103727424,473.2679925290098,0.18859911470358787,1.3469894077022753,5404.0,5464.0,114.0,881.1058730671155,71.31155413276426,0,4,0,2024,mid,0
4,2,6,7.709655998318324,392.8517557926067,197.26919173388137,0.34983516820755645,0.9659986738263231,,6604.0,112.0,-416.79024631782124,-349.73057519683687,2,4,0,2024,bot,0
1,0,6,8.35806914969738,400.4824458718805,617.0465606249564,0.35678018348397894,1.8066330872568968,5924.0,5544.0,103.0,208.22531172494888,-222.0027526181999,2,0,2,2024,sup,0
3,4,6,8.887682037156122,397.12889586562676,529.327914767477,0.13362150830352285,1.0889816483181916,6243.0,6079.0,112.0,979.0371586155443,-423.77842740381317,1,5,3,2023,jng,0
0,1,1,7.893092980313916,395.18841908894956,443.3139209346198,0.322974311767163,1.6281010165518022,,,92.0,-71.3459536592282,147.38944137419404,1,1,1,2024,jng,0
